Date,Opens at:,Closes at:,Highest at:,Lowest at:,Volume Traded:,Market Cap:
5/2/2020,12.17,12.86,12.10,12.75,699667651,899691108,
4/2/2020,11.88,12.30,11.57,12.17,525024477,858792142,
3/2/2020,12.07,12.27,11.78,11.88,504085310,838234563,
2/2/2020,11.44,12.48,11.25,12.07,610120618,851110871,
1/2/2020,11.48,11.62,11.23,11.44,447550231,806924085,
31/1/2020,11.75,11.75,11.15,11.47,474698228,809033027,
30/1/2020,11.24,11.80,10.93,11.74,512721541,828379423,
29/1/2020,11.39,11.69,11.25,11.25,470616230,793310167,
28/1/2020,11.12,11.39,11.03,11.38,456766140,803023012,
27/1/2020,10.79,11.27,10.72,11.12,486387846,784454525,
26/1/2020,10.37,10.79,10.31,10.79,404980625,761197052,
25/1/2020,10.54,10.55,10.25,10.38,385598906,732042427,
24/1/2020,10.60,10.67,10.18,10.54,431976783,743631121,
23/1/2020,11.25,11.26,10.44,10.59,469032837,747269106,
22/1/2020,11.21,11.36,11.15,11.24,427437898,792531607,
21/1/2020,11.14,11.29,10.90,11.22,439099246,791311089,
20/1/2020,11.23,11.33,10.87,11.14,457576088,785962924,
19/1/2020,11.90,12.16,10.88,11.24,565130675,792985473,
18/1/2020,11.88,12.30,11.35,11.90,640055893,839211044,
17/1/2020,11.28,11.93,11.18,11.89,613650220,838848785,
16/1/2020,11.41,11.55,10.78,11.27,557155121,795027478,
15/1/2020,11.22,11.89,10.89,11.42,688138212,805615914,
14/1/2020,10.06,11.57,10.04,11.24,682255589,792731466,
13/1/2020,10.28,10.30,9.81,10.06,403409327,709734345,
12/1/2020,9.72,10.41,9.67,10.27,459127690,724098648,
11/1/2020,9.86,9.99,9.60,9.72,423065242,685741235,
10/1/2020,9.44,9.86,9.09,9.86,409988928,695690645,
9/1/2020,9.52,9.52,9.36,9.44,357091292,665893525,
8/1/2020,9.82,10.10,9.43,9.53,470741967,671929024,
7/1/2020,9.78,9.91,9.45,9.82,479929669,692822056,
6/1/2020,9.08,9.82,9.07,9.77,486188491,689404655,
5/1/2020,9.14,9.33,9.05,9.07,406708915,639703566,
4/1/2020,8.89,9.15,8.82,9.15,358861190,645616187,
3/1/2020,8.50,9.03,8.38,8.89,371142358,626917156,
2/1/2020,8.85,8.85,8.44,8.49,327241775,599152620,
1/1/2020,8.68,9.00,8.63,8.85,340927447,624197831,
31/12/2019,9.02,9.08,8.63,8.69,355254392,612871331,
30/12/2019,9.25,9.32,8.95,9.02,383434459,636276389,
29/12/2019,8.79,9.39,8.77,9.25,440624015,652749972,
28/12/2019,8.78,8.86,8.72,8.79,343732112,620317955,
27/12/2019,8.56,8.87,8.55,8.78,355073901,619384106,
26/12/2019,8.69,8.79,8.56,8.56,366442609,603779090,
25/12/2019,8.79,8.80,8.53,8.69,386405336,613130765,
24/12/2019,8.58,8.95,8.52,8.78,412815357,619159028,
23/12/2019,8.92,9.02,8.57,8.59,431188130,605672723,
22/12/2019,8.56,8.92,8.56,8.92,407879217,628873655,
21/12/2019,8.66,8.66,8.48,8.56,363824020,603956214,
20/12/2019,8.66,8.72,8.54,8.65,380714679,610463412,
19/12/2019,8.81,8.87,8.49,8.67,405643371,611376701,
18/12/2019,7.90,8.87,7.83,8.80,511424967,621082813,
17/12/2019,8.40,8.44,7.80,7.90,423480194,556951504,
16/12/2019,8.97,9.03,8.35,8.40,436140051,592532816,
15/12/2019,8.87,9.02,8.51,8.96,426974845,632257321,
14/12/2019,8.91,9.18,8.75,8.87,442529018,625432901,
13/12/2019,8.68,9.13,8.63,8.91,427290538,628843465,
12/12/2019,8.54,8.69,8.41,8.67,452828640,611747342,
11/12/2019,8.62,8.73,8.47,8.54,299233990,602715080,
10/12/2019,8.79,8.79,8.52,8.62,307202597,607764044,
9/12/2019,9.09,9.15,8.73,8.79,292727008,619772885,
8/12/2019,8.99,9.22,8.87,9.09,305831753,641236530,
7/12/2019,8.77,9.26,8.77,8.99,332957949,634037458,
6/12/2019,8.82,8.86,8.68,8.77,297307062,618481282,
5/12/2019,8.70,9.08,8.57,8.81,328984103,621448861,
4/12/2019,8.99,9.09,8.63,8.72,335103295,614878794,
3/12/2019,8.97,9.19,8.82,8.99,303309098,634275741,
2/12/2019,9.28,9.36,8.86,8.97,335056258,632766865,
1/12/2019,9.37,9.50,8.98,9.29,313468750,655229253,
30/11/2019,9.77,9.89,9.27,9.38,367196454,661333408,
29/11/2019,9.33,9.90,9.32,9.76,381982780,688774821,
28/11/2019,9.49,9.65,9.30,9.32,349185109,657404641,
27/11/2019,9.31,9.69,8.86,9.49,410238361,669553971,
26/11/2019,9.13,9.41,9.03,9.34,372281335,659096090,
25/11/2019,9.16,9.51,8.41,9.13,446997610,644270091,
24/11/2019,10.14,10.14,9.15,9.15,400062693,645495988,
23/11/2019,9.70,10.17,9.52,10.14,434460433,715096285,
22/11/2019,11.06,11.19,9.38,9.70,543155922,683948868,
21/11/2019,11.55,11.59,10.67,11.06,504284931,780164032,
20/11/2019,11.80,12.10,11.42,11.55,485322430,814828656,
19/11/2019,11.48,11.86,11.17,11.79,498226128,831577955,
18/11/2019,12.17,12.18,11.26,11.48,468423965,810097168,
17/11/2019,12.47,12.48,12.10,12.17,411707985,858760423,
16/11/2019,12.05,12.61,11.92,12.47,423454412,879858648,
15/11/2019,12.73,12.94,11.88,12.05,494087825,849891531,
14/11/2019,13.20,13.38,12.59,12.72,544059923,896961112,
13/11/2019,12.14,13.42,12.02,13.20,639687544,931143540,
12/11/2019,11.17,12.51,11.16,12.15,682544643,856946892,
11/11/2019,11.05,11.42,10.67,11.17,457016653,787887271,
10/11/2019,10.70,11.28,10.64,11.05,422163610,779188900,
9/11/2019,10.66,10.82,10.60,10.69,355876094,754069959,
8/11/2019,11.19,11.22,10.49,10.67,435911575,752520436,
7/11/2019,11.10,11.23,10.81,11.20,446206619,789893852,
6/11/2019,11.18,11.36,11.01,11.10,458272027,783131127,
5/11/2019,11.46,11.46,11.04,11.18,510035838,788868269,
4/11/2019,11.07,11.66,10.99,11.46,534808365,808054262,
3/11/2019,11.02,11.17,10.75,11.07,463777668,781207003,
2/11/2019,10.65,11.32,10.64,11.02,532232113,777315201,
1/11/2019,10.62,10.73,10.37,10.65,461750014,751172316,
31/10/2019,11.28,11.38,10.30,10.62,559840042,749249755,
30/10/2019,10.79,11.53,10.18,11.26,646768897,794599652,
29/10/2019,10.78,11.31,10.44,10.77,586713879,759982280,
28/10/2019,11.54,13.18,10.49,10.78,970711177,760679061,
27/10/2019,9.09,12.32,9.09,11.54,1153240925,814128670,
26/10/2019,7.81,9.07,7.81,9.06,601179932,639124612,
25/10/2019,7.05,7.82,6.91,7.81,335186191,550904572,
24/10/2019,6.92,7.12,6.82,7.04,229632843,496881975,
23/10/2019,7.30,7.31,6.77,6.93,257772716,488566666,
22/10/2019,7.43,7.53,7.30,7.30,230969582,515099459,
21/10/2019,7.32,7.47,7.25,7.43,240894924,524010859,
20/10/2019,7.16,7.38,7.10,7.32,217855921,516543260,
19/10/2019,7.14,7.22,7.10,7.16,209238234,504755827,
18/10/2019,7.29,7.34,7.03,7.13,227534484,502976612,
17/10/2019,7.05,7.29,6.95,7.29,227322674,513996110,
16/10/2019,7.41,7.48,6.89,7.05,260428217,496963710,
15/10/2019,7.51,7.59,7.31,7.40,253780233,522214540,
14/10/2019,7.35,7.50,7.33,7.47,236139714,526945921,
13/10/2019,7.29,7.51,7.27,7.35,226085348,518535834,
12/10/2019,7.31,7.44,7.26,7.30,233242583,514654844,
11/10/2019,7.51,7.61,7.30,7.31,263183654,515581815,
10/10/2019,7.80,7.81,7.42,7.51,263834330,529840871,
9/10/2019,7.56,7.82,7.46,7.80,285281425,550109041,
8/10/2019,7.53,7.62,7.39,7.56,219794931,533365683,
7/10/2019,7.24,7.59,7.18,7.52,258797335,530480482,
6/10/2019,7.37,7.41,7.16,7.24,229672034,510992646,
5/10/2019,7.43,7.47,7.25,7.36,228270593,519156687,
4/10/2019,7.37,7.52,7.28,7.43,238289706,524214242,
3/10/2019,7.66,7.67,7.25,7.36,234976156,519453176,
2/10/2019,7.53,7.67,7.40,7.67,248434248,540742563,
1/10/2019,7.60,8.02,7.51,7.53,297675738,531422540,
30/9/2019,7.18,7.60,7.00,7.60,307006068,536176066,
29/9/2019,7.37,7.38,7.04,7.18,262781713,506745353,
28/9/2019,7.40,7.57,7.26,7.37,272160071,520220232,
27/9/2019,7.18,7.48,7.07,7.39,296984930,521071247,
26/9/2019,7.49,7.53,6.83,7.18,313793759,506443030,
25/9/2019,7.32,7.60,7.04,7.50,339839046,529094606,
24/9/2019,8.66,8.79,7.12,7.32,340879542,516448197,
23/9/2019,9.13,9.15,8.65,8.66,269956482,610759543,
22/9/2019,9.45,9.45,9.07,9.12,267115363,643616174,
21/9/2019,9.56,9.66,9.42,9.45,263220495,666633329,
20/9/2019,9.76,9.79,9.40,9.55,291595780,673661281,
19/9/2019,10.16,10.17,9.41,9.74,366588908,687354952,
18/9/2019,9.58,10.34,9.57,10.15,355948660,716290076,
17/9/2019,9.10,9.82,9.09,9.58,320017640,675511639,
16/9/2019,9.12,9.26,8.96,9.09,249030469,641280813,
15/9/2019,9.13,9.19,9.06,9.11,221001646,642481534,
14/9/2019,8.96,9.19,8.92,9.13,231388006,644210100,
13/9/2019,9.03,9.06,8.86,8.96,221836448,632317580,
12/9/2019,8.84,9.06,8.78,9.04,237762587,637495426,
11/9/2019,8.88,8.97,8.73,8.82,237069094,622279987,
10/9/2019,9.13,9.21,8.78,8.87,235097643,625901566,
9/9/2019,9.31,9.35,8.90,9.13,251167103,644141112,
8/9/2019,9.13,9.33,9.05,9.30,242131523,656020815,
7/9/2019,8.74,9.24,8.73,9.13,246660018,643766785,
6/9/2019,9.01,9.28,8.70,8.74,268067859,616166487,
5/9/2019,9.08,9.09,8.81,9.01,237600624,635253717,
4/9/2019,9.30,9.31,9.02,9.09,230107282,640861597,
3/9/2019,9.15,9.37,9.09,9.30,241655994,655888043,
2/9/2019,8.80,9.23,8.77,9.15,227666511,645598698,
1/9/2019,8.82,8.89,8.69,8.80,202957135,620552317,
31/8/2019,8.76,8.90,8.63,8.82,216947467,622362487,
30/8/2019,8.77,8.92,8.69,8.76,214238128,618155575,
29/8/2019,9.15,9.15,8.57,8.77,250243082,618942710,
28/8/2019,9.59,9.63,9.06,9.15,261538515,645085931,
27/8/2019,9.84,9.86,9.51,9.59,229267697,676288070,
26/8/2019,9.65,9.91,9.65,9.85,247179371,694491756,
25/8/2019,10.13,10.14,9.51,9.66,238063246,681634894,
24/8/2019,9.91,10.28,9.67,10.13,262868658,714215772,
23/8/2019,9.82,10.05,9.70,9.91,244227518,698942894,
22/8/2019,9.42,9.90,9.26,9.82,279677040,692844510,
21/8/2019,9.91,9.93,9.24,9.42,272825976,664677177,
20/8/2019,10.15,10.17,9.77,9.90,237645792,698240395,
19/8/2019,9.88,10.17,9.84,10.17,239845356,717054208,
18/8/2019,9.67,10.06,9.57,9.88,232179408,696953952,
17/8/2019,9.84,9.87,9.53,9.68,231786463,682891038,
16/8/2019,9.92,10.03,9.52,9.84,282250238,694049270,
15/8/2019,9.39,10.00,9.20,9.92,308542813,699682212,
14/8/2019,10.47,10.47,9.36,9.38,268690818,661676695,
13/8/2019,10.69,10.71,10.27,10.49,218432095,739752458,
12/8/2019,11.08,11.08,10.66,10.69,215249968,754208651,
11/8/2019,10.61,11.10,10.60,11.09,249570405,782180246,
10/8/2019,10.39,11.15,10.36,10.60,307415114,748030850,
9/8/2019,10.87,10.88,10.24,10.39,269599467,732956903,
8/8/2019,11.32,11.34,10.60,10.87,275502109,766932216,
7/8/2019,11.34,11.56,11.16,11.32,271679897,798655075,
6/8/2019,12.08,12.66,11.17,11.33,306890935,799497447,
5/8/2019,11.93,12.66,11.93,12.07,351665015,851384115,
4/8/2019,12.11,12.33,11.81,11.95,253636013,842787101,
3/8/2019,11.67,12.12,11.65,12.06,245715715,850902916,
2/8/2019,11.89,11.98,11.53,11.67,256869659,823225890,
1/8/2019,11.74,11.88,11.38,11.88,266163364,837781927,
31/7/2019,11.26,11.94,11.26,11.73,303077876,827295742,
30/7/2019,11.28,11.40,11.03,11.25,230896499,793623865,
29/7/2019,11.27,11.50,11.10,11.27,244505932,795250895,
28/7/2019,11.35,11.49,10.81,11.25,261530492,793796259,
27/7/2019,12.00,12.29,11.14,11.34,276870039,799674684,
26/7/2019,11.97,12.08,11.68,12.01,257532219,847070351,
25/7/2019,11.81,12.39,11.76,11.95,307694366,843200153,
24/7/2019,11.27,12.00,10.87,11.81,347400345,833285638,
23/7/2019,12.07,12.08,11.23,11.27,325503669,794983895,
22/7/2019,12.96,13.07,11.70,12.08,337883306,852144783,
21/7/2019,13.42,13.63,12.53,13.00,357555200,916839610,
20/7/2019,13.00,13.78,12.84,13.44,436655447,948046583,
19/7/2019,13.07,13.19,12.26,13.01,466922131,917902810,
18/7/2019,10.79,13.38,10.60,13.08,634211073,922522196,
17/7/2019,10.23,11.26,9.79,10.79,483187310,761161962,
16/7/2019,12.34,12.59,10.16,10.25,430843072,722751247,
15/7/2019,12.10,12.50,11.40,12.37,495949483,872296558,
14/7/2019,14.19,14.29,12.00,12.09,497474370,852593627,
13/7/2019,15.40,15.42,13.61,14.16,485291918,999127719,
12/7/2019,14.62,15.51,14.39,15.40,474530232,1086327875,
11/7/2019,16.23,16.23,14.34,14.61,523791811,1030535909,
10/7/2019,17.27,17.43,15.58,16.23,562494202,1144532686,
9/7/2019,17.58,17.99,17.20,17.28,479207011,1219160692,
8/7/2019,17.22,17.64,16.89,17.57,446708712,1239022781,
7/7/2019,16.82,17.25,16.58,17.24,472904349,1216041948,
6/7/2019,17.02,17.47,16.76,16.82,493266969,1186380260,
5/7/2019,17.08,17.45,16.80,17.05,492532481,1202705209,
4/7/2019,18.00,18.08,17.09,17.10,518179356,1205943576,
3/7/2019,17.89,18.11,17.34,17.97,627606939,1267888564,
2/7/2019,16.86,18.21,16.08,17.86,747392749,1259856909,
1/7/2019,16.68,17.20,15.53,16.87,678020978,1190105626,
30/6/2019,18.48,18.55,16.71,16.71,637139053,1179050781,
29/6/2019,18.18,18.98,17.36,18.50,721851191,1304809784,
28/6/2019,16.95,18.63,16.89,18.14,761166313,1279389007,
27/6/2019,19.24,19.98,15.91,16.91,848551821,1193066117,
26/6/2019,19.56,20.83,17.74,19.21,1180126029,1355402812,
25/6/2019,17.89,19.62,17.53,19.49,924494266,1374479349,
24/6/2019,16.78,18.30,16.39,17.89,695317071,1261781421,
23/6/2019,17.48,18.66,16.71,16.77,719167135,1183242524,
22/6/2019,14.04,18.76,14.01,17.48,1060033583,1233263750,
21/6/2019,13.55,14.05,13.54,14.03,413219528,989637750,
20/6/2019,13.76,13.78,13.24,13.55,382381549,955832610,
19/6/2019,13.66,13.96,13.57,13.77,354372890,971158950,
18/6/2019,14.22,14.25,13.39,13.67,412735818,963934447,
17/6/2019,14.05,14.74,14.01,14.22,430208305,1002848130,
16/6/2019,14.00,14.52,13.83,14.05,551796447,990993091,
15/6/2019,13.54,14.36,13.51,13.99,600008307,987007577,
14/6/2019,13.04,13.54,12.61,13.54,553615365,955244450,
13/6/2019,12.91,13.57,12.71,13.03,626954350,919459300,
12/6/2019,12.33,13.02,12.16,12.93,530500839,912233768,
11/6/2019,12.31,12.47,11.80,12.32,470455806,868895183,
10/6/2019,11.53,12.44,11.41,12.31,547911740,868159378,
9/6/2019,12.04,12.05,11.28,11.56,445779064,815128353,
8/6/2019,12.25,12.46,11.76,12.04,454249082,849034844,
7/6/2019,11.68,12.58,11.53,12.26,536119345,864970451,
6/6/2019,11.59,11.88,11.15,11.69,414101879,824422683,
5/6/2019,11.49,11.78,11.29,11.55,527658995,814411121,
4/6/2019,12.62,12.62,11.09,11.48,602631521,810050780,
3/6/2019,14.11,14.12,12.60,12.63,572506400,890724928,
2/6/2019,13.74,14.21,13.65,14.13,480862892,918650727,
1/6/2019,13.56,14.28,13.42,13.69,653423818,889836388,
31/5/2019,12.71,13.64,12.34,13.57,612537618,881749279,
30/5/2019,13.52,14.83,12.43,12.73,854878660,827740905,
29/5/2019,12.67,14.25,11.97,13.52,766569892,878627072,
28/5/2019,12.49,12.75,12.04,12.64,509743018,821578684,
27/5/2019,12.00,12.73,11.97,12.46,500332109,810061891,
26/5/2019,11.45,12.10,11.16,11.98,391679153,778932350,
25/5/2019,11.54,11.75,11.39,11.48,294270172,746201599,
24/5/2019,11.43,11.92,11.17,11.52,356910019,749093468,
23/5/2019,11.24,11.53,10.81,11.46,404354637,745042734,
22/5/2019,12.17,12.32,11.22,11.23,440457314,729799338,
21/5/2019,12.06,12.53,11.73,12.16,444948406,790408695,
20/5/2019,11.79,12.43,10.84,12.08,598743070,785089671,
19/5/2019,10.76,12.03,10.67,11.80,478365061,767203241,
18/5/2019,11.20,11.40,10.67,10.75,427137843,698785719,
17/5/2019,12.01,12.13,10.68,11.21,579448577,728557030,
16/5/2019,12.78,13.58,11.67,12.00,758758086,779684864,
15/5/2019,11.03,12.84,11.01,12.80,613255603,832051189,
14/5/2019,9.83,11.05,9.75,11.03,573663143,717127919,
13/5/2019,9.33,10.08,9.23,9.82,424750530,637983551,
12/5/2019,9.90,10.19,9.04,9.33,423375082,606248645,
11/5/2019,8.81,10.25,8.76,9.85,434896039,640389075,
10/5/2019,8.62,8.97,8.39,8.77,333056924,569998455,
9/5/2019,9.02,9.18,8.51,8.63,315583603,560903661,
8/5/2019,8.93,9.08,8.74,9.03,261453876,587076055,
7/5/2019,9.15,9.43,8.94,8.94,311389252,580790408,
6/5/2019,9.27,9.38,8.81,9.19,329097747,597143255,
5/5/2019,9.44,9.59,9.19,9.28,301636302,603147151,
4/5/2019,9.97,10.18,9.32,9.45,319356152,613946589,
3/5/2019,9.86,10.22,9.77,9.99,343636066,649275176,
2/5/2019,9.74,10.05,9.66,9.89,270734263,642756373,
1/5/2019,9.76,9.93,9.51,9.74,270596130,632943151,
30/4/2019,9.45,9.80,9.36,9.80,282448203,637069377,
29/4/2019,9.33,9.89,9.27,9.43,319620430,613114049,
28/4/2019,9.49,9.66,9.22,9.30,237357918,604582832,
27/4/2019,9.39,9.70,9.25,9.49,240418064,616985098,
26/4/2019,9.54,9.72,9.11,9.41,292271242,611391746,
25/4/2019,9.94,10.37,9.50,9.56,315479886,621664990,
24/4/2019,10.40,10.43,9.46,9.96,331587896,647220443,
23/4/2019,10.82,11.10,10.39,10.40,277146329,675880582,
22/4/2019,10.55,10.96,10.46,10.82,251517856,703602585,
21/4/2019,10.92,11.04,10.26,10.55,248582230,685603543,
20/4/2019,11.10,11.17,10.84,10.95,211255816,711516019,
19/4/2019,11.28,11.30,10.90,11.10,225706881,721495269,
18/4/2019,11.00,11.40,10.97,11.27,245059781,732560017,
17/4/2019,10.96,11.18,10.84,11.01,237001160,715540598,
16/4/2019,10.74,11.12,10.64,10.96,206588825,712582834,
15/4/2019,11.30,11.41,10.58,10.73,234875496,697165836,
14/4/2019,11.09,11.36,10.84,11.30,213128800,734427001,
13/4/2019,11.31,11.38,11.00,11.12,203343059,722600869,
12/4/2019,11.24,11.58,10.73,11.31,244485325,735241823,
11/4/2019,12.48,12.48,10.70,11.24,316529973,730876453,
10/4/2019,12.17,12.78,12.14,12.48,264481028,810996447,
9/4/2019,12.72,12.72,11.96,12.19,257000755,792655383,
8/4/2019,12.91,13.25,12.18,12.70,310219064,825317681,
7/4/2019,13.08,13.30,12.66,12.90,264198390,838234869,
6/4/2019,13.52,13.55,12.90,13.08,264946611,850512085,
5/4/2019,12.83,13.73,12.75,13.54,334393237,880053909,
4/4/2019,12.10,13.61,12.01,12.83,525976539,834225623,
3/4/2019,11.54,13.61,11.46,12.15,713988466,789824031,
2/4/2019,10.00,11.58,10.00,11.52,554561782,749068362,
1/4/2019,9.97,10.05,9.83,10.00,329156999,650294919,
31/3/2019,9.86,9.97,9.62,9.96,302469057,647384058,
30/3/2019,9.81,10.32,9.66,9.85,357435989,640464208,
29/3/2019,9.30,9.81,9.22,9.81,329601231,637684574,
28/3/2019,9.40,9.41,9.22,9.29,254939830,603864991,
27/3/2019,8.97,9.43,8.97,9.40,306046445,611111938,
26/3/2019,8.99,9.03,8.77,8.98,277103933,583781472,
25/3/2019,9.21,9.35,8.88,9.01,283144186,585376071,
24/3/2019,9.41,9.43,9.11,9.19,277997571,597121064,
23/3/2019,9.24,9.42,9.19,9.42,251277165,612098597,
22/3/2019,9.04,9.36,9.04,9.23,297369881,600207837,
21/3/2019,9.40,9.43,8.92,9.04,299041688,587353173,
20/3/2019,9.31,9.41,9.08,9.40,313948902,610708158,
19/3/2019,9.22,9.35,9.12,9.31,265459635,604901902,
18/3/2019,9.30,9.38,9.14,9.22,359608160,599587331,
17/3/2019,9.52,9.55,9.25,9.29,284618106,603828092,
16/3/2019,9.33,9.74,9.33,9.52,289565478,618921004,
15/3/2019,9.37,9.41,9.19,9.32,240911036,606052175,
14/3/2019,9.02,9.40,8.88,9.38,328168530,609381363,
13/3/2019,8.90,9.18,8.85,9.02,299672755,586399822,
12/3/2019,8.80,9.01,8.53,8.90,268597663,578336320,
11/3/2019,8.86,8.92,8.59,8.78,313082304,570864962,
10/3/2019,9.05,9.09,8.80,8.87,290220064,576572176,
9/3/2019,8.85,9.17,8.84,9.02,297585392,586274320,
8/3/2019,9.26,9.29,8.80,8.86,326617088,575866976,
7/3/2019,8.80,9.33,8.77,9.25,307951799,600947847,
6/3/2019,8.84,8.91,8.71,8.81,282146719,572348107,
5/3/2019,8.29,8.90,8.22,8.84,301955652,574908500,
4/3/2019,8.70,8.75,8.14,8.29,314165465,538561512,
3/3/2019,8.82,8.91,8.67,8.71,226822878,566062627,
2/3/2019,9.02,9.14,8.79,8.82,259087758,573273850,
1/3/2019,8.93,9.26,8.87,9.02,260838267,586247389,
28/2/2019,8.98,9.10,8.91,8.94,240794894,581139519,
27/2/2019,9.16,9.25,8.78,8.98,296811753,583591214,
26/2/2019,9.37,9.37,9.01,9.15,335598444,594461410,
25/2/2019,9.08,9.51,8.96,9.37,318263212,608786824,
24/2/2019,10.18,10.76,8.73,9.08,546178687,590106576,
23/2/2019,8.76,10.21,8.65,10.18,358802825,661889387,
22/2/2019,8.65,8.85,8.65,8.80,188250575,571862702,
21/2/2019,9.20,9.20,8.60,8.64,227003933,561902748,
20/2/2019,9.00,9.21,8.87,9.21,239088321,598402688,
19/2/2019,8.85,9.27,8.80,9.02,264778436,586130568,
18/2/2019,8.40,8.93,8.25,8.85,232315948,575503154,
17/2/2019,7.96,8.72,7.95,8.39,258499649,545230967,
16/2/2019,8.11,8.30,7.93,7.96,173410185,517689602,
15/2/2019,7.96,8.38,7.90,8.13,164623226,528755366,
14/2/2019,8.28,8.28,7.84,7.95,147559333,516765560,
13/2/2019,8.26,8.46,8.22,8.30,159400724,539727161,
12/2/2019,8.13,8.43,7.98,8.25,191455559,536226580,
11/2/2019,7.99,8.26,7.77,8.13,180322479,528362887,
10/2/2019,7.67,7.98,7.59,7.96,159699885,517438261,
9/2/2019,7.60,7.74,7.52,7.66,122279806,498134612,
8/2/2019,6.92,7.72,6.89,7.60,161363179,494187454,
7/2/2019,6.88,6.98,6.86,6.92,98062942,449883575,
6/2/2019,7.08,7.09,6.82,6.86,113960942,445958917,
5/2/2019,7.07,7.18,7.06,7.07,112713128,459642249,
4/2/2019,7.01,7.14,6.99,7.09,104145001,460594124,
3/2/2019,7.23,7.23,6.97,7.02,113281405,456476196,
2/2/2019,7.02,7.25,6.94,7.23,118178032,469944267,
1/2/2019,6.93,7.06,6.82,7.03,110514792,457113160,
31/1/2019,7.11,7.18,6.85,6.93,126570197,450552499,
30/1/2019,7.03,7.13,6.91,7.11,127490778,462269051,
29/1/2019,7.02,7.13,6.79,7.05,128674508,458435139,
28/1/2019,7.43,7.44,6.88,6.98,138166064,453945209,
27/1/2019,7.54,7.59,7.29,7.42,120602207,482255538,
26/1/2019,7.59,7.70,7.50,7.53,93847643,489725391,
25/1/2019,7.76,7.76,7.51,7.59,106034923,493431170,
24/1/2019,7.59,7.77,7.53,7.74,95665449,502977301,
23/1/2019,7.70,7.74,7.55,7.58,98520101,492474942,
22/1/2019,7.57,7.78,7.35,7.71,132491494,500896220,
21/1/2019,7.61,7.64,7.48,7.58,116729955,492617156,
20/1/2019,8.06,8.20,7.52,7.59,155380342,493449297,
19/1/2019,7.72,8.37,7.72,8.08,141779987,525169067,
18/1/2019,7.87,7.88,7.62,7.71,113409937,501264109,
17/1/2019,7.75,7.86,7.57,7.85,130902165,510252346,
16/1/2019,7.63,7.92,7.58,7.74,130166754,502841001,
15/1/2019,7.99,8.01,7.53,7.62,132412256,495444729,
14/1/2019,7.22,7.99,7.22,7.96,132180216,517575816,
13/1/2019,7.74,7.84,7.16,7.22,114403812,468999891,
12/1/2019,7.95,7.95,7.71,7.75,104462357,503879545,
11/1/2019,7.94,8.12,7.78,7.95,120581366,516504205,
10/1/2019,9.21,9.49,7.70,7.97,177262261,517924325,
9/1/2019,9.22,9.77,9.16,9.20,185427763,598094197,
8/1/2019,8.50,9.42,8.34,9.18,173654060,596424505,
7/1/2019,8.64,8.91,8.40,8.47,130619451,550617746,
6/1/2019,7.84,8.78,7.68,8.64,153043100,561765113,
5/1/2019,7.62,7.94,7.62,7.84,102420264,509909060,
4/1/2019,7.67,8.17,7.49,7.63,91083130,496248313,
3/1/2019,8.07,8.09,7.62,7.68,85506700,499150574,
2/1/2019,7.89,8.12,7.75,8.08,119182671,524970059,
1/1/2019,7.55,7.89,7.45,7.87,100037385,511301111,
31/12/2018,8.12,8.15,7.42,7.53,104180796,489717925,
30/12/2018,7.97,8.28,7.86,8.12,113712668,527716103,
29/12/2018,8.02,8.32,7.74,7.97,119973813,518036133,
28/12/2018,6.98,8.09,6.86,7.98,123245949,518522039,
27/12/2018,7.87,7.88,6.91,6.96,100876756,452675268,
26/12/2018,7.70,8.09,7.37,7.88,115818985,512175989,
25/12/2018,8.49,8.49,7.27,7.69,128604042,500167827,
24/12/2018,7.69,9.10,7.69,8.49,206500280,551686421,
23/12/2018,7.11,8.05,7.11,7.70,172563267,500180160,
22/12/2018,6.93,7.13,6.78,7.11,180836268,462035446,
21/12/2018,7.26,7.47,6.70,6.93,185729577,450465496,
20/12/2018,6.69,7.48,6.69,7.29,168613103,473987448,
19/12/2018,6.83,7.35,6.70,6.71,144157829,436227760,
18/12/2018,6.55,6.81,6.36,6.81,96404858,442839631,
17/12/2018,5.72,6.69,5.72,6.57,104423945,426827322,
16/12/2018,5.65,5.99,5.64,5.71,80240795,371308540,
15/12/2018,5.65,5.71,5.50,5.65,65620129,367175999,
14/12/2018,5.74,5.74,5.55,5.65,93988016,367209871,
13/12/2018,6.05,6.06,5.65,5.73,112211642,372337618,
12/12/2018,5.84,6.32,5.82,6.05,106740367,393494996,
11/12/2018,6.12,6.22,5.77,5.85,91438630,380243925,
10/12/2018,6.40,6.46,6.05,6.12,109775487,397806769,
9/12/2018,6.04,6.78,6.04,6.41,136916930,416637091,
8/12/2018,6.06,6.48,5.74,6.05,161033524,393348326,
7/12/2018,6.06,6.17,5.51,6.08,169111360,395101861,
6/12/2018,6.99,7.25,6.05,6.05,138744932,393186571,
5/12/2018,7.62,7.63,7.00,7.00,147996551,454842102,
4/12/2018,7.34,7.89,7.14,7.61,155406465,494666522,
3/12/2018,8.00,8.03,7.24,7.35,127227094,478060115,
2/12/2018,8.17,8.47,7.93,7.96,134091442,517354499,
1/12/2018,7.73,8.39,7.55,8.19,151081040,532049325,
30/11/2018,8.48,8.53,7.53,7.71,137492882,501214014,
29/11/2018,8.37,8.85,8.05,8.44,173504509,548535292,
28/11/2018,7.25,8.73,7.25,8.39,175504000,545141350,
27/11/2018,7.12,7.30,6.78,7.26,126595000,471851900,
26/11/2018,7.69,7.88,6.89,7.14,129336000,463816600,
25/11/2018,7.48,7.95,6.73,7.71,168973000,501206550,
24/11/2018,8.56,8.78,7.27,7.48,131520000,486331300,
23/11/2018,8.41,8.65,8.04,8.55,155044000,555457500,
22/11/2018,9.22,9.30,8.41,8.41,166761000,546588900,
21/11/2018,9.01,9.39,8.61,9.21,162871000,598713700,
20/11/2018,10.13,10.38,8.17,8.95,213977000,581985300,
19/11/2018,12.57,12.57,10.10,10.17,233627000,661349000,
18/11/2018,12.40,12.65,12.37,12.59,175701000,818532000,
17/11/2018,12.70,12.70,12.31,12.37,151395000,804277500,
16/11/2018,13.00,13.07,12.54,12.70,148956000,825285500,
15/11/2018,13.53,13.63,12.19,13.00,185592000,845006500,
14/11/2018,15.34,15.35,12.82,13.52,196751000,878800000,
13/11/2018,15.73,15.77,15.30,15.37,137967000,999206000,
12/11/2018,16.13,16.13,15.56,15.77,161123000,1025225500,
11/11/2018,15.96,16.04,15.52,15.99,126121000,1039031500,
10/11/2018,15.94,16.30,15.93,15.97,129460000,1038323000,
9/11/2018,16.31,16.43,15.89,15.94,138562000,1036165000,
8/11/2018,16.75,16.77,16.27,16.29,154513000,1059123000,
7/11/2018,17.01,17.35,16.58,16.73,168569000,1087502000,
6/11/2018,16.29,17.02,16.22,16.99,174980000,1100352500,
5/11/2018,16.60,16.68,16.27,16.29,141451000,1058902000,
4/11/2018,16.00,16.86,15.83,16.63,168143000,1080976000,
3/11/2018,16.16,16.18,15.90,15.98,124722000,1038849500,
2/11/2018,15.72,16.18,15.72,16.16,151665000,1050660000,
1/11/2018,15.32,15.73,15.27,15.68,131218000,1019512000,
31/10/2018,15.25,15.32,14.76,15.30,137329000,994786000,
30/10/2018,15.43,15.46,15.11,15.21,123947000,988754000,
29/10/2018,16.16,16.22,15.21,15.40,142185000,1001097500,
28/10/2018,16.09,16.24,16.02,16.20,102821000,1052915500,
27/10/2018,16.21,16.34,15.99,16.04,83991800,1042509000,
26/10/2018,16.49,16.57,15.99,16.21,128714000,1053747500,
25/10/2018,16.72,16.73,16.45,16.52,91006000,1074099000,
24/10/2018,16.58,16.83,16.48,16.73,138539000,1087151000,
23/10/2018,16.73,16.79,16.44,16.63,169231000,1080677000,
22/10/2018,16.48,17.03,16.33,16.74,154339000,1088061000,
21/10/2018,16.64,16.90,16.43,16.52,216587000,1073611500,
20/10/2018,16.48,16.78,16.38,16.65,179868000,1082263000,
19/10/2018,16.52,16.58,16.18,16.48,194625000,1071518500,
18/10/2018,16.66,17.52,16.39,16.53,323295000,1074417500,
17/10/2018,16.48,16.84,16.28,16.66,255805000,1082718000,
16/10/2018,16.32,16.48,16.13,16.41,191769000,1066773500,
15/10/2018,15.61,17.00,15.47,16.28,253750000,1058187000,
14/10/2018,15.76,16.24,15.62,15.66,158264000,1017757000,
13/10/2018,15.64,15.95,15.64,15.76,138117000,1024302500,
12/10/2018,15.41,16.03,15.30,15.63,195622000,1015709500,
11/10/2018,18.14,18.15,15.43,15.52,228270000,1008728500,
10/10/2018,18.23,18.31,17.83,18.20,176005000,1182883000,
9/10/2018,18.52,18.55,18.07,18.28,162300000,1188011500,
8/10/2018,18.13,18.72,18.04,18.45,159657000,1199464500,
7/10/2018,17.94,18.18,17.88,18.06,143765000,1174062500,
6/10/2018,18.19,18.46,17.82,17.88,98981200,1162115500,
5/10/2018,17.95,18.19,17.83,18.16,91481600,1180140000,
4/10/2018,17.94,18.35,17.91,17.91,147540000,1164059000,
3/10/2018,18.45,18.49,17.75,17.94,123794000,1166347000,
2/10/2018,18.66,18.72,18.21,18.50,153533000,1202461000,
1/10/2018,18.85,19.11,18.36,18.67,162321000,1213485000,
30/9/2018,19.17,19.22,18.57,18.90,141458000,1228695000,
29/9/2018,19.12,19.23,18.48,19.16,114329000,1245211500,
28/9/2018,19.05,20.35,18.83,19.24,186831000,1250879500,
27/9/2018,17.87,19.12,17.65,18.98,127495000,1233732500,
26/9/2018,18.11,18.67,17.45,17.88,84686500,1162154500,
25/9/2018,18.39,18.39,17.27,18.11,66048600,1177052500,
24/9/2018,19.50,19.57,18.21,18.46,72185000,1200049500,
23/9/2018,18.83,20.40,18.66,19.50,85869300,1267701500,
22/9/2018,19.79,19.93,18.31,18.79,80468100,1221454000,
21/9/2018,18.24,20.20,17.90,19.73,129320000,1282638500,
20/9/2018,17.21,18.34,17.06,18.26,54578800,1186685500,
19/9/2018,17.01,17.44,16.45,17.12,52494900,1112663500,
18/9/2018,16.66,17.38,16.46,17.01,48766900,1105455000,
17/9/2018,18.19,18.34,16.46,16.73,63922000,1087411000,
16/9/2018,18.21,18.27,17.54,18.09,46986500,1175557500,
15/9/2018,17.95,18.49,17.79,18.13,55508900,1178463000,
14/9/2018,18.36,18.76,17.71,17.93,62110000,1165365500,
13/9/2018,17.77,18.66,17.71,18.20,66194200,1182850500,
12/9/2018,17.69,17.86,16.36,17.60,58464700,1144104000,
11/9/2018,18.54,18.82,17.17,17.60,60804300,1144182000,
10/9/2018,18.57,18.86,18.24,18.49,57206800,1201960500,
9/9/2018,18.12,19.34,17.80,18.45,65760400,1199009500,
8/9/2018,19.72,20.18,17.94,18.09,61180100,1175830500,
7/9/2018,20.27,20.76,19.13,19.69,82280000,1280090500,
6/9/2018,19.57,20.40,18.45,20.34,114332000,1321970000,
5/9/2018,24.19,24.75,19.64,19.66,137784000,1277802500,
4/9/2018,22.96,25.03,22.51,24.20,98087000,1572993500,
3/9/2018,22.12,23.38,21.23,22.85,77796800,1485406000,
2/9/2018,22.43,23.10,21.56,21.99,87394700,1429077000,
1/9/2018,20.21,23.03,20.19,22.50,87431500,1462786000,
31/8/2018,19.56,20.44,19.09,20.34,60857900,1321788000,
30/8/2018,19.79,20.21,18.57,19.69,62811600,1280077500,
29/8/2018,21.26,21.33,19.63,19.88,80280700,1292297500,
28/8/2018,20.60,21.57,19.83,21.26,85983000,1382205500,
27/8/2018,17.83,20.60,17.47,20.59,85067000,1338668500,
26/8/2018,17.74,17.92,17.03,17.85,45759000,1160198000,
25/8/2018,17.77,18.42,17.44,17.78,44633900,1155739000,
24/8/2018,17.77,18.04,17.13,17.79,46036900,1156174500,
23/8/2018,16.51,17.69,16.51,17.69,50369500,1150168500,
22/8/2018,17.90,19.31,16.18,16.50,64149800,1072578000,
21/8/2018,17.15,18.21,17.15,17.80,45962300,1156863500,
20/8/2018,19.53,19.80,17.15,17.40,60671000,1130707500,
19/8/2018,18.68,20.15,17.85,19.50,69574000,1267786000,
18/8/2018,20.43,20.89,17.47,18.72,83859300,1216832500,
17/8/2018,16.16,20.63,16.03,20.45,111468000,1329120000,
16/8/2018,15.80,17.28,15.63,16.19,59234600,1052662000,
15/8/2018,16.20,17.51,15.74,15.87,71774200,1031374500,
14/8/2018,15.78,16.06,14.12,16.06,72739000,1043581500,
13/8/2018,18.51,19.07,15.88,15.88,52043100,1032200000,
12/8/2018,18.75,19.22,18.32,18.66,47089100,1213127500,
11/8/2018,19.94,19.94,17.75,18.71,78834900,1216377500,
10/8/2018,22.53,22.82,19.72,19.97,55462300,1297770500,
9/8/2018,21.85,23.08,21.14,22.57,51844400,1466861500,
8/8/2018,25.17,25.17,21.38,21.82,67822900,1417988000,
7/8/2018,26.24,27.66,25.04,25.20,61221200,1637948000,
6/8/2018,27.49,28.38,25.86,26.22,55233900,1704566500,
5/8/2018,26.56,27.81,26.15,27.45,49751000,1784107000,
4/8/2018,28.14,28.88,26.32,26.71,57559000,1736423000,
3/8/2018,28.45,28.65,26.90,28.19,61311800,1832090000,
2/8/2018,29.93,30.17,28.13,28.53,54152700,1854586500,
1/8/2018,29.97,30.43,28.82,29.89,59706400,1942635500,
31/7/2018,32.22,32.26,29.55,30.06,69345600,1953640000,
30/7/2018,33.53,33.53,31.79,32.28,76035000,2098232500,
29/7/2018,34.03,34.32,33.36,33.60,71226496,2184058500,
28/7/2018,33.55,33.75,32.85,33.75,67771600,2193626500,
27/7/2018,33.18,33.95,32.34,33.47,77205696,2175719000,
26/7/2018,34.21,35.38,32.88,33.24,86474304,2160535000,
25/7/2018,33.75,35.07,33.55,34.18,92019400,2221960000,
24/7/2018,32.20,35.41,31.40,34.05,118100000,2213191500,
23/7/2018,33.25,34.47,32.19,32.19,81723000,2092070500,
22/7/2018,34.26,34.74,32.94,33.28,74153200,2163096000,
21/7/2018,33.33,35.06,32.53,34.31,85597904,2230072000,
20/7/2018,36.06,36.06,33.14,33.38,103809000,2169986000,
19/7/2018,37.56,37.93,35.70,36.09,99780304,2345791500,
18/7/2018,39.33,40.21,37.11,37.60,143288992,2444136500,
17/7/2018,36.89,39.97,35.81,39.32,136894000,2556086000,
16/7/2018,33.57,37.09,33.09,37.07,128169000,2409771000,
15/7/2018,32.48,33.96,32.20,33.41,86309504,2171377000,
14/7/2018,33.16,33.55,31.68,32.62,74716704,2120059500,
13/7/2018,31.96,33.91,31.96,33.23,127253000,2160268500,
12/7/2018,33.88,33.88,30.79,31.77,111093000,2065284000,
11/7/2018,33.46,34.56,32.23,33.91,98957504,2204293000,
10/7/2018,36.57,36.85,33.32,33.39,193408000,2170057500,
9/7/2018,39.10,39.30,36.71,36.78,164582000,2390550500,
8/7/2018,39.27,41.73,38.88,39.13,150560000,2543157500,
7/7/2018,37.74,39.34,36.45,39.34,88447504,2556788000,
6/7/2018,40.59,40.71,36.98,37.65,136135008,2446957500,
5/7/2018,40.49,42.84,39.47,40.74,190606000,2647983000,
4/7/2018,36.12,42.11,35.38,40.29,216351008,2618733000,
3/7/2018,36.02,38.24,35.58,36.10,150783008,2346571500,
2/7/2018,31.35,36.81,31.04,35.98,142578000,2338674000,
1/7/2018,30.81,31.61,29.76,31.33,72319000,2036612500,
30/6/2018,29.70,31.85,29.70,30.64,73997696,1991281500,
29/6/2018,28.36,30.11,27.26,29.64,64412600,1926483000,
28/6/2018,30.31,30.53,28.23,28.36,52412700,1843504000,
27/6/2018,30.45,30.58,29.61,30.32,53013200,1970943000,
26/6/2018,31.63,31.83,30.13,30.31,52380500,1969974500,
25/6/2018,31.17,32.58,30.75,31.71,58836700,2061046000,
24/6/2018,34.24,34.31,29.32,31.27,90829600,2032459000,
23/6/2018,33.09,34.78,33.06,34.27,53422000,2227810000,
22/6/2018,37.82,37.85,32.41,33.26,84102496,2162212000,
21/6/2018,38.98,39.69,37.45,37.84,70598704,2459788500,
20/6/2018,39.93,40.00,37.95,38.93,71498704,2530632000,
19/6/2018,39.63,41.01,39.18,39.94,75684096,2595937500,
18/6/2018,38.74,40.40,37.43,39.70,88125504,2580727500,
17/6/2018,38.57,39.57,38.00,38.76,64709800,2519387000,
16/6/2018,38.24,39.00,36.99,38.20,67913800,2483104000,
15/6/2018,40.85,40.94,38.20,38.26,68554496,2486796000,
14/6/2018,38.31,41.61,38.06,40.85,105352000,2655458000,
13/6/2018,41.50,41.81,37.25,38.15,98023200,2480003500,
12/6/2018,45.49,46.44,41.11,41.49,83302000,2696863000,
11/6/2018,45.56,45.92,43.26,45.60,85727200,2964286000,
10/6/2018,51.13,51.13,44.60,45.71,99954096,2971065500,
9/6/2018,52.56,53.45,51.09,51.09,72333200,3320759000,
8/6/2018,53.55,53.92,51.99,52.59,77989800,3418317500,
7/6/2018,54.01,54.99,53.18,53.82,78293600,3498150500,
6/6/2018,54.51,54.61,52.75,53.92,81572600,3504936500,
5/6/2018,53.50,54.95,52.09,54.45,92081000,3539471000,
4/6/2018,56.31,57.10,52.61,53.44,91888400,3473314000,
3/6/2018,56.65,57.80,55.85,56.42,90826096,3667020500,
2/6/2018,55.63,57.19,54.98,56.76,97926200,3689673000,
1/6/2018,53.20,56.09,52.95,55.45,102577000,3604022500,
31/5/2018,51.44,54.08,50.92,52.93,85826000,3440333000,
30/5/2018,52.36,53.31,50.53,51.54,82723104,3350184500,
29/5/2018,48.12,53.43,47.96,52.11,106526000,3386883500,
28/5/2018,52.86,53.06,47.96,48.26,92695200,3136997500,
27/5/2018,52.32,53.03,51.20,52.93,76785504,3440677500,
26/5/2018,52.74,54.32,51.55,52.26,84223296,3397082000,
25/5/2018,55.10,56.26,52.01,53.03,93827504,3447132000,
24/5/2018,52.36,55.12,50.68,54.76,107696000,3559166000,
23/5/2018,57.45,57.80,51.81,52.47,109642000,3410433000,
22/5/2018,62.41,62.50,57.10,57.38,95219600,3729869000,
21/5/2018,63.59,65.85,60.95,62.46,121919000,4059919500,
20/5/2018,59.23,63.77,58.75,63.51,89350200,4128007000,
19/5/2018,59.66,60.64,58.15,59.17,79662304,3845907000,
18/5/2018,57.72,60.28,56.99,59.68,94202000,3879102500,
17/5/2018,61.94,63.22,57.18,57.82,96606600,3758456000,
16/5/2018,63.06,63.37,59.88,61.85,99496200,4020185000,
15/5/2018,66.38,69.34,62.54,63.25,98810800,4111224000,
14/5/2018,67.82,69.23,63.19,66.46,130220000,4320095000,
13/5/2018,64.76,69.30,63.15,67.76,105992000,4404211500,
12/5/2018,63.45,67.61,59.07,64.76,125551000,4209081500,
11/5/2018,69.96,70.41,61.45,63.40,177496992,4121052000,
10/5/2018,76.32,76.97,70.18,70.18,126392000,4561492000,
9/5/2018,77.12,77.21,72.90,76.33,120422000,4961567000,
8/5/2018,79.57,81.08,76.03,77.08,126518000,5010206500,
7/5/2018,83.59,83.59,76.50,79.29,157183008,5154149000,
6/5/2018,84.30,87.94,80.72,83.56,177590000,5431127000,
5/5/2018,84.31,86.07,84.16,84.36,128178000,5483549500,
4/5/2018,87.70,87.70,82.56,84.26,153112000,5476867500,
3/5/2018,84.92,89.68,83.86,87.82,226830000,5708397500,
2/5/2018,84.41,85.39,82.84,84.79,137844000,5511337000,
1/5/2018,84.37,84.86,79.32,84.64,180819008,5501645500,
30/4/2018,92.15,94.76,82.86,84.27,377384992,5477712500,
29/4/2018,76.59,92.52,76.59,91.07,502971008,5919667000,
28/4/2018,72.42,78.20,72.42,76.75,143123008,4988548500,
27/4/2018,77.02,77.31,72.67,72.67,133132000,4723387500,
26/4/2018,71.56,77.24,69.81,77.19,142338000,5017044500,
25/4/2018,82.49,82.58,69.03,71.38,232380992,4639700000,
24/4/2018,76.29,84.44,76.24,83.01,214076000,5395591500,
23/4/2018,73.65,77.80,73.65,76.22,129211000,4954573000,
22/4/2018,74.53,77.20,73.00,73.76,118189000,4794510500,
21/4/2018,79.10,79.62,71.16,74.99,172502000,4874493000,
20/4/2018,74.18,79.47,72.56,79.03,184820992,5136904500,
19/4/2018,72.55,74.79,70.96,74.13,172656992,4818261500,
18/4/2018,65.71,73.36,65.71,72.84,146354000,4734645500,
17/4/2018,67.01,69.85,65.66,65.75,104953000,4273919000,
16/4/2018,70.12,70.77,64.40,66.70,124354000,4335409000,
15/4/2018,64.33,70.33,64.33,70.33,126368000,4571534500,
14/4/2018,62.21,65.45,61.75,63.86,90798000,4150867500,
13/4/2018,66.66,68.10,61.56,62.21,177671008,4043481000,
12/4/2018,58.38,66.71,54.91,66.71,272688992,4336150000,
11/4/2018,52.58,59.46,52.32,58.54,178200992,3805191000,
10/4/2018,53.20,53.20,49.67,52.62,90631296,3420436500,
9/4/2018,49.37,56.66,49.37,52.93,267976992,3440502000,
8/4/2018,46.54,49.19,46.54,49.19,44671100,3197343500,
7/4/2018,44.91,47.81,44.83,46.42,49786600,3017586000,
6/4/2018,47.05,47.48,44.59,44.94,46850100,2920989500,
5/4/2018,47.46,47.85,45.85,47.20,63650600,3068097500,
4/4/2018,53.38,53.63,46.95,47.55,73956800,3090750000,
3/4/2018,48.98,54.13,48.63,53.64,84566304,3486704000,
2/4/2018,47.34,50.30,46.79,48.82,62854800,3173254500,
1/4/2018,50.34,50.59,45.30,47.30,73349000,3074773000,
31/3/2018,50.43,52.91,49.97,50.13,68031800,3258125000,
30/3/2018,51.85,53.58,49.10,50.31,114151000,3270358000,
29/3/2018,57.31,57.40,51.45,51.88,110023000,3372525000,
28/3/2018,55.34,60.12,55.34,57.24,81977504,3720366000,
27/3/2018,59.49,60.02,52.51,55.53,145188992,3609469500,
26/3/2018,65.40,65.93,55.92,59.74,144888992,3882879000,
25/3/2018,65.19,67.44,63.87,65.43,82989200,4252813500,
24/3/2018,69.07,70.24,65.73,65.73,102618000,4272716500,
23/3/2018,69.61,69.61,63.92,68.56,137020992,4456127000,
22/3/2018,72.81,75.07,66.92,69.64,152648000,4526470000,
21/3/2018,76.41,77.79,71.52,72.95,177772992,4741873500,
20/3/2018,73.85,79.56,67.59,76.03,255944000,4941950000,
19/3/2018,67.19,73.44,62.74,73.44,274503008,4773606500,
18/3/2018,61.18,66.70,49.39,65.50,249146000,4257597500,
17/3/2018,68.30,69.11,61.02,61.53,95221696,3999333000,
16/3/2018,69.66,71.49,65.91,68.25,114395000,4436120000,
15/3/2018,71.83,72.95,65.49,69.57,173336000,4522355500,
14/3/2018,83.42,85.03,69.10,71.67,146276992,4658667000,
13/3/2018,85.57,88.39,82.19,83.38,118017000,5419778000,
12/3/2018,91.49,92.98,84.26,85.91,125997000,5583857500,
11/3/2018,85.44,92.49,82.31,91.19,120665000,5927200500,
10/3/2018,93.32,94.43,85.52,85.58,123154000,5562531000,
9/3/2018,91.70,93.78,80.85,92.67,216976000,6023472000,
8/3/2018,100.54,102.14,90.87,91.57,158916992,5952186500,
7/3/2018,105.38,113.65,91.03,100.44,297579008,6528795000,
6/3/2018,112.27,114.94,103.56,105.11,203770000,6832410000,
5/3/2018,120.12,120.12,111.76,113.02,212735008,7346495000,
4/3/2018,121.83,125.13,115.99,119.36,177840000,7758270000,
3/3/2018,124.26,128.06,121.54,122.14,132602000,7939425000,
2/3/2018,129.95,130.30,122.59,124.24,148930000,8075470000,
1/3/2018,133.65,136.15,126.57,129.05,282388000,8388510000,
28/2/2018,142.38,144.62,132.06,133.24,315822016,8660665000,
27/2/2018,134.84,146.35,132.92,142.50,427504992,9262435000,
26/2/2018,118.91,137.10,117.91,134.17,292700000,8721245000,
25/2/2018,118.29,120.00,114.56,118.46,114914000,7700160000,
24/2/2018,121.42,126.89,114.41,118.57,157950000,7707310000,
23/2/2018,113.39,123.85,110.86,121.65,189394000,7907055000,
22/2/2018,120.62,126.93,111.89,114.08,193746000,7415395000,
21/2/2018,127.67,130.21,118.08,120.96,207330000,7862140000,
20/2/2018,137.95,142.01,127.86,128.36,239238000,8343270000,
19/2/2018,127.24,138.52,126.70,137.47,201551008,8935290000,
18/2/2018,136.40,137.95,124.32,127.38,207624000,8279440000,
17/2/2018,131.02,139.80,129.42,136.75,286384992,8888750000,
16/2/2018,123.02,130.62,119.94,128.85,194878000,8375120000,
15/2/2018,122.00,125.76,118.79,123.29,218616000,8013915000,
14/2/2018,110.86,123.03,110.86,122.52,228692992,7963670000,
13/2/2018,113.64,114.93,108.64,111.18,176966000,7226375000,
12/2/2018,104.18,115.85,104.18,113.25,272088992,7360990000,
11/2/2018,110.45,113.18,96.78,103.40,257944000,6720935000,
10/2/2018,117.21,122.85,104.98,110.63,355323008,7190690000,
9/2/2018,111.99,117.65,108.84,117.57,212450000,7641920000,
8/2/2018,104.06,117.00,104.06,112.43,546732992,7307950000,
7/2/2018,105.13,118.50,94.94,102.50,571724032,6662565000,
6/2/2018,84.07,109.21,64.88,105.95,659945984,6886490000,
5/2/2018,107.57,108.97,75.75,82.37,312096000,5353770500,
4/2/2018,122.21,124.01,102.03,107.46,203674000,6984575000,
3/2/2018,121.03,127.28,106.90,122.96,255707008,7992725000,
2/2/2018,125.64,129.19,91.96,120.13,552638976,7808190000,
1/2/2018,145.96,147.16,115.27,126.00,356495008,8190195000,
31/1/2018,145.40,148.18,133.32,145.76,357308992,9474270000,
30/1/2018,168.86,173.75,140.13,146.28,670294976,9508135000,
29/1/2018,152.08,168.14,151.46,168.14,602513984,10929165000,
28/1/2018,140.37,153.61,140.37,152.16,246175008,9890140000,
27/1/2018,138.14,142.07,134.35,140.20,207868000,9113195000,
26/1/2018,137.75,141.13,126.53,137.89,324067008,8962720000,
25/1/2018,138.10,146.94,134.58,138.00,315009984,8970195000,
24/1/2018,122.57,144.12,118.15,136.41,433360000,8866585000,
23/1/2018,123.37,129.71,110.18,121.60,263388992,7904260000,
22/1/2018,132.30,137.78,112.38,123.66,346611008,8038095000,
21/1/2018,150.23,150.23,126.20,131.10,346048000,8521175000,
20/1/2018,140.49,157.19,138.65,149.94,501671008,9746230000,
19/1/2018,141.25,150.15,132.97,139.49,494800000,9067175000,
18/1/2018,142.60,159.49,129.85,142.66,838633984,9272640000,
17/1/2018,144.73,154.29,94.57,141.37,1587920000,9189050000,
16/1/2018,187.97,187.97,104.29,145.30,1664429952,9444435000,
15/1/2018,170.10,196.85,147.40,187.40,1455619968,12181325000,
14/1/2018,140.56,176.83,135.92,170.42,648694016,11077170000,
13/1/2018,124.15,146.51,124.15,140.62,455703008,9140430000,
12/1/2018,109.18,126.54,105.25,124.47,234756992,8090485000,
11/1/2018,123.10,124.33,102.66,108.29,270718016,7039175000,
10/1/2018,127.24,127.26,111.05,122.99,361796992,7994220000,
9/1/2018,102.07,129.87,101.84,126.94,529663008,8251035000,
8/1/2018,102.12,108.60,90.68,102.38,231395008,6654505000,
7/1/2018,101.12,108.52,99.20,102.43,196620992,6657885000,
6/1/2018,95.31,103.13,91.90,100.86,187746000,6556030000,
5/1/2018,98.91,106.24,89.58,95.28,292932992,6193317000,
4/1/2018,104.79,109.20,96.24,99.11,332545984,6442085000,
3/1/2018,90.30,105.56,86.89,105.56,288086016,6861335000,
2/1/2018,78.53,97.01,78.53,90.33,373376992,5871177000,
1/1/2018,76.19,80.69,72.72,78.82,142094000,5123540500,
31/12/2017,72.56,78.01,67.69,75.96,181356992,4937439000,
30/12/2017,74.18,74.54,63.02,72.40,202376992,4706208000,
29/12/2017,65.70,74.82,63.14,73.90,163331008,4803812000,
28/12/2017,66.76,66.94,58.22,65.43,135592000,4252638000,
27/12/2017,65.53,70.29,62.88,66.88,153715008,4347440500,
26/12/2017,66.61,68.80,61.86,65.52,195466000,4258572500,
25/12/2017,60.27,68.37,58.39,66.32,170538000,4311079500,
24/12/2017,59.32,59.97,51.84,59.70,160158000,3880201000,
23/12/2017,56.32,67.75,56.32,58.90,146282000,3828805500,
22/12/2017,71.54,72.28,43.39,55.57,297579008,3612082500,
21/12/2017,76.12,79.04,67.49,71.37,225272000,4639134500,
20/12/2017,71.31,77.50,63.10,75.62,305912000,4915378000,
19/12/2017,77.19,82.10,66.59,70.81,290083008,4602903500,
18/12/2017,68.45,81.06,63.96,77.22,437848992,5019072500,
17/12/2017,49.74,71.72,49.74,68.11,500799008,4427436000,
16/12/2017,48.14,52.26,46.93,49.81,164723008,3237494000,
15/12/2017,50.54,51.24,43.13,47.99,204064992,3119311000,
14/12/2017,44.90,53.65,44.40,50.62,313147008,3290521000,
13/12/2017,40.73,49.07,37.49,44.81,294500000,2912955500,
12/12/2017,36.22,41.28,35.32,40.41,132796000,2626734500,
11/12/2017,33.32,36.57,33.32,35.88,77323800,2332369000,
10/12/2017,35.79,35.79,32.51,33.31,72133600,2165208500,
9/12/2017,35.96,38.98,34.87,35.71,93255296,2321377500,
8/12/2017,34.84,37.38,32.36,36.27,125450000,2357680000,
7/12/2017,35.04,37.26,33.31,34.86,125301000,2266036500,
6/12/2017,38.75,38.85,34.40,35.16,118745000,2285634000,
5/12/2017,41.99,42.79,38.82,38.82,101480000,2523378000,
4/12/2017,36.65,43.00,36.62,42.17,160430000,2741154000,
3/12/2017,35.10,39.52,35.03,36.62,79801696,2380495000,
2/12/2017,35.84,36.61,34.51,35.07,48991700,2279524000,
1/12/2017,32.89,36.24,31.36,35.84,89359696,2329476500,
30/11/2017,32.54,34.98,30.09,32.96,78895104,2142088000,
29/11/2017,37.99,39.44,31.23,32.28,137123008,2098109000,
28/11/2017,40.13,40.13,37.47,38.08,80129000,2475089500,
27/11/2017,38.32,41.91,38.32,40.13,83345904,2608151000,
26/11/2017,38.04,39.20,37.49,38.44,61597700,2498866500,
25/11/2017,34.83,39.86,34.60,38.13,125113000,2478138000,
24/11/2017,34.89,35.70,33.46,34.79,68977696,2261454000,
23/11/2017,35.83,36.29,34.50,34.90,68917800,2268643000,
22/11/2017,34.45,36.98,34.45,35.86,82378800,2330776500,
21/11/2017,36.21,37.16,33.38,34.36,133333000,2233367500,
20/11/2017,39.94,43.14,35.64,35.64,243906000,2316333500,
19/11/2017,43.01,45.45,36.66,39.75,273035008,2583906000,
18/11/2017,39.74,48.09,36.28,42.74,434827008,2778061000,
17/11/2017,28.71,41.08,28.36,40.50,252834000,2632656000,
16/11/2017,29.45,29.93,28.48,28.70,40895700,1865740500,
15/11/2017,29.79,30.58,28.26,29.35,45103700,1907620000,
14/11/2017,28.40,29.96,28.10,29.73,39436300,1932157500,
13/11/2017,27.12,28.97,26.59,28.40,41299400,1846156000,
12/11/2017,28.44,28.45,25.31,26.96,63588200,1752510500,
11/11/2017,28.15,29.93,27.40,28.53,45994100,1854326500,
10/11/2017,31.97,32.44,26.74,28.18,57756900,1831628500,
9/11/2017,30.76,33.02,30.58,31.90,79919296,2073708000,
8/11/2017,26.17,33.81,26.02,30.67,120273000,1993855500,
7/11/2017,26.26,26.52,25.62,26.23,40146900,1704748500,
6/11/2017,26.47,26.81,25.95,26.32,26798400,1710527000,
5/11/2017,26.48,26.72,25.79,26.38,25229700,1714732500,
4/11/2017,26.77,27.74,25.94,26.49,31870600,1721707000,
3/11/2017,24.60,26.90,24.39,26.82,40142100,1743326000,
2/11/2017,26.75,26.75,22.89,24.50,74455200,1592675500,
1/11/2017,28.38,28.44,26.68,26.86,49782800,1746082000,
31/10/2017,28.69,30.44,28.47,28.47,61688400,1850602000,
30/10/2017,27.72,29.49,27.71,28.79,30968500,1871038000,
29/10/2017,27.20,28.61,27.20,27.76,29736500,1804556000,
28/10/2017,28.86,28.99,27.17,27.35,25368200,1367570000,
27/10/2017,28.33,28.88,28.10,28.76,28919000,1437820000,
26/10/2017,28.48,29.39,28.06,28.33,35987900,1416375000,
25/10/2017,30.11,30.11,28.54,28.54,35558400,1427175000,
24/10/2017,27.34,32.72,26.73,30.15,78225600,1507465000,
23/10/2017,28.49,28.65,26.43,27.51,28154800,1375555000,
22/10/2017,27.15,29.48,27.10,28.79,36184100,1439565000,
21/10/2017,27.76,28.28,26.04,27.13,34058900,1356315000,
20/10/2017,28.68,29.50,27.73,27.75,36933700,1387585000,
19/10/2017,29.66,29.96,28.48,28.66,30401400,1433020000,
18/10/2017,31.66,31.78,28.44,29.67,49659700,1483550000,
17/10/2017,28.50,32.55,27.81,31.40,74210000,1569935000,
16/10/2017,27.76,29.07,26.96,28.53,34713200,1426370000,
15/10/2017,27.65,28.47,26.91,27.73,31189200,1386590000,
14/10/2017,29.32,29.45,27.65,27.80,33551100,1390005000,
13/10/2017,27.85,29.87,26.45,29.35,81365000,1467580000,
12/10/2017,30.01,30.36,27.61,28.18,61080400,1408995000,
11/10/2017,29.30,31.23,29.30,29.96,33627700,1498055000,
10/10/2017,29.15,31.20,28.07,29.31,48223600,1465415000,
9/10/2017,32.04,32.79,26.78,29.10,98290304,1455060000,
8/10/2017,35.64,37.23,31.01,32.07,107725000,1603285000,
7/10/2017,33.54,36.15,33.30,36.14,48058800,1806955000,
6/10/2017,32.50,34.32,32.23,33.52,47267100,1675880000,
5/10/2017,31.21,33.31,28.98,32.28,66785000,1613795000,
4/10/2017,33.79,35.03,30.09,31.16,60565900,1557910000,
3/10/2017,36.65,36.79,32.01,33.61,74199600,1680345000,
2/10/2017,35.70,39.01,34.90,36.74,116098000,1837050000,
1/10/2017,34.12,35.83,31.82,35.72,72169504,1786010000,
30/9/2017,28.59,34.24,28.45,34.21,82181600,1710740000,
29/9/2017,30.25,30.41,26.13,28.64,72558304,1431845000,
28/9/2017,31.78,32.69,27.68,29.76,101195000,1488160000,
27/9/2017,26.32,34.03,26.32,31.79,163163008,1589660000,
26/9/2017,26.12,27.30,24.46,26.38,65868600,1318815000,
25/9/2017,19.80,27.08,19.80,26.02,81225504,1300895000,
24/9/2017,20.17,20.43,19.28,19.79,11967200,989350000,
23/9/2017,18.58,20.59,18.30,20.18,17216800,1009080000,
22/9/2017,17.39,19.32,16.98,18.69,22480200,934335000,
21/9/2017,19.65,19.82,16.75,17.45,21587400,872360000,
20/9/2017,19.90,20.47,19.69,19.75,14058200,987280000,
19/9/2017,20.99,21.71,19.04,19.94,30451900,997080000,
18/9/2017,19.91,21.38,19.54,21.22,27647600,1061185000,
17/9/2017,20.64,20.64,18.36,19.86,18695100,992970000,
16/9/2017,18.75,22.98,18.50,20.76,50210000,1037965000,
15/9/2017,15.81,19.12,13.32,18.74,50811700,936960000,
14/9/2017,20.08,20.75,14.95,15.69,42221500,784700000,
13/9/2017,20.83,21.29,17.80,20.06,37258400,1003065000,
12/9/2017,21.87,23.60,19.86,20.97,40702300,1048640000,
11/9/2017,22.68,23.97,21.70,21.88,27835300,1093830000,
10/9/2017,21.76,23.64,19.37,22.75,54002500,1137370000,
9/9/2017,24.63,24.63,21.55,21.96,47199500,1097890000,
8/9/2017,30.59,30.59,22.41,24.86,112252000,1243120000,
7/9/2017,21.30,33.55,20.54,30.78,214000992,1539155000,
6/9/2017,22.97,24.32,20.30,21.36,77746304,1067860000,
5/9/2017,21.88,23.85,18.93,22.80,91402304,1139870000,
4/9/2017,30.44,30.44,17.40,21.83,189916992,1091680000,
3/9/2017,31.77,32.65,28.58,30.32,43232300,1515940000,
2/9/2017,31.69,34.81,28.55,31.72,92722600,1586090000,
1/9/2017,33.17,33.57,28.87,32.01,75418896,1600420000,
31/8/2017,32.93,35.09,32.60,33.16,49957300,1658060000,
30/8/2017,33.48,35.84,29.71,33.10,97289600,1654850000,
29/8/2017,38.46,38.46,30.69,33.66,168534000,1682780000,
28/8/2017,40.23,40.31,37.38,38.45,41401000,1922590000,
27/8/2017,38.58,41.23,37.42,40.09,50649600,2004660000,
26/8/2017,40.31,40.52,37.70,38.59,41017800,1929280000,
25/8/2017,41.96,42.26,39.78,40.30,47772200,2014850000,
24/8/2017,39.92,42.13,39.31,42.05,63875500,2102660000,
23/8/2017,35.83,44.03,35.25,40.00,131763000,2000175000,
22/8/2017,35.16,36.17,31.60,35.85,68265296,1792695000,
21/8/2017,38.04,38.28,34.15,35.30,85955000,1764890000,
20/8/2017,39.63,40.65,38.16,38.19,85862200,1909275000,
19/8/2017,38.86,42.22,35.40,39.97,168358000,1998665000,
18/8/2017,40.85,41.16,31.32,38.85,209844992,1942370000,
17/8/2017,45.72,46.34,38.91,40.69,191410000,2034685000,
16/8/2017,46.98,51.24,44.69,45.54,170272992,2276820000,
15/8/2017,47.50,47.99,39.52,47.49,262800992,2374730000,
14/8/2017,47.63,52.02,44.79,47.43,343704992,2371745000,
13/8/2017,36.86,52.63,35.32,46.65,448654016,2332275000,
12/8/2017,33.16,37.37,30.45,36.61,177772000,1830740000,
11/8/2017,36.32,39.13,27.58,33.50,382070016,1675140000,
10/8/2017,21.68,38.44,21.36,36.18,360124992,1808980000,
9/8/2017,18.34,21.94,17.46,21.75,116795000,1087480000,
8/8/2017,18.73,19.34,15.59,18.27,124589000,913695000,
7/8/2017,15.20,20.24,14.36,18.68,166514000,933845000,
6/8/2017,14.17,16.19,13.42,15.21,81450800,760545000,
5/8/2017,10.39,14.95,10.24,14.02,82680400,701035000,
4/8/2017,10.84,11.22,9.97,10.43,56285500,521295000,
3/8/2017,8.19,10.70,8.06,10.67,49848800,533730000,
2/8/2017,7.85,8.30,7.71,8.11,17559000,405432500,
1/8/2017,7.36,8.20,6.96,7.86,18527900,393015000,
31/7/2017,7.16,7.43,7.02,7.33,10856600,366449000,
30/7/2017,7.27,7.30,6.94,7.15,9006030,357402500,
29/7/2017,7.09,7.46,6.76,7.26,10518400,363095500,
28/7/2017,7.75,7.88,6.93,7.09,15725800,354702000,
27/7/2017,7.22,7.94,7.13,7.72,15251100,386214000,
26/7/2017,7.33,7.59,6.58,7.17,16765600,358717000,
25/7/2017,8.48,8.48,6.88,7.35,19480400,367701000,
24/7/2017,8.61,8.81,8.19,8.46,21283700,423127000,
23/7/2017,8.64,8.93,7.76,8.57,29915100,428255000,
22/7/2017,7.39,9.12,7.31,8.62,32890800,431138500,
21/7/2017,7.24,7.97,7.03,7.42,21298000,370904500,
20/7/2017,5.89,7.47,5.89,7.21,25476100,360615500,
19/7/2017,6.04,6.23,5.65,5.88,14255500,294106000,
18/7/2017,5.77,6.29,5.51,6.02,18101700,301218500,
17/7/2017,5.06,5.85,5.03,5.77,15013000,288367500,
16/7/2017,5.03,5.27,4.83,5.04,9498420,252236500,
15/7/2017,5.55,5.55,4.98,5.03,11294200,251293000,
14/7/2017,6.27,6.29,5.42,5.54,12351000,277156000,
13/7/2017,6.68,6.95,5.91,6.29,17824000,314702500,
12/7/2017,5.31,6.69,5.07,6.63,23337300,331534500,
11/7/2017,5.93,6.11,4.83,5.40,20182900,269825000,
10/7/2017,6.91,6.96,5.58,6.03,11395300,301442500,
9/7/2017,7.40,7.62,6.87,6.90,10422500,344761000,
8/7/2017,6.79,7.63,5.91,7.45,24138500,372492000,
7/7/2017,7.83,7.89,6.74,6.77,16409500,338573000,
6/7/2017,7.98,8.34,7.69,7.84,17932500,391921000,
5/7/2017,7.77,8.66,7.23,8.03,29368100,401517000,
4/7/2017,8.22,8.49,7.77,7.78,15781600,389144000,
3/7/2017,8.06,8.48,7.52,8.22,28820400,410793000,
2/7/2017,7.96,8.51,6.75,8.10,47478700,404759500,
1/7/2017,8.77,9.24,7.74,7.95,33128400,397474500,
30/6/2017,9.72,10.00,8.60,8.73,43355500,436469000,
29/6/2017,8.34,10.07,7.91,9.77,77050000,488460000,
28/6/2017,6.96,8.69,6.49,8.38,72982304,419068500,
27/6/2017,5.35,7.26,5.09,6.83,71029696,341712500,
26/6/2017,5.95,6.22,4.42,5.53,27615900,276520000,
25/6/2017,6.29,6.46,5.66,5.95,24890900,297364500,
24/6/2017,6.87,7.11,6.25,6.30,33359500,314769500,
23/6/2017,6.92,7.43,5.78,6.84,67033300,342043500,
22/6/2017,10.16,10.51,6.90,6.94,115249000,346969500,
21/6/2017,8.04,10.21,7.81,10.15,88374400,507335000,
20/6/2017,11.79,11.79,7.87,8.00,126661000,400068000,
19/6/2017,5.46,11.81,5.46,11.72,281340992,585910000,
18/6/2017,3.79,5.26,3.47,5.26,61381000,263108500,
17/6/2017,2.80,4.18,2.70,3.76,82601000,187861500,
16/6/2017,1.80,2.81,1.72,2.77,45782200,138604500,
15/6/2017,1.74,1.84,1.54,1.78,9550940,89164500,
14/6/2017,1.81,1.94,1.68,1.74,10497200,87054000,
13/6/2017,1.50,1.86,1.50,1.81,10456500,90444500,
12/6/2017,1.67,1.69,1.40,1.51,7492490,75338000,
11/6/2017,1.69,1.73,1.52,1.67,6479410,83496500,
10/6/2017,1.54,2.07,1.53,1.68,17295300,83887000,
9/6/2017,1.36,1.59,1.33,1.55,9728020,77696500,
8/6/2017,1.27,1.36,1.19,1.36,7118290,67885500,
7/6/2017,1.34,1.36,1.27,1.28,2994510,63891500,
6/6/2017,1.28,1.37,1.20,1.34,5234170,66930500,
5/6/2017,1.27,1.35,1.25,1.28,3876920,63856500,
4/6/2017,1.25,1.32,1.22,1.26,2572220,62810000,
3/6/2017,1.36,1.36,1.15,1.26,4049740,62900000,
2/6/2017,1.25,1.40,1.18,1.35,7157890,67597000,
1/6/2017,1.03,1.30,1.01,1.24,8061920,61876000,
31/5/2017,1.02,1.08,0.966531,1.03,3001020,51263500,
30/5/2017,0.975403,1.13,0.970573,1.02,5393720,51193000,
29/5/2017,0.921727,0.974728,0.873447,0.966765,2171000,48338250,
28/5/2017,0.989557,1.07,0.814832,0.930106,5133830,46505300,
27/5/2017,0.806824,1.03,0.598245,0.982348,7025920,49117400,
26/5/2017,1.11,1.22,0.694110,0.826549,6847940,41327450,
25/5/2017,1.74,1.74,1.01,1.11,12458000,55304000,
24/5/2017,0.878954,1.90,0.863444,1.76,22900400,87853000,
23/5/2017,0.721726,0.901805,0.695115,0.877157,3858760,43857850,
22/5/2017,0.682007,0.742591,0.669175,0.720486,2331300,36024300,
21/5/2017,0.665434,0.744667,0.618864,0.664141,2621930,33207050,
20/5/2017,0.638148,0.671513,0.612225,0.665485,1476170,33274250,
19/5/2017,0.539752,0.682251,0.539752,0.631860,1884600,31593000,
18/5/2017,0.533423,0.552265,0.514519,0.539481,1201540,26974050,
17/5/2017,0.464285,0.531643,0.454101,0.531643,1328670,26582150,
16/5/2017,0.474567,0.474567,0.452551,0.463667,637204,23183350,
15/5/2017,0.477364,0.493300,0.454150,0.470057,897219,23502850,
14/5/2017,0.483372,0.490861,0.473253,0.477543,501693,23877150,
13/5/2017,0.487873,0.491284,0.451528,0.484544,616908,24227200,
12/5/2017,0.480874,0.508175,0.469682,0.487684,548028,24384200,
11/5/2017,0.504314,0.520573,0.431391,0.481077,953152,24053850,
10/5/2017,0.449260,0.541055,0.449260,0.503894,843243,25194700,
9/5/2017,0.496131,0.501255,0.407576,0.449370,1076450,22468500,
8/5/2017,0.530300,0.542761,0.486931,0.496572,1025750,24828600,
7/5/2017,0.585263,0.591143,0.516306,0.535792,1249060,26789600,
6/5/2017,0.572854,0.590350,0.537649,0.587670,1341720,29383500,
5/5/2017,0.493833,0.576426,0.470129,0.576426,2660100,28821300,
4/5/2017,0.345096,0.500403,0.334537,0.500309,2317450,25015450,
3/5/2017,0.314746,0.348589,0.309078,0.343782,758237,17189100,
2/5/2017,0.319147,0.326074,0.280153,0.314833,588824,15741650,
1/5/2017,0.361689,0.361689,0.269563,0.318838,1142050,15941900,
30/4/2017,0.271731,0.362409,0.268994,0.360099,1631520,18004950,
29/4/2017,0.229612,0.290570,0.221128,0.271729,960013,13586450,
28/4/2017,0.202194,0.229271,0.201420,0.229255,473689,11462750,
27/4/2017,0.184394,0.208510,0.181833,0.202092,327972,10104600,
26/4/2017,0.183475,0.188085,0.179909,0.184577,185400,9228850,
25/4/2017,0.173606,0.184094,0.166802,0.183504,241805,9175200,
24/4/2017,0.177077,0.177153,0.163354,0.173758,262706,8687900,
23/4/2017,0.180684,0.185985,0.169937,0.174960,175678,8748000,
22/4/2017,0.178943,0.188524,0.173304,0.183058,288119,9152900,
21/4/2017,0.184685,0.185694,0.174442,0.178122,263127,8906100,
20/4/2017,0.189534,0.191015,0.178645,0.184725,222525,9236250,
19/4/2017,0.180622,0.190709,0.178089,0.189408,297302,9470400,
18/4/2017,0.191910,0.192224,0.176355,0.180479,348694,9023950,
17/4/2017,0.191583,0.192535,0.179468,0.191489,331308,9574450,
16/4/2017,0.193672,0.195650,0.188923,0.192076,167886,9603800,
15/4/2017,0.192991,0.194574,0.190452,0.192164,76566.40,9608200,
14/4/2017,0.191540,0.193960,0.190495,0.192958,103138,9647900,
13/4/2017,0.193966,0.196013,0.190089,0.191686,147722,9584300,
12/4/2017,0.198357,0.200199,0.191723,0.195553,192252,9777650,
11/4/2017,0.209023,0.211772,0.189697,0.197826,257457,9891300,
10/4/2017,0.188842,0.220733,0.186149,0.207874,208420,10393700,
9/4/2017,0.189679,0.191026,0.186312,0.188861,97362.10,9443050,
8/4/2017,0.189456,0.193674,0.188398,0.190221,54653.90,9511050,
7/4/2017,0.187871,0.192661,0.184796,0.188531,81617.80,9426550,
6/4/2017,0.184767,0.190455,0.184234,0.186430,82505.10,9321500,
5/4/2017,0.185082,0.192548,0.182758,0.184719,102043,9235950,
4/4/2017,0.199874,0.202591,0.181038,0.185002,148096,9250100,
3/4/2017,0.205808,0.205959,0.196132,0.199703,104805,9985150,
2/4/2017,0.203584,0.206776,0.200261,0.205480,102369,10274000,
1/4/2017,0.203606,0.206153,0.194440,0.205017,109993,10250850,
31/3/2017,0.210236,0.213953,0.196505,0.203541,291529,10177050,
30/3/2017,0.212468,0.221930,0.206085,0.210556,504940,10527800,
29/3/2017,0.220650,0.225506,0.205719,0.212428,335567,10621400,
28/3/2017,0.186277,0.235749,0.180596,0.220632,821674,11031600,
27/3/2017,0.161165,0.191642,0.160717,0.186426,201563,9321300,
26/3/2017,0.167267,0.175043,0.158772,0.160384,37656.30,8019200,
25/3/2017,0.166941,0.167388,0.157475,0.167305,47641.00,8365250,
24/3/2017,0.166412,0.178022,0.159289,0.166465,52184.20,8323250,
23/3/2017,0.173183,0.176421,0.156976,0.166412,38168.50,8320600,
22/3/2017,0.164951,0.179551,0.159475,0.173143,157814,8657150,
21/3/2017,0.153972,0.167727,0.150715,0.164934,234287,8246700,
20/3/2017,0.157444,0.162542,0.149597,0.153898,68538.60,7694900,
19/3/2017,0.159019,0.163016,0.149322,0.157560,68673.30,7878000,
18/3/2017,0.140006,0.172281,0.140006,0.158987,188985,7949350,
17/3/2017,0.131324,0.166127,0.122856,0.139902,63413.20,6995100,
16/3/2017,0.128773,0.136685,0.125514,0.131867,20678.30,6593350,
15/3/2017,0.133699,0.140774,0.128158,0.128653,16169.00,6432650,
14/3/2017,0.136986,0.137204,0.127028,0.133681,23746.40,6684050,
13/3/2017,0.140799,0.140823,0.127288,0.136979,23196.10,6848950,
12/3/2017,0.142217,0.143570,0.131473,0.140575,36588.30,7028750,
11/3/2017,0.131403,0.142793,0.129965,0.142142,32280.90,7107100,
10/3/2017,0.132107,0.141972,0.120088,0.131476,34319.30,6573800,
9/3/2017,0.116266,0.140766,0.114151,0.132026,21035.40,6601300,
8/3/2017,0.122602,0.128715,0.116242,0.116242,5535.90,5812100,
7/3/2017,0.123459,0.123531,0.116952,0.122573,8291.08,6128650,
6/3/2017,0.121782,0.124417,0.118414,0.123450,10659.00,6172500,
5/3/2017,0.119821,0.123680,0.116513,0.121757,4191.90,6087850,
4/3/2017,0.122602,0.125583,0.117666,0.119901,6235.48,5995050,
3/3/2017,0.119272,0.124929,0.118119,0.122444,9499.01,6122200,
2/3/2017,0.135408,0.135475,0.115596,0.119301,8963.03,5965050,
1/3/2017,0.117455,0.135197,0.113717,0.135197,12914.30,6759850,
28/2/2017,0.115442,0.118271,0.113307,0.117443,19659.30,5872150,
27/2/2017,0.115234,0.118632,0.109630,0.115376,8960.20,5768800,
26/2/2017,0.114553,0.115582,0.104331,0.114986,8433.31,5749300,
25/2/2017,0.120864,0.121660,0.110955,0.114526,9338.60,5726300,
24/2/2017,0.119243,0.136124,0.086475,0.121185,17386.20,6059250,
23/2/2017,0.121958,0.122226,0.114699,0.118724,6304.03,5936200,
22/2/2017,0.124515,0.124515,0.115683,0.121959,6902.84,6097950,
21/2/2017,0.121400,0.127322,0.114101,0.121561,14370.40,6078050,
20/2/2017,0.123001,0.127204,0.116679,0.121475,10970.70,6073750,
19/2/2017,0.124522,0.124827,0.117671,0.122905,4321.01,6145250,
18/2/2017,0.122901,0.130873,0.119005,0.124431,13458.00,6221550,
17/2/2017,0.125972,0.130485,0.115022,0.122661,28259.30,6133050,
16/2/2017,0.112739,0.126088,0.112574,0.126088,10794.50,6304400,
15/2/2017,0.116744,0.120698,0.111437,0.112729,5690.25,5636450,
14/2/2017,0.118339,0.121985,0.114384,0.116603,6788.44,5830150,
13/2/2017,0.121530,0.137720,0.118105,0.118286,6977.31,5914300,
12/2/2017,0.125493,0.137479,0.117401,0.121566,3330.24,6078300,
11/2/2017,0.125788,0.127159,0.122483,0.125607,743.09,6280350,
10/2/2017,0.127540,0.131710,0.117976,0.125761,2605.18,6288050,
9/2/2017,0.129684,0.132791,0.118249,0.127476,10869.50,6373800,
8/2/2017,0.133244,0.134031,0.121542,0.129568,8268.24,6478400,
7/2/2017,0.126972,0.136817,0.126972,0.133135,5301.86,6656750,
6/2/2017,0.131717,0.138723,0.125146,0.126788,10498.10,6339400,
5/2/2017,0.135944,0.143104,0.128306,0.131582,2684.71,6579100,
4/2/2017,0.134385,0.147454,0.132960,0.135867,10217.40,6793350,
3/2/2017,0.145650,0.145650,0.132985,0.134264,9701.94,6713200,
2/2/2017,0.147206,0.147974,0.134287,0.145699,2973.24,7284950,
1/2/2017,0.147034,0.150287,0.140878,0.147218,4495.72,7360900,
31/1/2017,0.153713,0.153791,0.144326,0.147016,17416.10,7350800,
30/1/2017,0.141147,0.153760,0.140489,0.153760,9284.94,7688000,
29/1/2017,0.138097,0.141860,0.132053,0.141204,11695.10,7060200,
28/1/2017,0.130334,0.137387,0.125774,0.134674,7066.20,6733700,
27/1/2017,0.129894,0.135296,0.128775,0.130343,9238.09,6517150,
26/1/2017,0.124319,0.135711,0.120759,0.133612,7694.42,6680600,
25/1/2017,0.120212,0.129256,0.115434,0.124216,6426.91,6210800,
24/1/2017,0.128569,0.128569,0.113295,0.120213,7139.01,6010650,
23/1/2017,0.114416,0.130461,0.111428,0.129948,7174.84,6497400,
22/1/2017,0.116306,0.119379,0.109804,0.114313,6467.88,5715650,
21/1/2017,0.117955,0.127853,0.114241,0.116309,15334.70,5815450,
20/1/2017,0.116596,0.124276,0.111754,0.117809,16255.30,5890450,
19/1/2017,0.123035,0.123948,0.116102,0.116619,14984.00,5830950,
18/1/2017,0.116816,0.123035,0.115687,0.123035,7456.64,6151750,
17/1/2017,0.119675,0.122525,0.114662,0.116638,7960.20,5831900,
16/1/2017,0.123730,0.123958,0.118628,0.119649,5111.73,5982450,
15/1/2017,0.122904,0.132022,0.117124,0.123732,6953.74,6186600,
14/1/2017,0.121337,0.123940,0.116299,0.122939,9261.52,6146950,
13/1/2017,0.124106,0.124342,0.113803,0.121321,50364.70,6066050,
12/1/2017,0.115137,0.124128,0.109263,0.124122,59945.30,6206100,
11/1/2017,0.133970,0.134950,0.112802,0.115138,120522,5756900,
10/1/2017,0.123761,0.139550,0.123113,0.133864,126915,6693200,
9/1/2017,0.132630,0.133670,0.117667,0.123767,90000.30,6188350,
8/1/2017,0.128325,0.134773,0.127755,0.132609,69033.40,6630450,
7/1/2017,0.135505,0.135759,0.125106,0.131104,53817.80,6555200,
6/1/2017,0.131087,0.139018,0.131087,0.135472,54666.40,6773600,
5/1/2017,0.136797,0.143977,0.126582,0.131070,206224,6553500,
4/1/2017,0.140294,0.142834,0.134433,0.136734,94044.50,6836700,
3/1/2017,0.145645,0.147282,0.139653,0.140422,90544.00,7021100,
2/1/2017,0.141841,0.147746,0.141841,0.145642,75921.10,7282100,
1/1/2017,0.144763,0.147274,0.139742,0.141841,63512.20,7092050,
31/12/2016,0.147526,0.148837,0.142705,0.144763,60999.90,7238150,
30/12/2016,0.143599,0.148070,0.136893,0.147527,69464.20,7376350,
29/12/2016,0.150688,0.151915,0.140106,0.140950,100992,7047500,
28/12/2016,0.158032,0.162041,0.145990,0.150689,118030,7534450,
27/12/2016,0.166600,0.177395,0.153932,0.158032,265268,7901600,
26/12/2016,0.146785,0.182563,0.141148,0.166597,579250,8329850,
25/12/2016,0.144213,0.153788,0.141296,0.146788,239670,7339400,
24/12/2016,0.139545,0.151804,0.136822,0.146916,132934,7345800,
23/12/2016,0.155059,0.157925,0.131227,0.137593,187645,6879650,
22/12/2016,0.166441,0.184986,0.147481,0.155065,544880,7753250,
21/12/2016,0.120868,0.168983,0.118599,0.167117,635204,8355850,
20/12/2016,0.121536,0.124127,0.115108,0.120868,73913.30,6043400,
19/12/2016,0.115260,0.121812,0.106848,0.121387,55325.80,6069350,
18/12/2016,0.105842,0.117273,0.101063,0.115260,37745.50,5763000,
17/12/2016,0.114445,0.115568,0.101740,0.105842,62650.10,5292100,
16/12/2016,0.109869,0.118707,0.109327,0.114432,49515.30,5721600,
15/12/2016,0.121012,0.123902,0.109819,0.109837,38085.80,5491850,
14/12/2016,0.127930,0.127930,0.120364,0.121008,50947.70,6050400,
13/12/2016,0.133035,0.136888,0.125618,0.127959,30845.10,6397950,
12/12/2016,0.122082,0.140238,0.122082,0.129977,57019.20,6498850,
11/12/2016,0.125352,0.128221,0.120730,0.122134,41966.60,6106700,
10/12/2016,0.130952,0.132206,0.124770,0.125328,37026.50,6266400,
9/12/2016,0.134409,0.136923,0.129699,0.130070,54783.10,6503500,
8/12/2016,0.137448,0.138971,0.134429,0.134429,31065.00,6721450,
7/12/2016,0.136196,0.142794,0.134726,0.137450,51152.40,6872500,
6/12/2016,0.138960,0.141810,0.135703,0.136097,54376.40,6804850,
5/12/2016,0.147270,0.147270,0.138194,0.141459,71656.10,7072950,
4/12/2016,0.142444,0.157052,0.142444,0.147170,109462,7358500,
3/12/2016,0.141987,0.144054,0.136455,0.142444,121437,7122200,
2/12/2016,0.140119,0.145737,0.138452,0.141991,69741.60,7099550,
1/12/2016,0.144522,0.144846,0.138559,0.140114,62768.90,7005700,
30/11/2016,0.149963,0.150848,0.140499,0.144636,63418.20,7231800,
29/11/2016,0.167861,0.167909,0.141612,0.149953,121979,7497650,
28/11/2016,0.173073,0.175046,0.166608,0.167994,92873.20,8399700,
27/11/2016,0.174134,0.179557,0.173007,0.173050,34618.10,8652500,
26/11/2016,0.174608,0.185637,0.173892,0.174141,53456.10,8707050,
25/11/2016,0.171903,0.191663,0.171885,0.174514,148809,8725700,
24/11/2016,0.167006,0.186579,0.165703,0.171955,252878,8597750,
23/11/2016,0.168883,0.172495,0.166940,0.167085,18865.50,8354250,
22/11/2016,0.173474,0.174220,0.167397,0.168892,30457.10,8444600,
21/11/2016,0.171000,0.174966,0.169408,0.173476,13976.70,8673800,
20/11/2016,0.169929,0.171309,0.161549,0.170999,6887.84,8549950,
19/11/2016,0.172135,0.176490,0.168427,0.169928,20977.30,8496400,
18/11/2016,0.173267,0.196769,0.169420,0.172177,170258,8608850,
17/11/2016,0.162654,0.177109,0.162560,0.173280,115600,8664000,
16/11/2016,0.173875,0.177754,0.153992,0.162529,52766.50,8126450,
15/11/2016,0.183863,0.183864,0.172835,0.173875,58216.90,8693750,
14/11/2016,0.170347,0.196291,0.168508,0.183786,161342,9189300,
13/11/2016,0.168699,0.172853,0.163703,0.169917,47661.00,8495850,
12/11/2016,0.172603,0.179612,0.166288,0.168695,38920.00,8434750,
11/11/2016,0.168293,0.181036,0.165815,0.176226,92296.20,8811300,
10/11/2016,0.159342,0.179854,0.154536,0.168272,226859,8413600,
9/11/2016,0.161599,0.166946,0.156541,0.159859,51100.50,7992950,
8/11/2016,0.173073,0.173376,0.160523,0.161594,64486.60,8079700,
7/11/2016,0.163957,0.174019,0.143322,0.173087,264007,8654350,
