Date,Opens at:,ClosesAt:,HighestAt:,LowestAt:,VolumeTraded:,MarketCap:
5/2/2020,9183.42,9701.30,9163.70,9613.42,35222060874,174983423933,
4/2/2020,9292.84,9331.27,9112.81,9180.96,29893183716,167093636162,
3/2/2020,9344.68,9540.37,9248.63,9293.52,30934096509,169126861034,
2/2/2020,9389.82,9468.80,9217.82,9344.37,30835736946,170034976662,
1/2/2020,9346.36,9439.32,9313.24,9392.88,25922656496,170900662180,
31/1/2020,9508.31,9521.71,9230.78,9350.53,29432489719,170112778161,
30/1/2020,9316.02,9553.13,9230.90,9508.99,32378792851,172978577931,
29/1/2020,9357.47,9406.43,9269.47,9316.63,30682598115,169460984603,
28/1/2020,8912.52,9358.59,8908.45,9358.59,34398744403,170205617955,
27/1/2020,8597.31,8977.73,8597.31,8909.82,28647338393,162027957435,
26/1/2020,8364.41,8602.40,8325.50,8596.83,22177678796,156322174637,
25/1/2020,8440.12,8458.45,8296.22,8367.85,19647331549,152143262650,
24/1/2020,8405.57,8514.67,8266.84,8445.43,24397913026,153536829768,
23/1/2020,8680.65,8687.75,8333.64,8406.52,25770680779,152813329633,
22/1/2020,8744.21,8792.99,8636.75,8680.88,22600204051,157783273070,
21/1/2020,8658.99,8755.71,8544.52,8745.89,24097418512,158947996834,
20/1/2020,8704.63,8745.59,8560.47,8657.64,26422375678,157327553259,
19/1/2020,8941.45,9164.36,8620.08,8706.25,34217320471,158194319735,
18/1/2020,8927.21,9012.20,8827.33,8942.81,32337772627,162475965880,
17/1/2020,8725.21,8958.12,8677.32,8929.04,36372139320,162211148778,
16/1/2020,8812.48,8846.46,8612.10,8723.79,31313981931,158465055984,
15/1/2020,8825.34,8890.12,8657.19,8807.01,40102834650,159959191212,
14/1/2020,8140.93,8879.51,8140.93,8827.76,44841784107,160319484883,
13/1/2020,8189.77,8197.79,8079.70,8144.19,22482910688,147890525973,
12/1/2020,8033.26,8200.06,8009.06,8192.49,22903438381,148752956966,
11/1/2020,8162.19,8218.36,8029.64,8037.54,25521165085,145924199942,
10/1/2020,7878.31,8166.55,7726.77,8166.55,28714583844,148249907277,
9/1/2020,8082.30,8082.30,7842.40,7879.07,24045990466,143016572819,
8/1/2020,8161.94,8396.74,7956.77,8079.86,31672559265,146645162431,
7/1/2020,7768.68,8178.22,7768.23,8163.69,28767291327,148152237654,
6/1/2020,7410.45,7781.87,7409.29,7769.22,23276261598,140976457304,
5/1/2020,7410.45,7544.50,7400.54,7411.32,19725074095,134469548249,
4/1/2020,7345.38,7427.39,7309.51,7410.66,18444271275,134442464030,
3/1/2020,6984.43,7413.72,6915.00,7344.88,28111481032,133233444755,
2/1/2020,7202.55,7212.16,6935.27,6985.47,20802083465,126699395235,
1/1/2020,7194.89,7254.33,7174.94,7200.17,18565664997,130580829150,
31/12/2019,7294.44,7335.29,7169.78,7193.60,21167946112,130446112598,
30/12/2019,7420.27,7454.82,7276.31,7293.00,22874131672,132235128152,
29/12/2019,7317.65,7513.95,7279.87,7422.65,22445257702,134570835775,
28/12/2019,7289.03,7399.04,7286.91,7317.99,21365673026,132659059740,
27/12/2019,7238.14,7363.53,7189.93,7290.09,22777360996,132139502950,
26/12/2019,7274.80,7388.30,7200.39,7238.97,22787010034,131200030100,
25/12/2019,7325.76,7357.02,7220.99,7275.16,21559505149,131840641292,
24/12/2019,7354.39,7535.72,7269.53,7322.53,22991622105,132687583295,
23/12/2019,7508.90,7656.18,7326.19,7355.63,27831788041,133275709111,
22/12/2019,7191.19,7518.03,7167.18,7511.59,23134537956,136088022049,
21/12/2019,7220.59,7223.23,7112.74,7191.16,19312552168,130267655889,
20/12/2019,7208.64,7257.92,7086.12,7218.82,22633815180,130752796980,
19/12/2019,7277.59,7346.60,7041.38,7202.84,25904604416,130445758713,
18/12/2019,6647.70,7324.98,6540.05,7276.80,31836522778,131754969804,
17/12/2019,6931.32,6964.07,6587.97,6640.52,22363804217,120234244809,
16/12/2019,7153.66,7171.17,6903.68,6932.48,20213265950,125515586952,
15/12/2019,7124.24,7181.08,6924.38,7152.30,16881129804,129481424648,
14/12/2019,7268.90,7308.84,7097.21,7124.67,17137029730,128970221233,
13/12/2019,7244.66,7293.56,7227.12,7269.68,17125736940,131581377758,
12/12/2019,7216.74,7266.64,7164.74,7243.13,18927080224,131087151088,
11/12/2019,7277.20,7324.16,7195.53,7217.43,16350490689,130609895528,
10/12/2019,7397.13,7424.02,7246.04,7278.12,18249031195,131696121855,
9/12/2019,7561.80,7618.09,7365.99,7400.90,17872021272,133904005787,
8/12/2019,7551.34,7634.61,7476.09,7564.35,15409908086,136847419896,
7/12/2019,7547.27,7589.95,7525.71,7556.24,15453520564,136686769529,
6/12/2019,7450.56,7547.00,7392.18,7547.00,18104466307,136504883935,
5/12/2019,7253.24,7743.43,7232.68,7448.31,18816085231,134706455048,
4/12/2019,7320.13,7539.78,7170.92,7252.03,21664240918,131143073943,
3/12/2019,7323.98,7418.86,7229.36,7320.15,14797485769,132359942301,
2/12/2019,7424.04,7474.82,7233.40,7321.99,17082040706,132378982377,
1/12/2019,7571.62,7571.62,7291.34,7424.29,18720708479,134215145410,
30/11/2019,7764.06,7836.10,7515.85,7569.63,17158194786,136829391049,
29/11/2019,7466.73,7781.18,7460.76,7761.24,19709695456,140280108521,
28/11/2019,7536.82,7730.07,7454.12,7463.11,19050116751,134879411013,
27/11/2019,7220.88,7619.69,6974.17,7531.66,23991412764,136102712894,
26/11/2019,7145.16,7320.23,7098.57,7218.37,21129505542,130429018720,
25/11/2019,7039.98,7319.86,6617.17,7146.13,42685231262,129112952930,
24/11/2019,7398.63,7408.58,7029.29,7047.92,30433517289,127327398565,
23/11/2019,7296.16,7442.26,7151.42,7397.80,21008924418,133636205957,
22/11/2019,7643.57,7697.38,6936.71,7296.58,34242315785,131791783672,
21/11/2019,8023.64,8110.10,7597.38,7642.75,22514243371,138031885379,
20/11/2019,8203.61,8237.24,8010.51,8027.27,20764300437,144962727398,
19/11/2019,8305.13,8408.52,8099.96,8206.15,21083613816,148178376843,
18/11/2019,8573.98,8653.28,8273.57,8309.29,21579470673,150025712267,
17/11/2019,8549.47,8727.79,8500.97,8577.98,18668638897,154861842425,
16/11/2019,8491.17,8592.00,8473.97,8550.76,16495389808,154354054194,
15/11/2019,8705.71,8730.87,8484.84,8491.99,21796856471,153277483626,
14/11/2019,8811.94,8826.94,8692.55,8708.10,19084739975,157160974644,
13/11/2019,8812.03,8836.84,8761.65,8808.26,17545755405,158949942842,
12/11/2019,8759.75,8853.77,8685.43,8815.66,20309769107,159068712900,
11/11/2019,9056.92,9081.28,8700.61,8757.79,20265510765,158009772437,
10/11/2019,8812.49,9103.83,8806.16,9055.53,20587919881,163364406732,
9/11/2019,8809.47,8891.82,8793.16,8813.58,17578630606,158981489715,
8/11/2019,9265.37,9272.76,8775.53,8804.88,24333037836,158808570729,
7/11/2019,9352.39,9368.48,9202.35,9267.56,22700383839,167138722904,
6/11/2019,9340.86,9423.24,9305.91,9360.88,23133895765,168806151583,
5/11/2019,9413.00,9457.42,9256.93,9342.53,26198609048,168459778835,
4/11/2019,9235.61,9505.05,9191.49,9412.61,26170255634,169706332936,
3/11/2019,9324.79,9379.81,9141.25,9235.35,21132220847,166495319475,
2/11/2019,9259.78,9377.49,9249.59,9324.72,21242676385,168090392935,
1/11/2019,9193.99,9275.66,9132.05,9261.10,24324691031,166928044164,
31/10/2019,9202.46,9383.16,9028.72,9199.58,26583653947,165804227835,
30/10/2019,9422.46,9426.87,9085.37,9205.73,27706531577,165899500650,
29/10/2019,9248.44,9516.18,9232.65,9427.69,28426779937,169883866262,
28/10/2019,9565.10,9805.12,9256.15,9256.15,30948255332,166777392742,
27/10/2019,9241.71,9749.53,9112.54,9551.71,32593129501,172087039875,
26/10/2019,8667.58,10021.74,8662.62,9244.97,44496255609,166547360782,
25/10/2019,7490.70,8691.54,7479.98,8660.70,28705065488,156006603607,
24/10/2019,7509.73,7532.87,7446.99,7493.49,16268708849,134968410276,
23/10/2019,8076.23,8093.00,7469.32,7514.67,21942878958,135337364282,
22/10/2019,8243.40,8296.65,8074.46,8078.20,16803377857,145469660005,
21/10/2019,8225.12,8296.69,8196.42,8243.72,15868748866,148432733155,
20/10/2019,7997.81,8281.82,7949.44,8222.08,15504249442,148026597064,
19/10/2019,7973.80,8082.63,7944.78,7988.56,13797825640,143808163807,
18/10/2019,8100.93,8138.41,7902.16,7973.21,15651592610,143517630376,
17/10/2019,8047.81,8134.83,8000.94,8103.91,14313052244,145853994298,
16/10/2019,8204.67,8216.81,7985.09,8047.53,16071646996,144823993562,
15/10/2019,8373.46,8410.71,8182.71,8205.37,15220412632,147650082215,
14/10/2019,8320.83,8390.21,8284.13,8374.69,15151387859,150680499056,
13/10/2019,8336.90,8470.99,8276.61,8321.01,13808286059,149700817939,
12/10/2019,8315.66,8415.24,8313.34,8336.56,14532641605,149965767624,
11/10/2019,8585.26,8721.78,8316.18,8321.76,19604381101,149685618275,
10/10/2019,8585.28,8625.27,8471.93,8586.47,17618660671,154430515160,
9/10/2019,8229.84,8627.71,8169.30,8595.74,19384942333,154579656110,
8/10/2019,8246.85,8332.72,8185.76,8228.78,15592264032,147966069982,
7/10/2019,7989.12,8308.45,7905.77,8245.62,18009742607,148252589805,
6/10/2019,8149.88,8161.41,7958.85,7988.16,13160830305,143607672862,
5/10/2019,8210.15,8215.53,8071.12,8151.50,12200497197,146529229668,
4/10/2019,8259.49,8260.06,8151.24,8205.94,13139456229,147491804056,
3/10/2019,8390.77,8414.23,8146.44,8259.99,13668823409,148448162840,
2/10/2019,8344.21,8393.04,8227.70,8393.04,13125712443,150823797662,
1/10/2019,8299.72,8497.69,8232.68,8343.28,15305343413,149913972768,
30/9/2019,8104.23,8314.23,7830.76,8293.87,17115474183,149011567415,
29/9/2019,8246.04,8261.71,7990.50,8104.19,13034629109,145590374681,
28/9/2019,8251.27,8285.62,8125.43,8245.92,14141152736,148122503616,
27/9/2019,8113.10,8271.52,7965.92,8251.85,16408941156,148212635834,
26/9/2019,8487.67,8515.69,7895.63,8118.97,19258205289,145812492488,
25/9/2019,8603.43,8744.83,8325.40,8486.99,21744728353,152404005091,
24/9/2019,9729.32,9804.32,8370.80,8620.57,25002886689,154785821876,
23/9/2019,10067.96,10074.24,9727.14,9729.32,15144925408,174674558023,
22/9/2019,10024.12,10074.44,9922.53,10070.39,13199651698,180784051699,
21/9/2019,10183.65,10188.10,10000.71,10019.72,13425266806,179853287294,
20/9/2019,10266.32,10285.87,10132.19,10181.64,14734189639,182738947696,
19/9/2019,10200.50,10295.67,9851.69,10266.41,19937691247,184240949577,
18/9/2019,10247.80,10275.93,10191.47,10198.25,16169268880,182998899156,
17/9/2019,10281.51,10296.77,10199.74,10241.27,15304603363,183748515828,
16/9/2019,10347.22,10386.87,10189.74,10276.79,15160167779,184366827555,
15/9/2019,10356.47,10387.03,10313.09,10347.71,12043433567,185618174384,
14/9/2019,10345.40,10422.13,10291.69,10358.05,13468713124,185784300332,
13/9/2019,10415.36,10441.49,10226.60,10360.55,14109864675,185809163035,
12/9/2019,10176.82,10442.25,10099.24,10410.13,15323563925,186678943059,
11/9/2019,10123.03,10215.95,9980.78,10178.37,15428063426,182502788242,
10/9/2019,10336.41,10394.35,10020.57,10115.98,14906809639,181360731383,
9/9/2019,10443.23,10450.31,10144.93,10334.97,17595943368,185263578990,
8/9/2019,10518.11,10595.64,10409.09,10441.28,13670567493,187150078007,
7/9/2019,10353.93,10558.67,10348.92,10517.25,15307366476,188488525926,
6/9/2019,10578.20,10898.76,10292.30,10353.30,19536574783,185530405363,
5/9/2019,10588.18,10627.27,10516.42,10575.53,14551239508,189492405383,
4/9/2019,10621.18,10762.64,10434.71,10594.49,16742664769,189810010608,
3/9/2019,10345.73,10736.10,10308.55,10623.54,19384917989,190312487956,
2/9/2019,9757.47,10396.59,9730.65,10346.76,17248102294,185333114163,
1/9/2019,9630.59,9796.76,9582.94,9757.97,11445355859,174768292883,
31/8/2019,9597.54,9673.22,9531.80,9630.66,11454806419,172470743516,
30/8/2019,9514.84,9656.12,9428.30,9598.17,13595263986,171869216524,
29/8/2019,9756.79,9756.79,9421.63,9510.20,17045878501,170274910132,
28/8/2019,10203.43,10279.37,9716.66,9754.42,17603790323,174627460400,
27/8/2019,10372.83,10381.33,10087.30,10185.50,14762609503,182325540955,
26/8/2019,10126.30,10512.33,10126.30,10370.82,18438654080,185625235889,
25/8/2019,10160.74,10304.62,10008.79,10138.52,14153856610,181450186164,
24/8/2019,10407.64,10418.02,9982.30,10159.96,15451030650,181813631752,
23/8/2019,10136.31,10442.44,10078.19,10407.97,15627023886,186231409722,
22/8/2019,10142.52,10233.00,9831.46,10131.06,17097508856,181257125783,
21/8/2019,10764.57,10798.73,9962.72,10138.05,19473084768,181364502142,
20/8/2019,10916.35,10947.04,10618.96,10763.23,15053082175,192530283565,
19/8/2019,10350.28,10916.05,10313.20,10916.05,16038264603,195243306008,
18/8/2019,10233.01,10487.07,10119.09,10345.81,12999813869,185022920955,
17/8/2019,10358.72,10452.62,10086.70,10231.74,13778035685,182966857173,
16/8/2019,10319.42,10524.35,9855.48,10374.34,20228207096,185500055339,
15/8/2019,10038.42,10437.41,9675.32,10311.55,22899115082,184357666577,
14/8/2019,10889.49,10889.56,10028.14,10051.70,19990838300,179692803424,
13/8/2019,11385.05,11420.05,10830.33,10895.83,16681503537,194762696644,
12/8/2019,11528.19,11528.19,11320.95,11382.62,13647198229,203441494985,
11/8/2019,11349.74,11523.58,11248.29,11523.58,15774371518,205941632235,
10/8/2019,11861.56,11915.66,11323.90,11354.02,18125355447,202890020455,
9/8/2019,11953.47,11970.46,11709.75,11862.94,18339989960,211961319133,
8/8/2019,11954.04,11979.42,11556.17,11966.41,19481591730,213788089212,
7/8/2019,11476.19,12036.99,11433.70,11941.97,22194988641,213330426789,
6/8/2019,11811.55,12273.82,11290.73,11478.17,23635107660,205023347814,
5/8/2019,10960.74,11895.09,10960.74,11805.65,23875988832,210848822060,
4/8/2019,10821.63,11009.21,10620.28,10970.18,16530894787,195907875403,
3/8/2019,10519.28,10946.78,10503.50,10821.73,15352685061,193233960601,
2/8/2019,10402.04,10657.95,10371.01,10518.17,17489094082,187791090996,
1/8/2019,10077.44,10446.92,9922.02,10399.67,17165337858,185653203391,
31/7/2019,9604.05,10085.63,9598.10,10085.63,16631520648,180028959603,
30/7/2019,9522.33,9701.76,9437.34,9607.42,13829811132,171472452506,
29/7/2019,9548.18,9681.65,9472.95,9519.15,13791445323,169880343827,
28/7/2019,9491.63,9575.55,9252.30,9552.86,13738687093,170461958074,
27/7/2019,9871.16,10167.32,9411.52,9477.68,16817809536,169099540423,
26/7/2019,9913.13,9916.52,9717.98,9870.30,14495714483,176085968354,
25/7/2019,9809.10,10154.25,9773.96,9911.84,15821952090,176806451137,
24/7/2019,9887.73,9908.80,9614.31,9811.93,17398734322,175005760794,
23/7/2019,10346.75,10346.75,9883.60,9900.77,17851916995,176572890702,
22/7/2019,10596.95,10651.79,10154.92,10343.11,16334414913,184443440748,
21/7/2019,10777.53,10841.89,10389.60,10599.11,17130580467,188987475962,
20/7/2019,10525.82,11048.66,10451.28,10767.14,20206615155,191963691255,
19/7/2019,10653.96,10716.98,10229.63,10530.73,20727426310,187725578628,
18/7/2019,9698.50,10736.84,9376.80,10666.48,25187024648,190129918121,
17/7/2019,9471.21,9963.13,9163.13,9693.80,24569921549,172777250515,
16/7/2019,10896.65,10996.63,9448.11,9477.64,24151199070,168908640950,
15/7/2019,10257.84,11052.77,9992.01,10895.09,25384047207,194147627475,
14/7/2019,11381.02,11451.20,10234.58,10256.06,22486000001,182741933552,
13/7/2019,11813.13,11841.96,10908.48,11392.38,21042616384,202968191001,
12/7/2019,11354.30,11905.49,11179.14,11815.99,23534692797,210494417832,
11/7/2019,12139.71,12144.62,11158.92,11358.66,28595327690,202324174692,
10/7/2019,12571.54,13129.53,11710.98,12156.51,33627574244,216515999522,
9/7/2019,12284.33,12779.13,12233.26,12573.81,28167921523,223928128583,
8/7/2019,11446.60,12345.83,11393.37,12285.96,23482551458,218778355444,
7/7/2019,11217.62,11541.62,11148.80,11450.85,19369044277,203881891346,
6/7/2019,10982.54,11620.97,10982.54,11208.55,21092024306,199546110914,
5/7/2019,11203.10,11395.66,10874.96,10978.46,23838480210,195424678267,
4/7/2019,11972.72,12006.08,11166.57,11215.44,25920294033,199617404432,
3/7/2019,10818.16,11968.08,10818.16,11961.27,30796494294,212867079175,
2/7/2019,10588.68,10912.19,9737.88,10801.68,31015895223,192206536806,
1/7/2019,10796.93,11206.44,10089.31,10583.13,29378589324,188297637574,
30/6/2019,11931.99,12178.38,10799.01,10817.16,27256473494,192442065810,
29/6/2019,12400.76,12400.91,11508.38,11959.37,29923961128,212739713110,
28/6/2019,11162.17,12445.18,10914.49,12407.33,35087757766,220681459666,
27/6/2019,13017.12,13311.14,10491.85,11182.81,39977475223,198878940964,
26/6/2019,11778.58,13796.49,11755.60,13016.23,45105733173,231462117209,
25/6/2019,11007.20,11790.92,11007.20,11790.92,24879684533,209647943360,
24/6/2019,10853.74,11065.90,10610.43,11011.10,19271652365,195762668679,
23/6/2019,10696.69,11246.14,10556.10,10855.37,20998326502,192970090355,
22/6/2019,10175.92,11157.35,10107.04,10701.69,29995204861,190214124824,
21/6/2019,9525.07,10144.56,9525.07,10144.56,20624008643,180293241528,
20/6/2019,9273.06,9594.42,9232.48,9527.16,17846823784,169304784791,
19/6/2019,9078.73,9299.62,9070.40,9273.52,15546809946,164780855869,
18/6/2019,9335.47,9348.37,9004.90,9081.76,15848210536,161353637186,
17/6/2019,8988.92,9416.41,8988.92,9320.35,15562951919,165573372261,
16/6/2019,8841.44,9335.87,8814.56,8994.49,23348550311,159769423370,
15/6/2019,8689.75,8859.13,8618.40,8838.38,18371033226,156982138835,
14/6/2019,8230.90,8710.64,8183.39,8693.83,19831162906,154398880249,
13/6/2019,8145.55,8311.57,8087.06,8230.92,18669407147,146160317148,
12/6/2019,7925.43,8196.65,7862.36,8145.86,19034432883,144634684711,
11/6/2019,8004.24,8026.39,7772.80,7927.71,17107279932,140748537530,
10/6/2019,7692.28,8031.91,7586.73,8000.33,18689275117,142023351079,
9/6/2019,7949.67,7975.97,7583.22,7688.08,16610726547,136465098533,
8/6/2019,8036.77,8076.89,7837.61,7954.13,16522722810,141172841635,
7/6/2019,7826.90,8126.15,7788.37,8043.95,19141423231,142754693588,
6/6/2019,7819.63,7937.34,7571.47,7822.02,19474611077,138800725479,
5/6/2019,7704.34,7901.85,7668.67,7824.23,21760923463,138824651666,
4/6/2019,8210.99,8210.99,7564.49,7707.77,24609731549,136742790469,
3/6/2019,8741.75,8743.50,8204.19,8208.99,22004511436,145619047341,
2/6/2019,8565.47,8809.30,8561.24,8742.96,20266216022,155077231351,
1/6/2019,8573.84,8625.60,8481.58,8564.02,22488303544,151890214310,
31/5/2019,8320.29,8586.66,8172.55,8574.50,25365190957,152059886414,
30/5/2019,8661.76,9008.31,8221.27,8319.47,29246528551,147525141134,
29/5/2019,8718.59,8755.85,8482.73,8659.49,23473479966,153537047655,
28/5/2019,8802.76,8807.02,8634.72,8719.96,24226919267,154590202287,
27/5/2019,8674.07,8907.17,8668.70,8805.78,27949839564,156093754762,
26/5/2019,8055.21,8687.52,7924.67,8673.22,26677970091,153725486067,
25/5/2019,7991.89,8117.93,7965.98,8052.54,22256813107,142708188838,
24/5/2019,7881.70,8140.72,7824.45,7987.37,25919126991,141539115575,
23/5/2019,7677.27,7943.79,7533.20,7881.85,24457107820,139654107035,
22/5/2019,7956.29,7997.61,7615.99,7680.07,24719473175,136063898960,
21/5/2019,7977.97,8062.17,7843.34,7963.33,25127245056,141065573610,
20/5/2019,8196.92,8200.97,7678.78,7978.31,23843404340,141315695728,
19/5/2019,7267.96,8261.94,7267.96,8197.69,25902422040,145185076705,
18/5/2019,7341.66,7447.27,7251.50,7271.21,21354286562,128761727083,
17/5/2019,7886.93,7929.15,7038.12,7343.90,30066644905,130034777633,
16/5/2019,8194.50,8320.82,7729.61,7884.91,33167197581,139599559278,
15/5/2019,7989.37,8216.42,7899.11,8205.17,28344112920,145254332460,
14/5/2019,7807.88,8268.71,7696.39,7994.42,32031452227,141508656735,
13/5/2019,6971.18,8047.41,6898.28,7814.92,28677672181,138316573807,
12/5/2019,7203.51,7503.87,6815.77,6972.37,27773333680,123389710222,
11/5/2019,6379.67,7333.00,6375.70,7204.77,28867562329,127488435181,
10/5/2019,6175.82,6434.62,6161.52,6378.85,19419875368,112863284035,
9/5/2019,5982.32,6183.04,5982.32,6174.53,16784645411,109238600750,
8/5/2019,5849.48,5989.98,5794.72,5982.46,15320605300,105829143585,
7/5/2019,5745.60,5988.18,5741.40,5829.50,18026409033,103112368557,
6/5/2019,5791.69,5802.96,5653.69,5746.81,15737171804,101640471056,
5/5/2019,5831.07,5833.86,5708.04,5795.71,14808830723,102494420158,
4/5/2019,5769.20,5886.89,5645.47,5831.17,17567780766,103112021259,
3/5/2019,5505.55,5865.88,5490.20,5768.29,18720780006,101986240859,
2/5/2019,5402.42,5522.26,5394.22,5505.28,14644460907,97330112147,
1/5/2019,5350.91,5418.00,5347.65,5402.70,13679528236,95501110091,
30/4/2019,5247.73,5363.26,5224.19,5350.73,13878964574,94573826827,
29/4/2019,5284.86,5311.27,5216.49,5247.35,13735490672,92737510865,
28/4/2019,5271.75,5326.23,5255.68,5285.14,12819992056,93391244395,
27/4/2019,5279.47,5310.75,5233.64,5268.29,13111274675,93086156556,
26/4/2019,5210.30,5383.63,5177.37,5279.35,16812108040,93272287960,
25/4/2019,5466.52,5542.24,5181.34,5210.52,15330283408,92046492864,
24/4/2019,5571.51,5642.04,5418.26,5464.87,17048033399,96530038144,
23/4/2019,5399.37,5633.80,5389.41,5572.36,15867308108,98417387004,
22/4/2019,5312.49,5422.69,5280.28,5399.37,14601631648,95354207776,
21/4/2019,5335.88,5359.93,5257.34,5314.53,13731844223,93847052256,
20/4/2019,5304.16,5358.49,5295.88,5337.89,13169647522,94248717444,
19/4/2019,5298.15,5336.68,5233.34,5303.81,13780238655,93638345002,
18/4/2019,5251.48,5319.99,5250.51,5298.39,13256489918,93532402741,
17/4/2019,5236.14,5274.28,5219.21,5251.94,12438480677,92702617458,
16/4/2019,5066.58,5238.95,5055.19,5235.56,11618660197,92404613297,
15/4/2019,5167.32,5196.61,5024.07,5067.11,12290155061,89422237603,
14/4/2019,5095.76,5184.02,5053.57,5167.72,10391952498,91188595341,
13/4/2019,5088.85,5127.12,5061.59,5096.59,10823289598,89925574875,
12/4/2019,5061.20,5103.27,4955.85,5089.54,13675206312,89792633045,
11/4/2019,5325.08,5354.23,5017.30,5064.49,16555616019,89341168457,
10/4/2019,5204.11,5421.65,5193.38,5324.55,15504590933,93918439274,
9/4/2019,5289.92,5289.92,5167.42,5204.96,14722104361,91799330425,
8/4/2019,5199.84,5318.84,5148.21,5289.77,17154113634,93286365973,
7/4/2019,5062.79,5235.19,5050.41,5198.90,16655416140,91674230186,
6/4/2019,5036.79,5205.82,4992.22,5059.82,16929795194,89212733450,
5/4/2019,4922.81,5053.51,4919.49,5036.68,16837325387,88796118650,
4/4/2019,4971.31,5063.16,4836.79,4922.80,18251810240,86778727821,
3/4/2019,4879.96,5307.00,4876.62,4973.02,22899891582,87655288145,
2/4/2019,4156.92,4905.95,4155.32,4879.88,21315047816,85986009273,
1/4/2019,4105.36,4164.95,4096.90,4158.18,10157794171,73269368747,
31/3/2019,4105.46,4113.02,4094.10,4105.40,9045122443,72339379036,
30/3/2019,4092.14,4296.81,4053.91,4106.66,9732688060,72355190645,
29/3/2019,4068.30,4113.50,4034.10,4098.37,10918665557,72202088875,
28/3/2019,4087.58,4094.90,4040.27,4069.11,9353915899,71678998915,
27/3/2019,3984.24,4087.07,3977.81,4087.07,10897131934,71987847571,
26/3/2019,3969.23,3985.08,3944.75,3985.08,10707678815,70184147203,
25/3/2019,4024.11,4038.84,3934.03,3963.07,10359818883,69789872373,
24/3/2019,4035.16,4040.70,4006.19,4022.17,9144851065,70823042992,
23/3/2019,4022.71,4049.88,4015.96,4035.83,9578850549,71056017910,
22/3/2019,4028.51,4053.91,4021.54,4023.97,9252935969,70840048102,
21/3/2019,4083.95,4097.36,4005.15,4029.33,10831212662,70926226882,
20/3/2019,4070.79,4089.46,4031.11,4087.48,10175916388,71942444088,
19/3/2019,4032.69,4082.22,4023.81,4071.19,9344919956,71647703828,
18/3/2019,4029.97,4071.56,4009.12,4032.51,9646954186,70958165407,
17/3/2019,4047.72,4054.12,4006.41,4025.23,8221625400,70821939585,
16/3/2019,3963.90,4077.04,3961.66,4048.73,9856166973,71227967573,
15/3/2019,3926.66,3968.54,3914.02,3960.91,9394210605,69675002377,
14/3/2019,3905.58,3946.50,3901.30,3924.37,10480789570,69024696307,
13/3/2019,3913.05,3926.60,3891.90,3906.72,9469184841,68706700381,
12/3/2019,3903.76,3926.89,3863.56,3909.16,9809887079,68743000581,
11/3/2019,3953.74,3966.38,3889.24,3905.23,10125901903,68666928025,
10/3/2019,3966.17,3966.17,3924.38,3951.60,9713267607,69475297370,
9/3/2019,3894.55,3987.24,3892.39,3963.31,10796103518,69674508655,
8/3/2019,3913.23,3950.43,3875.23,3901.13,10638638944,68574579320,
7/3/2019,3903.38,3939.37,3894.11,3911.48,9584165519,68749421311,
6/3/2019,3897.08,3919.51,3871.46,3903.94,9175291529,68609885776,
5/3/2019,3759.83,3903.92,3745.18,3896.38,10174126415,68470655400,
4/3/2019,3845.09,3867.38,3733.75,3761.56,9029175788,66094551587,
3/3/2019,3862.27,3875.48,3836.91,3847.18,7253558152,67592376373,
2/3/2019,3855.32,3874.61,3832.13,3864.42,7578786076,67888255371,
1/3/2019,3853.76,3907.80,3851.69,3859.58,7661247975,67796965743,
28/2/2019,3848.26,3906.06,3845.82,3854.79,8399767798,67704774107,
27/2/2019,3857.48,3888.80,3787.06,3851.05,8301309684,67631949500,
26/2/2019,3878.70,3891.58,3837.99,3854.36,7931218996,67683296223,
25/2/2019,3807.00,3913.71,3807.00,3882.70,9318796067,68173204651,
24/2/2019,4145.46,4210.64,3793.71,3810.43,10794227451,66897483404,
23/2/2019,3998.92,4166.29,3968.73,4142.53,8922258316,72720867208,
22/2/2019,3952.41,4006.54,3950.82,4005.53,7826525254,70308555857,
21/2/2019,4000.26,4010.01,3940.11,3954.12,7775128102,69398333876,
20/2/2019,3946.68,4000.49,3926.25,3999.82,8693373948,70194350042,
19/2/2019,3911.66,4010.88,3908.15,3947.09,9933626655,69262673238,
18/2/2019,3671.37,3936.67,3669.98,3915.71,9908216640,68704389994,
17/2/2019,3633.36,3680.54,3619.18,3673.84,7039512503,64453368779,
16/2/2019,3615.27,3652.84,3615.27,3629.79,5934744052,63673369195,
15/2/2019,3617.37,3647.80,3608.21,3620.81,6091952231,63509111125,
14/2/2019,3631.17,3646.26,3607.70,3616.88,6271044418,63434486052,
13/2/2019,3653.60,3669.75,3617.25,3632.07,6438903823,63694394519,
12/2/2019,3642.75,3668.59,3618.56,3653.53,6480384532,64063755250,
11/2/2019,3695.61,3695.61,3642.29,3648.43,6277056434,63968390250,
10/2/2019,3673.20,3695.04,3640.98,3690.19,6282256903,64694025951,
9/2/2019,3671.59,3679.94,3646.56,3671.20,6158833645,64354732475,
8/2/2019,3401.38,3695.61,3391.02,3666.78,7735623101,64270269953,
7/2/2019,3414.93,3427.95,3394.22,3399.47,5004962683,59578075991,
6/2/2019,3469.09,3469.09,3398.57,3413.77,5482196038,59821158612,
5/2/2019,3454.95,3478.15,3451.94,3466.36,5227549545,60735563490,
4/2/2019,3467.21,3476.22,3442.59,3459.15,5332718886,60603083461,
3/2/2019,3516.14,3521.39,3447.92,3464.01,5043937584,60681847608,
2/2/2019,3484.63,3523.29,3467.57,3521.06,5071623601,61675119055,
1/2/2019,3460.55,3501.95,3431.59,3487.95,5422926707,61088747491,
31/1/2019,3485.41,3504.80,3447.92,3457.79,5831198271,60553903927,
30/1/2019,3443.90,3495.17,3429.39,3486.18,5955112627,61044262622,
29/1/2019,3468.87,3476.07,3400.82,3448.12,5897159493,60371874099,
28/1/2019,3584.28,3586.75,3439.23,3470.45,6908930483,60756570314,
27/1/2019,3604.69,3612.67,3567.25,3583.97,5570752966,62737274093,
26/1/2019,3599.72,3654.93,3593.35,3602.46,5098183235,63054898963,
25/1/2019,3607.39,3612.93,3575.60,3599.77,5265847539,63000985908,
24/1/2019,3584.50,3616.09,3569.09,3600.87,5262869046,63014066012,
23/1/2019,3605.56,3623.07,3565.31,3585.12,5433755649,62731361272,
22/1/2019,3575.08,3620.75,3539.72,3604.58,5313623556,63065139424,
21/1/2019,3600.37,3608.84,3558.54,3576.03,5004347059,62559869612,
20/1/2019,3725.45,3743.39,3583.02,3601.01,5582489560,62990143284,
19/1/2019,3652.38,3758.53,3652.38,3728.57,5955691380,65214103659,
18/1/2019,3677.99,3682.52,3637.08,3657.84,5002961727,63970991867,
17/1/2019,3651.87,3680.14,3621.96,3678.56,5464420383,64327048255,
16/1/2019,3631.51,3685.78,3624.67,3655.01,5394457145,63909348776,
15/1/2019,3704.22,3720.15,3619.95,3630.68,5537192302,63477817959,
14/1/2019,3557.31,3727.84,3552.29,3706.05,5651384490,64789619995,
13/1/2019,3658.87,3674.76,3544.93,3552.95,4681302466,62106461671,
12/1/2019,3686.97,3698.98,3653.81,3661.30,4778170883,63994140882,
11/1/2019,3674.02,3713.88,3653.07,3687.37,5538712865,64443301117,
10/1/2019,4034.41,4064.07,3659.17,3678.92,6874143796,64288932886,
9/1/2019,4031.55,4068.40,4022.66,4035.30,5115905225,70508733459,
8/1/2019,4028.47,4109.02,3996.96,4030.85,5306593305,70422743854,
7/1/2019,4078.59,4092.61,4020.89,4025.25,5228625637,70316305580,
6/1/2019,3836.52,4093.30,3826.51,4076.63,5597027440,71206795853,
5/1/2019,3851.97,3904.90,3836.90,3845.19,5137609824,67157570935,
4/1/2019,3832.04,3865.93,3783.85,3857.72,4847965467,67368333500,
3/1/2019,3931.05,3935.69,3826.22,3836.74,4530215219,66994920903,
2/1/2019,3849.22,3947.98,3817.41,3943.41,5244856836,68849856732,
1/1/2019,3746.71,3850.91,3707.23,3843.52,4324200990,67098634181,
31/12/2018,3866.84,3868.74,3725.87,3742.70,4661840806,65331499158,
30/12/2018,3822.38,3901.91,3797.22,3865.95,4770578575,67475512827,
29/12/2018,3932.49,3963.76,3820.41,3820.41,4991655917,66672244158,
28/12/2018,3653.13,3956.14,3642.63,3923.92,5631554348,68471837969,
27/12/2018,3854.69,3874.42,3645.45,3654.83,5130222366,63768757101,
26/12/2018,3819.67,3893.36,3769.86,3857.30,5326547918,67292819465,
25/12/2018,4081.03,4089.56,3760.02,3815.49,6158207293,66556033172,
24/12/2018,4000.33,4271.79,4000.33,4078.60,7240968501,71137548589,
23/12/2018,4020.99,4085.72,3976.41,3998.98,6151275490,69741217417,
22/12/2018,3898.08,4014.18,3855.74,4014.18,5605823233,69997508295,
21/12/2018,4133.70,4198.43,3850.95,3896.54,7206015706,67937650255,
20/12/2018,3742.20,4191.23,3728.97,4134.44,8927129279,72078243771,
19/12/2018,3706.82,3949.32,3687.23,3745.95,6810689119,65299132785,
18/12/2018,3544.76,3701.35,3487.17,3696.06,5911325473,64422587801,
17/12/2018,3253.12,3597.92,3253.12,3545.86,5409247918,61798926687,
16/12/2018,3236.27,3305.75,3233.82,3252.84,3744248994,56685436644,
15/12/2018,3244.00,3275.38,3191.30,3236.76,3551763561,56400691425,
14/12/2018,3311.75,3329.56,3206.54,3242.48,4372763663,56494379457,
13/12/2018,3487.88,3489.74,3298.13,3313.68,4343372456,57728688216,
12/12/2018,3421.46,3534.23,3413.48,3486.95,4139364829,60741625426,
11/12/2018,3497.55,3513.18,3392.25,3424.59,4696765188,59650201102,
10/12/2018,3612.05,3647.33,3470.14,3502.66,5020968740,61004445982,
9/12/2018,3473.23,3685.31,3469.09,3614.23,4947372847,62942160928,
8/12/2018,3421.91,3506.04,3350.65,3476.11,5305024497,60531278392,
7/12/2018,3512.59,3512.59,3280.23,3419.94,6835615448,59547645578,
6/12/2018,3754.07,3874.97,3521.10,3521.10,5878333109,61303965508,
5/12/2018,3958.89,3969.54,3753.99,3753.99,5302481574,65352496336,
4/12/2018,3886.29,4075.63,3832.75,3956.89,5028069239,68878292608,
3/12/2018,4147.32,4155.98,3840.45,3894.13,5089570994,67779050170,
2/12/2018,4200.73,4301.52,4110.98,4139.88,5262697895,72050487506,
1/12/2018,4024.46,4309.38,3969.71,4214.67,5375314093,73346194969,
30/11/2018,4289.09,4322.98,3942.82,4017.27,6048016717,69904637061,
29/11/2018,4269.00,4413.02,4145.77,4278.85,6503347767,74451016927,
28/11/2018,3822.47,4385.90,3822.47,4257.42,7280280000,74072560088,
27/11/2018,3765.95,3862.96,3661.01,3820.72,5998720000,66468970322,
26/11/2018,4015.07,4107.14,3643.92,3779.13,6476900000,65739289046,
25/11/2018,3880.78,4120.87,3585.06,4009.97,6825640000,69749265801,
24/11/2018,4347.69,4413.09,3795.16,3880.76,4679500000,67495633205,
23/11/2018,4360.70,4396.42,4195.68,4347.11,4871490000,75598851166,
22/11/2018,4611.57,4629.64,4365.64,4365.94,4569370000,75919439809,
21/11/2018,4465.54,4675.73,4343.98,4602.17,6120120000,80020171047,
20/11/2018,4863.93,4951.61,4272.11,4451.87,8428290000,77401044320,
19/11/2018,5620.78,5620.78,4842.91,4871.49,7039560000,84688539692,
18/11/2018,5559.74,5653.61,5559.74,5623.54,4159680000,97753714643,
17/11/2018,5578.58,5578.58,5519.56,5554.33,4303150000,96542098114,
16/11/2018,5645.32,5657.02,5498.94,5575.55,5279320000,96900828780,
15/11/2018,5736.15,5774.82,5358.38,5648.03,7032140000,98151606541,
14/11/2018,6351.24,6371.55,5544.09,5738.35,7398940000,99712077259,
13/11/2018,6373.19,6395.27,6342.67,6359.49,4503800000,110494466204,
12/11/2018,6411.76,6434.21,6360.47,6371.27,4295770000,110689666528,
11/11/2018,6413.63,6423.25,6350.17,6411.27,3939060000,111373453740,
10/11/2018,6386.13,6437.28,6385.31,6409.22,3705320000,111326145314,
9/11/2018,6442.60,6456.46,6373.37,6385.62,4346820000,110905767441,
8/11/2018,6522.27,6536.92,6438.53,6453.72,4665260000,112078367037,
7/11/2018,6468.50,6552.16,6468.31,6530.14,4941260000,113395632955,
6/11/2018,6433.38,6463.55,6408.16,6461.01,4700040000,112095603776,
5/11/2018,6363.62,6480.59,6363.62,6419.66,4174800000,111456211022,
4/11/2018,6365.47,6388.63,6294.57,6376.13,4390020000,110689215104,
3/11/2018,6387.24,6400.07,6342.37,6361.26,3658640000,110421212888,
2/11/2018,6378.92,6396.86,6327.38,6388.44,4234870000,110880236966,
1/11/2018,6318.14,6547.14,6311.83,6377.78,3789400000,110683820788,
31/10/2018,6336.99,6349.16,6316.88,6317.61,4191240000,109627117226,
30/10/2018,6337.04,6364.99,6310.14,6334.27,3781100000,109903543419,
29/10/2018,6492.35,6503.60,6306.99,6332.63,4199910000,109862898081,
28/10/2018,6482.66,6502.28,6447.91,6486.39,3445190000,112518434372,
27/10/2018,6480.84,6507.41,6453.53,6480.38,3393250000,112403001148,
26/10/2018,6468.44,6498.29,6449.61,6474.75,3306050000,112294341019,
25/10/2018,6484.65,6504.65,6447.03,6476.29,3230550000,112309554478,
24/10/2018,6478.89,6521.99,6468.86,6495.84,3424670000,112637293966,
23/10/2018,6472.36,6506.01,6451.27,6475.74,3716150000,112279779884,
22/10/2018,6486.05,6543.80,6462.98,6487.16,3672860000,112465213723,
21/10/2018,6490.09,6556.38,6476.00,6482.35,3253610000,112369106369,
20/10/2018,6460.92,6497.72,6449.00,6489.19,3379130000,112476559221,
19/10/2018,6478.07,6493.68,6445.31,6465.41,3578870000,112052990522,
18/10/2018,6542.33,6567.54,6450.04,6476.71,3924080000,112237252159,
17/10/2018,6590.52,6601.21,6517.45,6544.43,4088420000,113399343801,
16/10/2018,6601.41,6673.59,6571.37,6596.11,4074800000,114283707152,
15/10/2018,6292.64,6965.06,6258.68,6596.54,7370770000,114280022340,
14/10/2018,6288.49,6363.21,6280.15,6290.93,3085320000,108972590373,
13/10/2018,6278.08,6308.51,6259.81,6285.99,3064030000,108878136724,
12/10/2018,6239.25,6328.50,6236.47,6274.58,3783500000,108669526315,
11/10/2018,6586.74,6586.74,6243.74,6256.24,5181640000,108341572839,
10/10/2018,6640.29,6640.29,6538.96,6585.53,3787650000,114030835912,
9/10/2018,6653.08,6661.41,6606.94,6642.64,3580810000,115007759484,
8/10/2018,6600.19,6675.06,6576.04,6652.23,3979460000,115162906843,
7/10/2018,6590.68,6641.49,6557.04,6602.95,3306630000,114298880311,
6/10/2018,6622.45,6628.54,6577.80,6588.31,3259740000,114033598927,
5/10/2018,6574.15,6623.62,6557.41,6622.48,3671500000,114614764674,
4/10/2018,6497.91,6603.31,6497.91,6576.69,3838410000,113811343543,
3/10/2018,6553.86,6571.46,6454.03,6502.59,3887310000,112516993837,
2/10/2018,6593.24,6611.84,6537.90,6556.10,3979260000,113431019760,
1/10/2018,6619.85,6653.30,6549.08,6589.62,4000970000,113999846113,
30/9/2018,6604.71,6643.78,6566.54,6625.56,4002280000,114608519470,
29/9/2018,6643.10,6643.10,6511.65,6601.96,4363690000,114186839964,
28/9/2018,6678.75,6785.03,6598.32,6644.13,5014430000,114903584220,
27/9/2018,6495.29,6712.10,6464.95,6676.75,4606810000,115454861756,
26/9/2018,6452.79,6585.91,6397.89,6495.00,4437300000,112300336125,
25/9/2018,6603.64,6603.64,6381.86,6446.47,4726180000,111450035114,
24/9/2018,6704.77,6713.56,6580.90,6595.41,4177310000,114011060309,
23/9/2018,6715.32,6766.15,6679.42,6710.63,4197500000,115990387532,
22/9/2018,6735.05,6814.56,6616.80,6721.98,4509660000,116173876360,
21/9/2018,6513.87,6794.33,6496.36,6734.95,6531940000,116385068032,
20/9/2018,6398.85,6529.26,6395.95,6519.67,4348110000,112653130183,
19/9/2018,6371.85,6448.46,6208.34,6398.54,4431340000,110547735544,
18/9/2018,6280.91,6384.18,6265.71,6371.30,4180090000,110064685348,
17/9/2018,6514.06,6540.21,6257.52,6281.20,3910780000,108497127334,
16/9/2018,6536.68,6544.33,6460.10,6517.18,3273730000,112562367224,
15/9/2018,6509.40,6561.72,6493.55,6543.20,3216300000,113000324618,
14/9/2018,6515.41,6596.10,6456.17,6512.71,4076220000,112462453186,
13/9/2018,6354.24,6535.41,6354.24,6517.31,4210910000,112530970182,
12/9/2018,6317.01,6363.87,6265.09,6351.80,4064230000,109661521297,
11/9/2018,6331.88,6398.92,6260.21,6321.20,3849910000,109119948884,
10/9/2018,6301.57,6374.98,6292.76,6329.70,3714100000,109255603474,
9/9/2018,6223.38,6446.26,6201.22,6300.86,3671890000,108747090915,
8/9/2018,6460.17,6534.25,6197.52,6225.98,3835060000,107442122871,
7/9/2018,6528.92,6555.29,6396.87,6467.07,4264680000,111590424587,
6/9/2018,6755.14,6755.14,6404.72,6529.17,5523470000,112649565532,
5/9/2018,7361.46,7388.43,6792.83,6792.83,5800460000,117185657641,
4/9/2018,7263.00,7388.26,7255.44,7361.66,4273640000,126986882925,
3/9/2018,7279.03,7317.94,7208.15,7260.06,4087760000,125222785390,
2/9/2018,7189.58,7306.31,7132.16,7272.72,4329540000,125427780027,
1/9/2018,7044.81,7242.29,7038.05,7193.25,4116050000,124044625438,
31/8/2018,6973.97,7057.17,6920.16,7037.58,4495650000,121346613238,
30/8/2018,7043.76,7072.69,6834.69,6978.23,4463250000,120309828156,
29/8/2018,7091.71,7113.30,6970.82,7047.16,4145880000,121484666374,
28/8/2018,6891.08,7109.56,6882.34,7096.28,4659940000,122319195736,
27/8/2018,6710.80,6884.64,6689.71,6884.64,4019000000,118657885712,
26/8/2018,6754.64,6774.75,6620.75,6707.26,3295500000,115585205491,
25/8/2018,6719.95,6789.63,6700.96,6763.19,3312600000,116534497933,
24/8/2018,6551.52,6719.96,6498.64,6719.96,4097820000,115778358839,
23/8/2018,6371.34,6546.54,6371.34,6534.88,3426180000,112577436411,
22/8/2018,6486.25,6816.79,6310.11,6376.71,4668110000,109840902181,
21/8/2018,6301.07,6500.87,6298.24,6488.76,3377180000,111758100192,
20/8/2018,6500.51,6536.92,6297.93,6308.53,3665100000,108642191682,
19/8/2018,6422.57,6537.98,6361.55,6506.07,3311170000,112031838393,
18/8/2018,6583.43,6617.35,6353.73,6423.76,3984520000,110603014928,
17/8/2018,6340.91,6582.50,6324.97,6580.63,4992990000,113290724406,
16/8/2018,6294.23,6473.50,6276.41,6334.73,4328420000,109045250379,
15/8/2018,6221.42,6588.49,6221.42,6308.52,4895450000,108581773101,
14/8/2018,6287.66,6287.94,5971.05,6199.71,5301700000,106696389129,
13/8/2018,6341.36,6537.05,6225.72,6297.57,4083980000,108369686635,
12/8/2018,6283.65,6409.85,6237.50,6322.69,5665250000,108790259014,
11/8/2018,6185.79,6455.74,6109.03,6295.73,4047850000,108314257212,
10/8/2018,6571.42,6591.26,6124.52,6184.71,4528680000,106390927598,
9/8/2018,6305.56,6625.73,6249.07,6568.23,4267040000,112973963230,
8/8/2018,6746.85,6746.85,6226.22,6305.80,5064430000,108448409560,
7/8/2018,6958.32,7146.56,6748.24,6753.12,4682800000,116128339800,
6/8/2018,7062.94,7166.55,6890.54,6951.80,3925900000,119531508535,
5/8/2018,7031.08,7102.77,6940.70,7068.48,3679110000,121526079384,
4/8/2018,7438.67,7497.49,6984.07,7032.85,4268390000,120899698889,
3/8/2018,7562.14,7562.14,7328.65,7434.39,4627150000,127785826655,
2/8/2018,7634.19,7712.77,7523.44,7567.15,4214110000,130052066760,
1/8/2018,7769.04,7769.04,7504.95,7624.91,4797620000,131030166771,
31/7/2018,8181.20,8181.53,7696.93,7780.44,5287530000,133688476220,
30/7/2018,8221.58,8235.50,7917.50,8180.48,5551400000,140547190784,
29/7/2018,8205.82,8272.26,8141.18,8218.46,4107190016,141185844808,
28/7/2018,8169.06,8222.85,8110.77,8192.15,3988750080,140716560550,
27/7/2018,7950.40,8262.66,7839.76,8165.01,5195879936,140235573607,
26/7/2018,8176.85,8290.33,7878.71,7951.58,4899089920,136553079708,
25/7/2018,8379.66,8416.87,8086.36,8181.39,5845400064,140482950401,
24/7/2018,7716.51,8424.27,7705.50,8424.27,7277689856,144634918474,
23/7/2018,7414.71,7771.50,7409.10,7711.11,5132480000,132375368459,
22/7/2018,7417.80,7537.95,7383.82,7418.49,3695460096,127336615249,
21/7/2018,7352.72,7437.64,7262.41,7419.29,3726609920,127333468174,
20/7/2018,7467.40,7594.67,7323.26,7354.13,4936869888,126202570251,
19/7/2018,7378.20,7494.46,7295.46,7466.86,5111629824,128122730711,
18/7/2018,7315.32,7534.99,7280.47,7370.78,6103410176,126458165406,
17/7/2018,6739.65,7387.24,6684.17,7321.04,5961950208,125588963706,
16/7/2018,6357.01,6741.75,6357.01,6741.75,4725799936,115638203962,
15/7/2018,6272.70,6403.46,6256.51,6359.64,3285459968,109074579938,
14/7/2018,6247.50,6298.19,6212.22,6276.12,2923670016,107631453835,
13/7/2018,6235.03,6310.55,6192.24,6238.05,3805400064,106968440793,
12/7/2018,6396.78,6397.10,6136.42,6228.81,3770170112,106798864820,
11/7/2018,6330.77,6444.96,6330.47,6394.71,3644859904,109631867446,
10/7/2018,6739.21,6767.74,6320.72,6329.95,4052430080,108511009626,
9/7/2018,6775.08,6838.68,6724.34,6741.75,3718129920,115557889495,
8/7/2018,6857.80,6885.91,6747.98,6773.88,3386210048,116097021279,
7/7/2018,6668.71,6863.99,6579.24,6856.93,3961080064,117506606000,
6/7/2018,6638.69,6700.94,6533.55,6673.50,4313959936,114350502582,
5/7/2018,6599.71,6749.54,6546.65,6639.14,4999240192,113748385620,
4/7/2018,6550.87,6771.92,6450.46,6597.55,4176689920,113024522547,
3/7/2018,6596.66,6671.37,6447.75,6529.59,4672309760,111849428104,
2/7/2018,6380.38,6683.86,6305.70,6614.18,4396930048,113288832522,
1/7/2018,6411.68,6432.85,6289.29,6385.82,4788259840,109366024632,
30/6/2018,6214.22,6465.51,6214.22,6404.00,4543860224,109665618200,
29/6/2018,5898.13,6261.66,5835.75,6218.30,3966230016,106474707240,
28/6/2018,6153.16,6170.41,5873.05,5903.44,3467800064,101072353482,
27/6/2018,6084.40,6180.00,6052.85,6157.13,3296219904,105403600614,
26/6/2018,6253.55,6290.16,6093.67,6093.67,3279759872,104307939200,
25/6/2018,6171.97,6327.37,6119.68,6249.18,5500810240,106958465208,
24/6/2018,6164.28,6223.78,5826.41,6173.23,4566909952,105646571668,
23/6/2018,6090.10,6224.82,6071.81,6162.48,3431360000,105449276520,
22/6/2018,6737.88,6747.08,6006.60,6083.69,5079810048,104088814967,
21/6/2018,6780.09,6810.94,6715.17,6729.74,3529129984,115129700024,
20/6/2018,6770.76,6821.56,6611.88,6776.55,3888640000,115916357344,
19/6/2018,6742.39,6822.50,6709.92,6769.94,4057029888,115789919278,
18/6/2018,6510.07,6781.14,6446.68,6734.82,4039200000,115176197712,
17/6/2018,6545.53,6589.11,6499.27,6499.27,3104019968,111134754810,
16/6/2018,6455.45,6592.49,6402.29,6550.16,3194170112,111992015616,
15/6/2018,6674.08,6681.08,6433.87,6456.58,3955389952,110378702283,
14/6/2018,6342.75,6707.14,6334.46,6675.35,5138710016,114106009748,
13/6/2018,6596.88,6631.66,6285.63,6349.90,5052349952,108530585830,
12/6/2018,6905.82,6907.96,6542.08,6582.36,4654380032,112491874164,
11/6/2018,6799.29,6910.18,6706.63,6906.92,4745269760,118025877189,
10/6/2018,7499.55,7499.55,6709.07,6786.02,5804839936,115948312827,
9/6/2018,7632.52,7683.58,7531.98,7531.98,3845220096,128682085689,
8/6/2018,7685.14,7698.19,7558.40,7624.92,4227579904,130256218613,
7/6/2018,7650.82,7741.27,7650.82,7678.24,4485799936,131153169176,
6/6/2018,7625.97,7680.43,7502.01,7653.98,4692259840,130725095161,
5/6/2018,7500.90,7643.23,7397.00,7633.76,4961739776,130365918088,
4/6/2018,7722.53,7753.82,7474.04,7514.47,4993169920,128312205314,
3/6/2018,7632.09,7754.89,7613.04,7720.25,4851760128,131808021256,
2/6/2018,7536.72,7695.83,7497.26,7643.45,4939299840,130481526036,
1/6/2018,7500.70,7604.73,7407.34,7541.45,4921460224,128725854692,
31/5/2018,7406.15,7608.90,7361.13,7494.17,5127130112,127902999390,
30/5/2018,7469.73,7573.77,7313.60,7406.52,4922540032,126391893474,
29/5/2018,7129.46,7526.42,7090.68,7472.59,5662660096,127502651064,
28/5/2018,7371.31,7419.05,7100.89,7135.99,5040600064,121747389422,
27/5/2018,7362.08,7381.74,7270.96,7368.22,4056519936,125695017596,
26/5/2018,7486.48,7595.16,7349.12,7355.88,4051539968,125469061263,
25/5/2018,7592.30,7659.14,7392.65,7480.14,4867829760,127573690458,
24/5/2018,7561.12,7738.60,7331.14,7587.34,6049220096,129385391552,
23/5/2018,8037.08,8054.66,7507.88,7557.82,6491120128,128868479514,
22/5/2018,8419.87,8423.25,8004.58,8041.78,5137010176,137104106176,
21/5/2018,8522.33,8557.52,8365.12,8418.99,5154990080,143518943480,
20/5/2018,8246.99,8562.41,8205.24,8513.25,5191059968,145109512565,
19/5/2018,8255.73,8372.06,8183.35,8247.18,4712399872,140559162894,
18/5/2018,8091.83,8274.12,7974.82,8250.97,5764190208,140607667610,
17/5/2018,8370.05,8445.54,8054.12,8094.32,5862530048,137923772714,
16/5/2018,8504.41,8508.43,8175.49,8368.83,6760220160,142587497878,
15/5/2018,8705.19,8836.19,8456.45,8510.38,6705710080,144979744412,
14/5/2018,8713.10,8881.12,8367.97,8716.79,7364149760,148480275422,
13/5/2018,8515.49,8773.55,8395.12,8723.94,5866379776,148587777457,
12/5/2018,8441.44,8664.86,8223.50,8504.89,6821380096,144841040789,
11/5/2018,9052.96,9052.96,8394.46,8441.49,8488520192,143743802092,
10/5/2018,9325.96,9396.04,9040.52,9043.94,6906699776,153988453198,
9/5/2018,9223.73,9374.76,9031.62,9325.18,7226890240,158758858205,
8/5/2018,9380.87,9462.75,9127.77,9234.82,7415869952,157202142973,
7/5/2018,9645.67,9665.85,9231.53,9373.01,7394019840,159538115686,
6/5/2018,9845.31,9940.14,9465.25,9654.80,7222280192,164316605278,
5/5/2018,9700.28,9964.50,9695.12,9858.15,7651939840,167759953654,
4/5/2018,9695.50,9779.20,9585.96,9700.76,8217829888,165062796742,
3/5/2018,9233.97,9798.33,9188.15,9743.86,10207299584,165778380092,
2/5/2018,9104.60,9256.52,9015.14,9235.92,7558159872,157119854754,
1/5/2018,9251.47,9255.88,8891.05,9119.01,7713019904,155114132125,
30/4/2018,9426.11,9477.14,9166.81,9240.55,8673920000,157163847314,
29/4/2018,9346.41,9531.49,9193.71,9419.08,8853000192,160182287342,
28/4/2018,8939.27,9412.09,8931.99,9348.48,7805479936,158963068374,
27/4/2018,9290.63,9375.47,8987.05,8987.05,7566289920,152802874822,
26/4/2018,8867.32,9281.51,8727.09,9281.51,8970559488,157793327246,
25/4/2018,9701.03,9745.32,8799.84,8845.74,11083100160,150369282696,
24/4/2018,8934.34,9732.61,8927.83,9697.50,10678800384,164833256250,
23/4/2018,8794.39,8958.55,8788.81,8930.88,6925190144,151784994312,
22/4/2018,8925.06,9001.64,8779.61,8802.46,6629899776,149585589886,
21/4/2018,8848.79,8997.57,8652.15,8895.58,7548550144,151150137128,
20/4/2018,8286.88,8880.23,8244.54,8845.83,8438110208,150287113368,
19/4/2018,8159.27,8298.69,8138.78,8294.31,7063209984,140902801023,
18/4/2018,7944.43,8197.80,7886.01,8163.42,6529909760,138661092884,
17/4/2018,8071.66,8285.96,7881.72,7902.09,6900879872,134206623206,
16/4/2018,8337.57,8371.15,7925.73,8058.67,5631309824,136849408643,
15/4/2018,7999.33,8338.42,7999.33,8329.11,5244480000,141427138383,
14/4/2018,7874.67,8140.71,7846.00,7986.24,5191430144,135589384440,
13/4/2018,7901.09,8183.96,7758.93,7895.96,7764460032,134043001354,
12/4/2018,6955.38,7899.23,6806.51,7889.25,8906250240,133912618634,
11/4/2018,6843.47,6968.32,6817.59,6968.32,4641889792,118267198080,
10/4/2018,6795.44,6872.41,6704.15,6834.76,4272750080,115978358964,
9/4/2018,7044.32,7178.11,6661.99,6770.73,4894060032,114886335694,
8/4/2018,6919.98,7111.56,6919.98,7023.52,3652499968,119162880482,
7/4/2018,6630.51,7050.54,6630.51,6911.09,3976610048,117241368688,
6/4/2018,6815.96,6857.49,6575.00,6636.32,3766810112,112565173568,
5/4/2018,6848.65,6933.82,6644.80,6811.47,5639320064,115524404354,
4/4/2018,7456.41,7469.88,6803.88,6853.84,4936000000,116229557118,
3/4/2018,7102.26,7530.94,7072.49,7456.11,5499700224,126429245883,
2/4/2018,6844.86,7135.47,6816.58,7083.80,4333440000,120101932910,
1/4/2018,7003.06,7060.95,6526.87,6844.23,4532100096,116026809075,
31/3/2018,6892.48,7207.85,6863.52,6973.53,4553269760,118204645927,
30/3/2018,7171.45,7276.66,6683.93,6890.52,6289509888,116786562165,
29/3/2018,7979.07,7994.33,7081.38,7165.70,6361229824,121436043045,
28/3/2018,7836.83,8122.89,7809.17,7954.48,4935289856,134788265876,
27/3/2018,8200.00,8232.78,7797.28,7833.04,5378250240,132717053150,
26/3/2018,8498.47,8530.08,7921.43,8209.40,5921039872,139078211968,
25/3/2018,8612.81,8682.01,8449.10,8495.78,4569880064,143914265310,
24/3/2018,8901.95,8996.18,8665.70,8668.12,5664600064,146818882936,
23/3/2018,8736.25,8879.62,8360.62,8879.62,5954120192,150383574951,
22/3/2018,8939.44,9100.71,8564.90,8728.47,5530390016,147809220250,
21/3/2018,8937.48,9177.37,8846.33,8929.28,6043129856,151193917440,
20/3/2018,8619.67,9051.02,8389.89,8913.47,6361789952,150909503835,
19/3/2018,8344.12,8675.87,8182.40,8630.65,6729110016,146107514353,
18/3/2018,7890.52,8245.51,7397.99,8223.68,6639190016,139201713268,
17/3/2018,8321.91,8346.53,7812.82,7916.88,4426149888,133993486925,
16/3/2018,8322.91,8585.15,8005.31,8338.35,5289379840,141111773179,
15/3/2018,8290.76,8428.35,7783.05,8300.86,6834429952,140460819364,
14/3/2018,9214.65,9355.85,8068.59,8269.81,6438230016,139920843550,
13/3/2018,9173.04,9470.38,8958.19,9194.85,5991139840,155555594312,
12/3/2018,9602.93,9937.50,8956.43,9205.12,6457399808,155710928717,
11/3/2018,8852.78,9711.89,8607.12,9578.63,6296370176,162009710243,
10/3/2018,9350.59,9531.32,8828.47,8866.00,5386319872,149939797150,
9/3/2018,9414.69,9466.35,8513.03,9337.55,8704190464,157898203939,
8/3/2018,9951.44,10147.40,9335.87,9395.01,7186089984,158852238332,
7/3/2018,10803.90,10929.50,9692.12,9965.57,8797910016,168479670395,
6/3/2018,11500.10,11500.10,10694.30,10779.90,6832169984,182225316082,
5/3/2018,11532.40,11704.10,11443.90,11573.30,6468539904,195614809925,
4/3/2018,11497.40,11512.60,11136.10,11512.60,6084149760,194567395376,
3/3/2018,11101.90,11528.20,11002.40,11489.70,6690570240,194159120569,
2/3/2018,10977.40,11189.00,10850.10,11086.40,7620590080,187318996197,
1/3/2018,10385.00,11052.30,10352.70,10951.00,7317279744,185009753075,
28/2/2018,10687.20,11089.80,10393.10,10397.90,6936189952,175644310997,
27/2/2018,10393.90,10878.50,10246.10,10725.60,6966179840,181158869820,
26/2/2018,9669.43,10475.00,9501.73,10366.70,7287690240,175076064010,
25/2/2018,9796.42,9923.22,9407.06,9664.73,5706939904,163204062358,
24/2/2018,10287.70,10597.20,9546.97,9813.07,6917929984,165687799108,
23/2/2018,9937.07,10487.30,9734.56,10301.10,7739500032,173909350860,
22/2/2018,10660.40,11039.10,9939.09,10005.00,8040079872,168892273935,
21/2/2018,11372.20,11418.50,10479.10,10690.40,9405339648,180442459820,
20/2/2018,11231.80,11958.50,11231.80,11403.70,9926540288,192457815912,
19/2/2018,10552.60,11273.80,10513.20,11225.30,7652089856,189426791571,
18/2/2018,11123.40,11349.80,10326.00,10551.80,8744009728,178040648022,
17/2/2018,10207.50,11139.50,10149.40,11112.70,8660880384,187482083882,
16/2/2018,10135.70,10324.10,9824.82,10233.90,7296159744,172637061144,
15/2/2018,9488.32,10234.80,9395.58,10166.40,9062540288,171477807437,
14/2/2018,8599.92,9518.54,8599.92,9494.63,7909819904,160131558835,
13/2/2018,8926.72,8958.47,8455.41,8598.31,5696719872,144995984203,
12/2/2018,8141.43,8985.92,8141.43,8926.57,6256439808,150513128412,
11/2/2018,8616.13,8616.13,7931.10,8129.97,6122189824,137064586975,
10/2/2018,8720.08,9122.55,8295.47,8621.90,7780960256,145341842785,
9/2/2018,8271.84,8736.98,7884.71,8736.98,6784820224,147266052809,
8/2/2018,7637.86,8558.77,7637.86,8265.59,9346750464,139306699929,
7/2/2018,7755.49,8509.11,7236.79,7621.30,9169280000,128435001186,
6/2/2018,7051.75,7850.70,6048.26,7754.00,13999800320,130658094648,
5/2/2018,8270.54,8364.84,6756.68,6955.27,9285289984,117184385122,
4/2/2018,9175.70,9334.87,8031.22,8277.01,7073549824,139433682759,
3/2/2018,8852.12,9430.75,8251.63,9174.91,7263790080,154540000411,
2/2/2018,9142.28,9142.28,7796.49,8830.75,12726899712,148725283812,
1/2/2018,10237.30,10288.80,8812.28,9170.54,9959400448,154428564694,
31/1/2018,10108.20,10381.60,9777.42,10221.10,8041160192,172099559942,
30/1/2018,11306.80,11307.20,10036.20,10106.30,8637859840,170151556678,
29/1/2018,11755.50,11875.60,11179.20,11296.40,7107359744,190164444830,
28/1/2018,11475.30,12040.30,11475.30,11786.30,8350360064,198389948175,
27/1/2018,11174.90,11614.90,10989.20,11440.70,7583269888,192550550498,
26/1/2018,11256.00,11656.70,10470.30,11171.40,9746199552,187995804677,
25/1/2018,11421.70,11785.70,11057.40,11259.40,8873169920,189455303273,
24/1/2018,10903.40,11501.40,10639.80,11359.40,9940989952,191115225673,
23/1/2018,10944.50,11377.60,10129.70,10868.40,9660609536,182830257191,
22/1/2018,11633.10,11966.40,10240.20,10931.40,10537400320,183866421285,
21/1/2018,12889.20,12895.90,11288.20,11600.10,9935179776,195089460991,
20/1/2018,11656.20,13103.00,11656.20,12899.20,11801700352,216907619830,
19/1/2018,11429.80,11992.80,11172.10,11607.40,10740400128,195158837709,
18/1/2018,11198.80,12107.30,10942.50,11474.90,15020399616,192907550324,
17/1/2018,11431.10,11678.00,9402.29,11188.60,18830600192,188070430523,
16/1/2018,13836.10,13843.10,10194.90,11490.50,18853799936,193121120762,
15/1/2018,13767.30,14445.50,13641.70,13819.80,12750799872,232242775485,
14/1/2018,14370.80,14511.80,13268.00,13772.00,11084099584,231413491364,
13/1/2018,13952.40,14659.50,13952.40,14360.20,12763599872,241268592240,
12/1/2018,13453.90,14229.90,13158.10,13980.60,12065699840,234865160377,
11/1/2018,14968.20,15018.80,13105.90,13405.80,16534099968,225178724050,
10/1/2018,14588.50,14973.30,13691.20,14973.30,18500800512,251472635522,
9/1/2018,15123.70,15497.50,14424.00,14595.40,16659999744,245095808695,
8/1/2018,16476.20,16537.90,14208.20,15170.10,18413899776,254715263101,
7/1/2018,17527.30,17579.60,16087.70,16477.60,15866000384,276634797271,
6/1/2018,17462.10,17712.40,16764.60,17527.00,18314600448,294217423675,
5/1/2018,15477.20,17705.20,15202.80,17429.50,23840899072,292544135538,
4/1/2018,15270.70,15739.70,14522.20,15599.20,21783199744,261795321110,
3/1/2018,14978.20,15572.80,14844.50,15201.00,16871900160,255080562912,
2/1/2018,13625.00,15444.60,13163.60,14982.10,16846600192,251377913955,
1/1/2018,14112.20,14112.20,13154.70,13657.20,10291200000,229119155396,
31/12/2017,12897.70,14377.40,12755.60,14156.40,12136299520,237465823980,
30/12/2017,14681.90,14681.90,12350.10,12952.20,14452599808,217239803085,
29/12/2017,14695.80,15279.00,14307.00,14656.20,13025500160,245793634125,
28/12/2017,15864.10,15888.40,13937.30,14606.50,12336499712,244929825575,
27/12/2017,16163.50,16930.90,15114.30,15838.50,12487600128,265559172050,
26/12/2017,14036.60,16461.20,14028.90,16099.80,13454300160,269908107763,
25/12/2017,13995.90,14593.00,13448.90,14026.60,10664699904,235126843805,
24/12/2017,14608.20,14626.00,12747.70,13925.80,11572299776,233414163395,
23/12/2017,13948.70,15603.20,13828.80,14699.20,13086000128,246349213910,
22/12/2017,15898.00,15943.40,11833.00,13831.80,22197999616,231788283457,
21/12/2017,16642.40,17567.70,15342.70,15802.90,16516599808,264788651530,
20/12/2017,17760.30,17934.70,16077.70,16624.60,22149699584,278528964015,
19/12/2017,19118.30,19177.80,17275.40,17776.70,16894499840,297801055828,
18/12/2017,19106.40,19371.00,18355.90,19114.20,14839499776,320174318520,
17/12/2017,19475.80,20089.00,18974.10,19140.80,13314599936,320576568850,
16/12/2017,17760.30,19716.70,17515.30,19497.40,12740599808,326502485530,
15/12/2017,16601.30,18154.10,16601.30,17706.90,14309999616,296482120238,
14/12/2017,16384.60,17085.80,16185.90,16564.00,13777399808,277310347000,
13/12/2017,17500.00,17653.10,16039.70,16408.20,12976900096,274663619978,
12/12/2017,16919.80,17781.80,16571.60,17415.40,14603799552,291483935710,
11/12/2017,15427.40,17513.90,15404.80,16936.80,12153900032,283439888520,
10/12/2017,15168.40,15850.60,13226.60,15455.40,13433299968,258615393665,
9/12/2017,16523.30,16783.00,13674.90,15178.20,13911300096,253946084745,
8/12/2017,17802.90,18353.40,14336.90,16569.40,21135998976,277185764485,
7/12/2017,14266.10,17899.70,14057.30,17899.70,17950699520,299405364249,
6/12/2017,11923.40,14369.10,11923.40,14291.50,12656300032,239024437136,
5/12/2017,11685.70,12032.00,11604.60,11916.70,6895260160,199278350420,
4/12/2017,11315.40,11657.20,11081.80,11657.20,6132409856,194912755450,
3/12/2017,11082.70,11858.70,10862.00,11323.20,6608309760,189302389920,
2/12/2017,10978.30,11320.20,10905.10,11074.60,5138500096,185122039035,
1/12/2017,10198.60,11046.70,9694.65,10975.60,6783119872,183444663767,
30/11/2017,9906.79,10801.00,9202.05,10233.60,8310689792,171020085600,
29/11/2017,10077.40,11517.40,9601.03,9888.61,11568799744,165233728795,
28/11/2017,9823.43,10125.70,9736.30,10058.80,6348819968,168056012886,
27/11/2017,9352.72,9818.35,9352.72,9818.35,5653320192,164019464090,
26/11/2017,8789.04,9522.93,8775.59,9330.55,5475579904,155850742551,
25/11/2017,8241.71,8790.92,8191.15,8790.92,4342060032,146820557006,
24/11/2017,8074.02,8374.16,7940.93,8253.69,5058610176,137831976173,
23/11/2017,8232.38,8267.40,8038.77,8038.77,4225179904,134227860479,
22/11/2017,8077.95,8302.26,8075.47,8253.55,3633530112,137797862084,
21/11/2017,8205.74,8348.66,7762.71,8071.26,4277609984,134739693480,
20/11/2017,8039.07,8336.86,7949.36,8200.64,3488450048,136881802624,
19/11/2017,7766.03,8101.91,7694.10,8036.49,3149319936,134124196206,
18/11/2017,7697.21,7884.99,7463.44,7790.15,3667190016,129997247838,
17/11/2017,7853.57,8004.59,7561.09,7708.99,4651670016,128621507062,
16/11/2017,7323.24,7967.38,7176.58,7871.69,5123809792,131328418537,
15/11/2017,6634.76,7342.25,6634.76,7315.54,4200880128,122035826506,
14/11/2017,6561.48,6764.98,6461.75,6635.75,3197110016,110683148744,
13/11/2017,5938.25,6811.19,5844.29,6559.49,6263249920,109400650105,
12/11/2017,6295.45,6625.05,5519.01,5950.07,8957349888,99226193603,
11/11/2017,6618.61,6873.15,6204.22,6357.60,4908680192,106016076151,
10/11/2017,7173.73,7312.00,6436.87,6618.14,5208249856,110354089394,
9/11/2017,7446.83,7446.83,7101.52,7143.58,3226249984,119104730750,
8/11/2017,7141.38,7776.42,7114.02,7459.69,4602200064,124360767999,
7/11/2017,7023.10,7253.32,7023.10,7144.38,2326340096,119091456315,
6/11/2017,7403.22,7445.77,7007.31,7022.76,3111899904,117050623317,
5/11/2017,7404.52,7617.48,7333.19,7407.41,2380410112,123449206170,
4/11/2017,7164.48,7492.86,7031.28,7379.95,2483800064,122978748805,
3/11/2017,7087.53,7461.29,7002.94,7207.76,3369860096,120097405359,
2/11/2017,6777.77,7367.33,6758.72,7078.50,4653770240,117933380780,
1/11/2017,6440.97,6767.31,6377.88,6767.31,2870320128,112735345036,
31/10/2017,6132.02,6470.43,6103.33,6468.40,2311379968,107743731291,
30/10/2017,6114.85,6214.99,6040.85,6130.53,1772150016,102105356519,
29/10/2017,5754.44,6255.71,5724.58,6153.85,2859040000,102482445590,
28/10/2017,5787.82,5876.72,5689.19,5753.09,1403920000,95797359518,
27/10/2017,5899.74,5988.39,5728.82,5780.90,1710130048,96254297360,
26/10/2017,5747.95,5976.80,5721.22,5904.83,1905040000,98310176011,
25/10/2017,5524.60,5754.33,5397.88,5750.80,1966989952,95732630220,
24/10/2017,5935.52,5935.52,5504.18,5526.64,2735699968,91988225800,
23/10/2017,6006.00,6075.59,5732.47,5930.32,2401840128,98695054084,
22/10/2017,6036.66,6076.26,5792.34,6008.42,2034630016,99981911326,
21/10/2017,5996.79,6194.88,5965.07,6031.60,2207099904,100353682389,
20/10/2017,5708.11,6060.11,5627.23,6011.45,2354429952,100007083345,
19/10/2017,5583.74,5744.35,5531.06,5708.52,1780540032,94954808115,
18/10/2017,5603.82,5603.82,5151.44,5590.69,2399269888,92982539106,
17/10/2017,5741.58,5800.35,5472.72,5605.51,1821570048,93218297189,
16/10/2017,5687.57,5776.23,5544.21,5725.59,2008070016,95203392843,
15/10/2017,5835.96,5852.48,5478.61,5678.19,1976039936,94403031755,
14/10/2017,5643.53,5837.70,5591.64,5831.79,1669030016,96942498331,
13/10/2017,5464.16,5840.30,5436.85,5647.21,3615480064,93864253934,
12/10/2017,4829.58,5446.91,4822.00,5446.91,2791610112,90525666972,
11/10/2017,4789.25,4873.73,4751.63,4826.48,1222279936,80205238020,
10/10/2017,4776.21,4922.17,4765.10,4781.99,1597139968,79457603224,
9/10/2017,4614.52,4878.71,4564.25,4772.02,1968739968,79282158943,
8/10/2017,4429.67,4624.14,4405.64,4610.48,1313869952,76589293760,
7/10/2017,4369.35,4443.88,4321.05,4426.89,906928000,73529314833,
6/10/2017,4324.46,4413.27,4320.53,4370.81,1069939968,72589262957,
5/10/2017,4229.88,4362.64,4164.05,4328.41,1161769984,71876277937,
4/10/2017,4319.37,4352.31,4210.42,4229.36,1116770048,70225033578,
3/10/2017,4408.46,4432.47,4258.89,4317.48,1288019968,71681069637,
2/10/2017,4395.81,4470.23,4377.46,4409.32,1431730048,73195646776,
1/10/2017,4341.05,4403.74,4269.81,4403.74,1208210048,73094870674,
30/9/2017,4166.11,4358.43,4160.86,4338.71,1207449984,72008428789,
29/9/2017,4171.62,4214.63,4039.29,4163.07,1367049984,69086146650,
28/9/2017,4197.13,4279.31,4109.70,4174.73,1712320000,69270823146,
27/9/2017,3892.94,4210.05,3884.82,4200.67,1686880000,69691950752,
26/9/2017,3928.41,3969.89,3869.90,3892.35,1043740032,64569365079,
25/9/2017,3681.58,3950.25,3681.58,3926.07,1374210048,65122213849,
24/9/2017,3796.15,3796.15,3666.90,3682.84,768014976,61081971156,
23/9/2017,3629.92,3819.21,3594.58,3792.40,928113984,62892069389,
22/9/2017,3628.02,3758.27,3553.53,3630.70,1194829952,60203040223,
21/9/2017,3901.47,3916.42,3613.63,3631.04,1411480064,60202370872,
20/9/2017,3916.36,4031.39,3857.73,3905.95,1213830016,64751811835,
19/9/2017,4073.79,4094.07,3868.87,3924.97,1563980032,65061185838,
18/9/2017,3591.09,4079.23,3591.09,4065.20,1943209984,67377945990,
17/9/2017,3606.28,3664.81,3445.64,3582.88,1239149952,59377995376,
16/9/2017,3637.75,3808.84,3487.79,3625.04,1818400000,60068678195,
15/9/2017,3166.30,3733.45,2946.62,3637.52,4148069888,60267886368,
14/9/2017,3875.37,3920.60,3153.86,3154.95,2716310016,52265453816,
13/9/2017,4131.98,4131.98,3789.92,3882.59,2219409920,64311123695,
12/9/2017,4168.88,4344.65,4085.22,4130.81,1864530048,68412822896,
11/9/2017,4122.47,4261.67,4099.40,4161.27,1557330048,68907352119,
10/9/2017,4229.34,4245.44,3951.04,4122.94,1679090048,68263826801,
9/9/2017,4229.81,4308.82,4114.11,4226.06,1386230016,69963847482,
8/9/2017,4605.16,4661.00,4075.18,4228.75,2700890112,69999555938,
7/9/2017,4589.14,4655.04,4491.33,4599.88,1844620032,76132843874,
6/9/2017,4376.59,4617.25,4376.59,4597.12,2172100096,76077049312,
5/9/2017,4228.29,4427.84,3998.11,4376.53,2697969920,72417728536,
4/9/2017,4591.63,4591.63,4108.40,4236.31,2987330048,70087101256,
3/9/2017,4585.27,4714.08,4417.59,4582.96,1933190016,75812181334,
2/9/2017,4901.42,4975.04,4469.24,4578.77,2722139904,75734114962,
1/9/2017,4701.76,4892.01,4678.53,4892.01,2599079936,80905039782,
31/8/2017,4555.59,4736.05,4549.40,4703.39,1944930048,77775374625,
30/8/2017,4570.36,4626.52,4471.41,4565.30,1937849984,75482724984,
29/8/2017,4389.21,4625.68,4352.13,4579.02,2486080000,75699786263,
28/8/2017,4384.45,4403.93,4224.64,4382.66,1959330048,72445588933,
27/8/2017,4345.10,4416.59,4317.29,4382.88,1537459968,72441993792,
26/8/2017,4372.06,4379.28,4269.52,4352.40,1511609984,71929882019,
25/8/2017,4332.82,4455.70,4307.35,4371.60,1727970048,72241507489,
24/8/2017,4137.60,4376.39,4130.26,4334.68,2037750016,71625870868,
23/8/2017,4089.01,4255.78,4078.41,4151.52,2369819904,68593954170,
22/8/2017,3998.35,4128.76,3674.58,4100.52,3764239872,67743202431,
21/8/2017,4090.48,4109.14,3988.60,4001.74,2800890112,66106992038,
20/8/2017,4189.31,4196.29,4069.88,4087.66,2109769984,67520478838,
19/8/2017,4137.75,4243.26,3970.55,4193.70,2975820032,69265141208,
18/8/2017,4324.34,4370.13,4015.40,4160.62,2941710080,68710871037,
17/8/2017,4384.44,4484.70,4243.71,4331.69,2553359872,71527949443,
16/8/2017,4200.34,4381.23,3994.42,4376.63,2272039936,72260183303,
15/8/2017,4326.99,4455.97,3906.18,4181.93,3258050048,69038855081,
14/8/2017,4066.10,4325.13,3989.16,4325.13,2463089920,71394704654,
13/8/2017,3880.04,4208.39,3857.80,4073.26,3159089920,67230528989,
12/8/2017,3650.63,3949.92,3613.70,3884.71,2219589888,64111163866,
11/8/2017,3373.82,3679.72,3372.12,3650.62,2021190016,60241844923,
10/8/2017,3341.84,3453.45,3319.47,3381.28,1515110016,55791120000,
9/8/2017,3420.40,3422.76,3247.67,3342.47,1468960000,55145196472,
8/8/2017,3370.22,3484.85,3345.83,3419.94,1752760064,56417337745,
7/8/2017,3212.78,3397.68,3180.89,3378.94,1482279936,55734179251,
6/8/2017,3257.61,3293.29,3155.60,3213.94,1105030016,53006426108,
5/8/2017,2897.63,3290.01,2874.83,3252.91,1945699968,53643452554,
4/8/2017,2806.93,2899.33,2743.72,2895.89,1002120000,47749461443,
3/8/2017,2709.56,2813.31,2685.14,2804.73,804796992,46239970790,
2/8/2017,2727.13,2762.53,2668.59,2710.67,1094950016,44684649516,
1/8/2017,2871.30,2921.35,2685.61,2718.26,1324669952,44804603885,
31/7/2017,2763.24,2889.62,2720.61,2875.34,860574976,47388334773,
30/7/2017,2724.39,2758.53,2644.85,2757.18,705942976,45435913868,
29/7/2017,2807.02,2808.76,2692.80,2726.45,803745984,44924534585,
28/7/2017,2679.73,2897.45,2679.73,2809.01,1380099968,46279316161,
27/7/2017,2538.71,2693.32,2529.34,2671.78,789104000,44013533097,
26/7/2017,2577.77,2610.76,2450.80,2529.45,937404032,41663929265,
25/7/2017,2757.50,2768.08,2480.96,2576.48,1460089984,42433788244,
24/7/2017,2732.70,2777.26,2699.19,2754.86,866473984,45366654309,
23/7/2017,2808.10,2832.18,2653.94,2730.40,1072840000,44957775265,
22/7/2017,2668.63,2862.42,2657.71,2810.12,1177129984,46264340367,
21/7/2017,2838.41,2838.41,2621.85,2667.76,1489449984,43915296559,
20/7/2017,2269.89,2900.70,2269.89,2817.60,2249260032,46376428080,
19/7/2017,2323.08,2397.17,2260.23,2273.43,1245100032,37415031061,
18/7/2017,2233.52,2387.61,2164.77,2318.88,1512450048,38158677672,
17/7/2017,1932.62,2230.49,1932.62,2228.41,1201760000,36665393517,
16/7/2017,1991.98,2058.77,1843.03,1929.82,1182870016,31748939343,
15/7/2017,2230.12,2231.14,1990.41,1998.86,993608000,32880721300,
14/7/2017,2360.59,2363.25,2183.22,2233.34,882502976,36734255488,
13/7/2017,2402.70,2425.22,2340.83,2357.90,835769984,38778935907,
12/7/2017,2332.77,2423.71,2275.14,2398.84,1117410048,39447604438,
11/7/2017,2385.89,2413.47,2296.81,2337.79,1329760000,38438497236,
10/7/2017,2525.25,2537.16,2321.13,2372.56,1111200000,39005033499,
9/7/2017,2572.61,2635.49,2517.59,2518.44,527856000,41397076604,
8/7/2017,2520.27,2571.34,2492.31,2571.34,733329984,42262222823,
7/7/2017,2608.59,2916.14,2498.87,2518.66,917411968,41391217675,
6/7/2017,2608.10,2616.72,2581.69,2608.56,761956992,42863758795,
5/7/2017,2602.87,2622.65,2538.55,2601.99,941566016,42751085999,
4/7/2017,2561.00,2631.59,2559.35,2601.64,985516032,42740618673,
3/7/2017,2498.56,2595.00,2480.47,2564.06,964112000,42118211083,
2/7/2017,2436.40,2514.28,2394.84,2506.47,803747008,41167015221,
1/7/2017,2492.60,2515.27,2419.23,2434.55,779913984,39980058373,
30/6/2017,2539.24,2559.25,2478.43,2480.84,860273024,40735082695,
29/6/2017,2567.56,2588.83,2510.48,2539.32,949979008,41690395783,
28/6/2017,2553.03,2603.98,2484.42,2574.79,1183869952,42268942193,
27/6/2017,2478.45,2552.45,2332.99,2552.45,1489789952,41897190525,
26/6/2017,2590.57,2615.25,2376.29,2478.45,1663280000,40677994354,
25/6/2017,2607.25,2682.26,2552.12,2589.41,1161100032,42495001716,
24/6/2017,2738.52,2757.94,2583.19,2608.72,982750016,42807952581,
23/6/2017,2707.34,2765.17,2706.37,2744.91,961318976,45037797053,
22/6/2017,2691.03,2723.74,2642.36,2705.41,1097939968,44384244937,
21/6/2017,2709.43,2772.01,2660.40,2689.10,1626579968,44111929173,
20/6/2017,2591.26,2763.45,2589.82,2721.79,1854189952,44643512689,
19/6/2017,2549.03,2662.85,2549.03,2589.60,1446840064,42470734800,
18/6/2017,2655.35,2662.10,2516.33,2548.29,1178659968,41788418974,
17/6/2017,2514.01,2685.19,2484.96,2655.88,1534509952,43548031452,
16/6/2017,2469.57,2539.92,2385.15,2518.56,1195190016,41291821423,
15/6/2017,2499.58,2534.71,2212.96,2464.58,2026259968,40402259202,
14/6/2017,2716.88,2786.83,2412.94,2506.37,1696560000,41082567339,
13/6/2017,2680.91,2789.04,2650.38,2717.02,1781200000,44530631894,
12/6/2017,2953.22,2997.26,2518.56,2659.63,2569530112,43585351533,
11/6/2017,2942.41,2996.60,2840.53,2958.11,1752400000,48471330146,
10/6/2017,2828.14,2950.99,2746.55,2947.71,2018889984,48295501718,
9/6/2017,2807.44,2901.71,2795.62,2823.81,1348950016,46260465854,
8/6/2017,2720.49,2815.30,2670.95,2805.62,1281170048,45957247989,
7/6/2017,2869.38,2869.38,2700.56,2732.16,1517709952,44748237218,
6/6/2017,2690.84,2999.91,2690.84,2863.20,2089609984,46888622160,
5/6/2017,2512.40,2686.81,2510.22,2686.81,1369309952,43994968834,
4/6/2017,2547.79,2585.89,2452.54,2511.81,1355120000,41124262595,
3/6/2017,2493.72,2581.91,2423.57,2515.35,1514950016,41177190057,
2/6/2017,2404.03,2488.55,2373.32,2488.55,1317030016,40732491835,
1/6/2017,2288.33,2448.39,2288.33,2407.88,1653180032,39407633763,
31/5/2017,2187.19,2311.08,2145.57,2286.41,1544829952,37414813240,
30/5/2017,2255.36,2301.96,2124.57,2175.47,1443970048,35594903085,
29/5/2017,2159.43,2307.05,2107.17,2255.61,994625024,36901102917,
28/5/2017,2054.08,2267.34,2054.08,2155.80,1147139968,35264171110,
27/5/2017,2196.27,2260.20,1855.83,2038.87,1700480000,33347170525,
26/5/2017,2320.89,2573.79,2071.99,2202.42,1763480064,36017660894,
25/5/2017,2446.24,2763.71,2285.30,2304.98,2406700032,37690456715,
24/5/2017,2321.37,2523.72,2321.37,2443.64,1725379968,39952841999,
23/5/2017,2191.56,2320.82,2178.50,2320.42,1378749952,37933704066,
22/5/2017,2043.19,2303.90,2017.87,2173.40,1942220032,35525744380,
21/5/2017,2067.03,2119.08,2037.50,2041.20,1147859968,33361091114,
20/5/2017,1984.24,2084.73,1974.92,2084.73,961336000,34068630559,
19/5/2017,1897.37,2004.52,1890.25,1987.71,1157289984,32479082015,
18/5/2017,1818.70,1904.48,1807.12,1888.65,894321024,30856574835,
17/5/2017,1726.73,1864.05,1661.91,1839.09,1064729984,30043626195,
16/5/2017,1741.70,1785.94,1686.54,1734.45,959044992,28330874003,
15/5/2017,1808.44,1812.80,1708.54,1738.43,731529024,28392885375,
14/5/2017,1800.86,1831.42,1776.62,1808.91,437196000,29540290794,
13/5/2017,1723.12,1812.99,1651.08,1804.91,579635008,29471223857,
12/5/2017,1845.76,1856.15,1694.01,1724.24,740984000,28150631936,
11/5/2017,1780.37,1873.93,1755.35,1848.57,799489984,30176934751,
10/5/2017,1756.52,1788.44,1719.10,1787.13,915723008,29170965564,
9/5/2017,1723.89,1833.49,1716.30,1755.36,1167920000,28649119972,
8/5/2017,1596.92,1723.35,1596.92,1723.35,1340320000,28123369330,
7/5/2017,1579.47,1596.72,1559.76,1596.71,1080029952,26053077975,
6/5/2017,1556.81,1578.80,1542.50,1578.80,582529984,25757608890,
5/5/2017,1540.87,1618.03,1530.31,1555.45,946035968,25373374563,
4/5/2017,1490.72,1608.91,1490.72,1537.67,933548992,25080858487,
3/5/2017,1453.78,1492.77,1447.49,1490.09,583795968,24301634925,
2/5/2017,1421.03,1473.90,1415.69,1452.82,477337984,23691443738,
1/5/2017,1348.30,1434.32,1348.30,1421.60,713624000,23179524919,
30/4/2017,1321.87,1347.91,1314.92,1347.89,413115008,21975104909,
29/4/2017,1317.84,1327.20,1315.21,1321.79,422705984,21547126640,
28/4/2017,1317.74,1331.28,1292.37,1316.48,527488992,21457669552,
27/4/2017,1281.88,1319.70,1281.30,1317.73,449196992,21475836448,
26/4/2017,1265.99,1294.83,1265.93,1281.08,329631008,20876159410,
25/4/2017,1250.45,1267.58,1249.97,1265.49,242556000,20619704237,
24/4/2017,1209.63,1250.94,1209.63,1250.15,235806000,20367443800,
23/4/2017,1231.92,1232.20,1203.94,1207.21,258951008,19665994145,
22/4/2017,1222.71,1235.56,1208.47,1231.71,249320000,20062753908,
21/4/2017,1229.42,1235.94,1215.56,1222.05,272167008,19903192286,
20/4/2017,1211.08,1240.79,1208.41,1229.08,315108000,20015137622,
19/4/2017,1212.13,1215.51,1205.08,1210.29,288060992,19707045565,
18/4/2017,1193.77,1217.57,1193.77,1211.67,270524000,19727334977,
17/4/2017,1183.25,1194.90,1172.65,1193.91,253206000,19436033390,
16/4/2017,1172.61,1187.22,1172.61,1182.94,183231008,19255408766,
15/4/2017,1167.30,1188.00,1164.96,1172.52,203559008,19083656460,
14/4/2017,1170.33,1190.80,1159.79,1167.54,254827008,19000400018,
13/4/2017,1201.02,1205.89,1156.44,1169.28,351968992,19026699552,
12/4/2017,1204.81,1207.14,1196.76,1200.37,288702016,19530680104,
11/4/2017,1187.46,1208.07,1187.46,1205.01,216182000,19604036563,
10/4/2017,1187.30,1190.34,1179.04,1187.13,215883008,19310642460,
9/4/2017,1176.57,1197.21,1171.86,1187.87,242343008,19320511927,
8/4/2017,1172.65,1184.98,1162.58,1175.95,209312000,19124327856,
7/4/2017,1178.94,1186.58,1163.39,1176.90,317022016,19137747435,
6/4/2017,1125.81,1188.37,1125.81,1182.68,511222016,19229356147,
5/4/2017,1134.14,1135.09,1113.63,1124.78,414784000,18285857775,
4/4/2017,1145.52,1156.44,1120.52,1133.25,436310016,18421262063,
3/4/2017,1102.95,1151.74,1102.95,1143.81,580444032,18591158323,
2/4/2017,1080.61,1107.59,1075.45,1102.17,514187008,17911915755,
1/4/2017,1071.71,1091.72,1061.09,1080.50,289633984,17557597716,
31/3/2017,1026.64,1074.92,1026.64,1071.79,447287008,17414322808,
30/3/2017,1042.21,1049.29,1020.04,1026.43,352968992,16675587066,
29/3/2017,1046.08,1055.13,1015.88,1039.97,298457984,16893415156,
28/3/2017,1044.58,1064.65,1027.73,1047.15,326332000,17008241726,
27/3/2017,972.05,1046.40,971.98,1045.77,372535008,16983801541,
26/3/2017,974.02,1007.96,954.19,966.72,303668000,15698465531,
25/3/2017,936.54,975.76,903.71,972.78,435803008,15794781102,
24/3/2017,1038.45,1040.47,934.36,937.52,491038016,15220718764,
23/3/2017,1050.05,1058.01,1028.93,1038.59,248540000,16859314109,
22/3/2017,1120.65,1120.65,1014.21,1049.14,380840992,17028630158,
21/3/2017,1055.36,1122.43,1055.36,1120.54,337391008,18185299687,
20/3/2017,1037.24,1063.03,1036.68,1054.23,286529984,17107266418,
19/3/2017,976.73,1069.91,976.73,1036.74,406648000,16821676707,
18/3/2017,1099.69,1114.07,957.66,973.82,621302016,15798760668,
17/3/2017,1180.16,1180.16,1099.57,1100.23,706598976,17847435957,
16/3/2017,1251.33,1257.98,1152.44,1187.81,638568000,19265847025,
15/3/2017,1240.16,1251.61,1239.75,1249.61,297804992,20265831337,
14/3/2017,1232.16,1244.81,1220.72,1240.00,245306000,20107761880,
13/3/2017,1221.78,1237.37,1217.03,1231.92,380276992,19974334865,
12/3/2017,1176.62,1226.98,1175.36,1221.38,227176000,19801195767,
11/3/2017,1116.32,1193.83,1116.32,1175.83,283320000,19060468862,
10/3/2017,1189.36,1270.47,1077.25,1116.72,563795968,18100188612,
9/3/2017,1150.35,1197.46,1141.23,1188.49,212283008,19261188310,
8/3/2017,1223.23,1232.16,1148.08,1150.00,332603008,18635275050,
7/3/2017,1273.21,1275.55,1204.80,1223.54,291256000,19824773912,
6/3/2017,1267.47,1276.00,1264.60,1272.83,153656992,20620991547,
5/3/2017,1254.29,1267.29,1238.06,1267.12,134127000,20526235270,
4/3/2017,1277.43,1279.40,1230.51,1255.15,183270000,20329978338,
3/3/2017,1250.71,1280.31,1250.71,1274.99,315739008,20649259919,
2/3/2017,1224.68,1262.13,1215.62,1251.01,368275008,20258543188,
1/3/2017,1180.04,1222.50,1179.69,1222.50,229056992,19794459608,
28/2/2017,1180.72,1193.25,1171.82,1179.97,184956000,19103684801,
27/2/2017,1163.78,1181.98,1163.38,1179.97,131570000,19101427518,
26/2/2017,1144.27,1167.47,1130.20,1165.20,116486000,18860247630,
25/2/2017,1170.41,1174.85,1124.59,1143.84,139960992,18511906560,
24/2/2017,1172.71,1200.39,1131.96,1173.68,330759008,18992415818,
23/2/2017,1117.27,1176.62,1116.96,1166.72,189454000,18877442096,
22/2/2017,1114.80,1125.39,1100.55,1117.44,136100000,18077985665,
21/2/2017,1079.28,1117.25,1076.93,1115.30,186868992,18041455273,
20/2/2017,1048.69,1080.49,1041.69,1079.98,109478000,17468244508,
19/2/2017,1054.76,1056.81,1043.46,1047.87,77423296,16946913346,
18/2/2017,1049.21,1061.10,1046.96,1054.42,99073504,17051064834,
17/2/2017,1026.12,1053.17,1025.64,1046.21,136474000,16916338976,
16/2/2017,1007.65,1033.37,1007.65,1027.44,122277000,16610905026,
15/2/2017,1006.21,1008.84,1001.58,1007.48,89759400,16286329282,
14/2/2017,991.73,1011.51,986.47,1004.55,137946000,16237219721,
13/2/2017,998.89,1002.10,976.00,990.64,100607000,16010322103,
12/2/2017,1003.52,1004.76,996.92,999.18,67530000,16146290349,
11/2/2017,988.90,1009.29,982.83,1004.45,102261000,16229677099,
10/2/2017,995.63,998.91,946.69,988.67,190452000,15973053725,
9/2/2017,1064.70,1088.99,953.34,994.38,407220000,16063448932,
8/2/2017,1062.32,1078.97,1037.49,1063.07,201855008,17170799127,
7/2/2017,1040.14,1061.93,1040.14,1061.35,146007008,17141080574,
6/2/2017,1028.40,1044.64,1028.16,1038.15,111762000,16764422010,
5/2/2017,1043.52,1043.63,1022.37,1027.34,114208000,16588240157,
4/2/2017,1031.33,1045.90,1015.16,1042.90,155064000,16837411920,
3/2/2017,1011.46,1033.87,1008.79,1029.91,201278000,16625849489,
2/2/2017,990.00,1013.52,983.22,1011.80,145820992,16331615570,
1/2/2017,970.94,989.11,970.74,989.02,150110000,15962015276,
31/1/2017,920.96,972.02,920.96,970.40,164582000,15659186515,
30/1/2017,920.15,923.05,919.47,920.38,78227296,14850351605,
29/1/2017,922.07,923.42,919.15,919.50,60851700,14834377926,
28/1/2017,919.81,923.91,919.81,921.59,68979600,14866260449,
27/1/2017,918.36,923.22,915.85,919.75,125594000,14834831700,
26/1/2017,902.40,919.33,902.22,917.59,131958000,14797955301,
25/1/2017,891.92,903.25,891.69,901.54,120831000,14537488261,
24/1/2017,910.68,924.15,892.29,892.69,111349000,14393026385,
23/1/2017,925.50,928.27,916.74,921.01,73588600,14848013909,
22/1/2017,922.21,937.53,897.56,924.67,116573000,14905439337,
21/1/2017,895.55,927.37,895.53,921.79,111158000,14856911163,
20/1/2017,898.17,899.40,887.01,895.03,86728400,14423545371,
19/1/2017,888.34,904.61,884.34,899.07,105625000,14486616700,
18/1/2017,909.37,917.50,858.30,886.62,225676992,14284036613,
17/1/2017,830.95,910.56,830.80,907.94,155095008,14625779851,
16/1/2017,821.78,834.53,820.27,831.53,82755200,13393372620,
15/1/2017,818.14,823.31,812.87,821.80,71013600,13234840657,
14/1/2017,825.14,835.09,812.46,818.41,93063296,13178601992,
13/1/2017,803.74,829.00,780.00,823.98,168968000,13266554392,
12/1/2017,775.18,826.25,755.76,804.83,222326000,12956730411,
11/1/2017,908.11,919.45,762.77,777.76,310928992,12519135996,
10/1/2017,902.44,914.87,901.06,907.68,115808000,14608685049,
9/1/2017,913.24,913.69,879.81,902.83,141876992,14528815565,
8/1/2017,908.17,942.72,887.25,911.20,158715008,14661966429,
7/1/2017,903.49,908.59,823.56,908.59,279550016,14618030536,
6/1/2017,1014.24,1046.81,883.94,902.20,351876000,14513695758,
5/1/2017,1156.73,1191.10,910.42,1013.38,510199008,16300254795,
4/1/2017,1044.40,1159.42,1044.40,1154.73,344945984,18571869009,
3/1/2017,1021.60,1044.08,1021.60,1043.84,185168000,16786368910,
2/1/2017,998.62,1031.39,996.70,1021.75,222184992,16429024775,
1/1/2017,963.66,1003.08,958.70,998.33,147775008,16050407461,
31/12/2016,960.63,963.74,947.24,963.74,99135104,15492554222,
30/12/2016,972.53,972.53,934.83,961.24,187474000,15450507055,
29/12/2016,975.13,979.40,954.50,973.50,199320000,15645617392,
28/12/2016,934.83,975.92,934.83,975.92,236630000,15682769405,
27/12/2016,908.35,940.05,904.26,933.20,167308000,14994286713,
26/12/2016,896.91,913.18,896.90,907.61,123771000,14581389977,
25/12/2016,899.65,899.65,862.42,896.18,143664992,14396194094,
24/12/2016,922.18,923.48,886.34,898.82,137727008,14436754927,
23/12/2016,864.89,925.12,864.68,921.98,275564000,14807189352,
22/12/2016,834.18,875.78,834.15,864.54,200027008,13882988216,
21/12/2016,800.64,834.28,799.41,834.28,155576000,13395445163,
20/12/2016,792.25,801.34,791.50,800.88,99629296,12857473134,
19/12/2016,790.69,793.61,790.32,792.71,74886400,12725090633,
18/12/2016,791.01,794.74,788.03,790.53,60524400,12688510068,
17/12/2016,785.17,792.51,784.86,790.83,78989800,12691945028,
16/12/2016,778.96,785.03,778.96,784.91,83608200,12595490539,
15/12/2016,780.07,781.43,777.80,778.09,81580096,12484761985,
14/12/2016,780.01,782.03,776.84,781.48,75979000,12534369129,
13/12/2016,780.65,788.46,777.96,780.56,81645600,12521776922,
12/12/2016,770.04,781.92,770.04,780.09,76571000,12512497969,
11/12/2016,774.75,774.80,765.41,769.73,57313400,12344888048,
10/12/2016,773.02,777.09,772.91,774.65,53843100,12421967470,
