Date;Opens at:;Closes at:;Highest at:;Lowest at:;Volume Traded:;Market Cap:
5/2/2020;552.87;588.84;549.83;583.07;4,686,378;576,130,988;
4/2/2020;557.02;562.14;541.36;553.62;3,979,687;547,050,404;
3/2/2020;556.84;573.26;546.70;556.30;4,452,208;549,707,432;
2/2/2020;552.86;571.73;542.80;558.67;4,134,079;552,154,452;
1/2/2020;546.78;559.03;539.96;552.01;3,991,779;545,594,281;
31/1/2020;544.69;555.71;532.09;545.33;4,093,150;538,992,045;
30/1/2020;523.96;554.09;509.17;551.77;4,232,265;545,359,251;
29/1/2020;528.67;537.56;514.44;522.53;3,932,224;516,500,218;
28/1/2020;485.57;534.37;484.93;531.92;4,612,793;525,782,477;
27/1/2020;482.63;494.37;473.94;487.37;3,793,281;481,835,342;
26/1/2020;462.94;486.42;457.52;484.92;3,519,127;479,407,733;
25/1/2020;467.46;471.12;454.09;465.29;3,312,795;460,012,001;
24/1/2020;470.65;476.44;452.50;467.68;3,689,358;462,382,739;
23/1/2020;474.46;477.06;451.26;473.78;3,578,834;468,407,704;
22/1/2020;483.67;491.43;467.72;474.53;3,522,250;469,212,311;
21/1/2020;484.17;485.83;466.09;484.07;4,363,397;478,700,118;
20/1/2020;503.99;508.61;457.40;483.52;4,937,380;478,157,887;
19/1/2020;517.62;528.90;488.74;507.21;3,871,380;501,653,038;
18/1/2020;514.36;530.38;490.29;523.14;4,925,581;517,419,957;
17/1/2020;527.55;534.75;499.29;515.97;5,097,150;510,348,669;
16/1/2020;528.46;536.00;488.25;529.68;4,168,861;523,914,090;
15/1/2020;532.88;554.70;515.81;533.83;4,651,343;528,054,686;
14/1/2020;483.75;537.99;481.31;533.87;5,079,338;528,093,777;
13/1/2020;494.77;499.57;476.66;482.22;3,543,697;477,020,940;
12/1/2020;481.49;497.48;476.89;496.23;3,691,033;496,225,779;
11/1/2020;478.07;494.06;472.20;479.06;4,896,444;479,059,454;
10/1/2020;464.23;481.32;454.17;476.68;3,941,850;476,680,118;
9/1/2020;485.20;486.86;452.77;462.12;4,065,236;462,117,194;
8/1/2020;474.63;496.01;469.59;484.58;4,211,004;484,582,104;
7/1/2020;467.52;477.03;459.02;469.89;3,795,790;469,886,013;
6/1/2020;442.02;468.35;438.71;464.47;3,950,543;464,474,369;
5/1/2020;441.71;452.67;436.08;442.09;3,750,842;442,089,035;
4/1/2020;434.83;448.80;424.63;440.25;3,709,471;440,247,004;
3/1/2020;422.10;439.63;413.56;433.53;3,648,148;433,531,552;
2/1/2020;437.62;437.62;416.71;425.44;3,608,801;425,435,460;
1/1/2020;433.24;441.56;428.48;437.33;3,531,182;437,331,443;
31/12/2019;445.17;447.36;427.29;430.96;3,512,760;430,964,639;
30/12/2019;449.54;457.33;437.94;442.89;3,878,828;442,889,578;
29/12/2019;431.18;457.86;428.56;448.31;3,785,106;448,314,261;
28/12/2019;427.42;438.84;425.82;430.74;3,563,307;430,736,438;
27/12/2019;430.09;438.66;421.94;427.56;4,557,354;427,556,221;
26/12/2019;435.71;452.28;424.89;432.48;4,563,748;432,476,083;
25/12/2019;461.67;464.98;429.07;434.84;6,026,951;434,836,630;
24/12/2019;460.82;466.34;436.89;457.34;5,354,515;457,339,067;
23/12/2019;504.53;509.94;441.54;460.93;4,633,187;460,932,971;
22/12/2019;487.65;505.87;472.25;505.51;4,638,315;505,508,199;
21/12/2019;490.35;500.53;471.91;490.67;4,738,670;490,670,899;
20/12/2019;481.31;497.01;453.83;490.35;4,636,633;490,348,372;
19/12/2019;465.42;481.31;448.58;481.31;4,761,181;481,305,322;
18/12/2019;411.79;468.81;394.00;467.95;5,050,557;467,953,801;
17/12/2019;461.63;471.64;409.62;415.16;4,026,492;415,164,245;
16/12/2019;490.52;497.42;451.07;461.63;4,724,877;461,630,244;
15/12/2019;512.60;513.71;483.55;493.96;4,356,116;493,956,809;
14/12/2019;509.41;516.15;501.57;508.61;4,041,034;508,611,804;
13/12/2019;493.91;515.80;490.37;510.73;4,130,286;510,729,428;
12/12/2019;489.00;502.58;483.23;493.53;3,823,711;493,525,148;
11/12/2019;502.39;508.59;481.91;489.76;4,460,711;489,758,490;
10/12/2019;501.76;510.67;492.55;506.80;4,280,554;506,803,670;
9/12/2019;505.82;515.58;491.91;499.82;3,927,002;499,816,341;
8/12/2019;499.81;522.47;493.81;504.44;4,052,523;504,440,903;
7/12/2019;505.55;529.76;495.71;501.17;4,295,216;501,167,415;
6/12/2019;508.85;526.19;496.85;505.82;4,642,910;505,817,474;
5/12/2019;492.24;531.61;465.35;509.81;5,175,476;509,809,168;
4/12/2019;542.07;571.27;483.88;495.40;5,053,047;495,404,924;
3/12/2019;564.05;571.31;528.45;545.93;4,876,703;545,925,393;
2/12/2019;516.94;570.23;506.79;564.05;4,745,961;564,047,424;
1/12/2019;542.28;544.10;501.86;512.56;4,896,695;512,562,204;
30/11/2019;549.58;562.91;523.98;544.45;4,662,481;544,452,259;
29/11/2019;542.11;565.53;529.23;549.65;4,784,047;549,651,561;
28/11/2019;552.87;574.62;534.51;541.32;4,507,001;541,324,455;
27/11/2019;526.37;565.68;518.10;549.74;4,793,026;549,742,433;
26/11/2019;529.91;545.28;511.07;527.04;5,182,243;527,036,950;
25/11/2019;480.71;535.21;431.27;528.88;6,497,521;528,879,055;
24/11/2019;549.93;557.75;478.11;480.06;4,311,479;480,055,525;
23/11/2019;520.38;560.74;507.35;551.96;5,249,182;551,962,108;
22/11/2019;528.96;539.28;445.11;519.71;5,702,366;519,709,257;
21/11/2019;582.72;587.14;524.35;528.96;4,572,658;528,956,842;
20/11/2019;601.65;609.86;575.67;586.16;5,746,626;586,155,554;
19/11/2019;661.11;683.59;592.95;605.81;5,493,450;605,808,880;
18/11/2019;672.59;674.72;647.25;654.03;5,201,375;654,033,586;
17/11/2019;627.79;679.52;621.61;672.67;6,084,081;672,669,073;
16/11/2019;609.38;634.03;600.28;626.50;5,652,238;626,503,192;
15/11/2019;651.89;654.65;581.33;605.67;7,938,949;605,671,011;
14/11/2019;656.79;662.15;642.23;647.95;5,571,038;647,945,052;
13/11/2019;658.13;664.20;649.64;654.52;5,171,580;654,515,169;
12/11/2019;652.47;664.99;642.10;657.08;5,858,480;657,075,453;
11/11/2019;671.58;691.90;638.21;649.76;5,721,818;649,759,376;
10/11/2019;647.40;680.71;642.57;668.40;6,183,956;668,400,573;
9/11/2019;664.97;677.38;644.34;646.19;5,315,946;646,186,720;
8/11/2019;662.40;684.73;634.90;661.10;5,743,195;661,103,403;
7/11/2019;586.34;665.50;576.14;659.82;6,984,364;659,815,383;
6/11/2019;552.84;588.10;547.04;585.61;5,218,515;585,609,963;
5/11/2019;543.63;565.96;533.43;555.17;6,404,055;555,170,162;
4/11/2019;526.06;554.30;521.23;542.62;4,858,824;542,620,759;
3/11/2019;524.90;538.19;519.78;525.54;4,250,307;525,539,498;
2/11/2019;532.09;534.67;518.97;524.52;4,102,314;524,515,428;
1/11/2019;540.28;547.88;525.10;530.34;5,194,608;530,341,338;
31/10/2019;524.47;551.28;507.93;543.61;7,829,984;543,607,332;
30/10/2019;529.66;538.55;514.31;526.28;6,290,986;526,283,811;
29/10/2019;516.80;535.12;513.95;527.15;6,353,265;527,154,475;
28/10/2019;519.97;529.24;506.85;516.85;5,535,182;516,845,203;
27/10/2019;503.45;525.18;495.76;517.60;5,690,092;517,599,686;
26/10/2019;513.76;563.26;490.97;503.34;7,319,372;503,344,381;
25/10/2019;465.95;521.85;463.12;515.85;5,322,499;515,850,975;
24/10/2019;460.32;472.72;453.52;467.13;4,665,362;467,127,407;
23/10/2019;492.53;493.99;452.71;460.32;5,128,328;460,320,162;
22/10/2019;497.80;502.68;489.92;493.16;5,015,403;493,164,783;
21/10/2019;501.65;519.78;489.24;497.72;8,057,849;497,722,224;
20/10/2019;491.68;512.37;481.59;499.49;10,334,479;499,485,070;
19/10/2019;478.29;506.27;477.03;494.08;12,077,640;494,075,264;
18/10/2019;488.27;500.84;474.26;487.65;15,885,206;487,647,149;
17/10/2019;488.88;493.11;475.51;488.27;13,540,683;488,274,944;
16/10/2019;497.94;503.78;483.16;484.50;15,462,284;484,495,113;
15/10/2019;511.35;513.00;491.16;495.81;11,560,592;495,810,041;
14/10/2019;501.76;520.04;498.30;511.24;14,246,216;511,239,723;
13/10/2019;503.96;518.16;497.39;501.76;16,830,548;501,763,336;
12/10/2019;513.51;526.99;495.88;507.39;16,557,071;507,394,516;
11/10/2019;535.18;565.44;505.48;507.65;13,260,531;507,654,726;
10/10/2019;533.74;558.81;516.43;534.05;11,051,441;534,050,886;
9/10/2019;453.49;544.31;453.02;538.31;11,665,114;538,306,606;
8/10/2019;455.91;469.88;447.29;453.48;10,098,044;453,481,782;
7/10/2019;436.28;464.17;427.92;455.44;11,539,883;455,443,301;
6/10/2019;443.20;453.32;429.33;435.64;11,868,192;435,640,432;
5/10/2019;446.22;456.29;434.46;442.89;13,866,477;442,893,719;
4/10/2019;441.21;462.44;435.08;445.15;11,034,174;445,146,130;
3/10/2019;452.55;457.73;431.97;437.76;8,256,985;437,756,123;
2/10/2019;455.42;461.71;440.09;450.71;10,294,652;450,706,283;
1/10/2019;449.80;461.81;442.40;454.45;11,457,079;454,451,452;
30/9/2019;429.84;454.49;418.23;453.36;8,805,015;453,359,666;
29/9/2019;445.23;455.39;421.97;430.22;8,370,084;430,221,630;
28/9/2019;456.13;463.47;435.01;443.65;10,618,275;443,653,158;
27/9/2019;452.70;461.68;431.56;451.10;13,406,794;451,097,174;
26/9/2019;447.61;465.67;416.03;448.22;9,414,506;448,217,440;
25/9/2019;441.72;465.01;435.95;444.84;11,743,543;444,843,854;
24/9/2019;506.54;516.92;422.70;439.27;11,912,259;439,268,266;
23/9/2019;527.84;539.38;505.18;506.00;15,063,652;505,997,620;
22/9/2019;550.60;554.75;522.09;528.60;10,665,537;528,596,953;
21/9/2019;558.36;564.39;525.64;547.99;13,794,780;547,994,046;
20/9/2019;540.30;574.41;535.50;556.23;13,421,343;556,226,966;
19/9/2019;525.29;552.76;508.57;547.95;13,692,214;547,953,758;
18/9/2019;504.76;542.33;498.83;525.27;14,129,904;525,266,161;
17/9/2019;463.39;513.26;452.11;504.85;12,536,278;504,853,781;
16/9/2019;475.02;485.63;459.12;463.75;11,938,595;463,753,745;
15/9/2019;458.29;487.49;455.24;474.48;10,248,673;474,484,180;
14/9/2019;457.35;480.38;448.91;462.87;13,679,413;462,873,546;
13/9/2019;461.80;469.64;447.91;454.10;9,414,430;454,096,202;
12/9/2019;466.10;477.89;444.87;458.14;11,969,143;458,139,283;
11/9/2019;478.86;497.83;459.91;469.91;10,828,175;469,910,194;
10/9/2019;478.08;495.59;470.49;478.09;11,168,539;478,085,943;
9/9/2019;447.42;489.38;443.10;480.44;13,057,870;480,436,729;
8/9/2019;445.16;460.04;433.24;449.19;12,872,900;449,193,485;
7/9/2019;422.06;447.15;418.26;442.29;14,033,338;442,288,041;
6/9/2019;461.52;475.09;406.19;420.48;17,949,497;420,481,947;
5/9/2019;463.24;474.92;452.81;461.52;14,230,896;461,520,395;
4/9/2019;475.48;488.55;460.60;468.37;14,450,718;468,372,200;
3/9/2019;474.40;492.88;463.32;478.10;14,473,054;478,104,392;
2/9/2019;474.49;486.53;456.40;479.71;14,872,172;479,710,355;
1/9/2019;472.53;489.43;457.96;467.56;14,496,351;467,561,614;
31/8/2019;475.28;485.69;464.82;474.91;14,747,752;474,911,544;
30/8/2019;466.41;479.43;460.57;477.21;14,718,268;477,212,591;
29/8/2019;478.79;490.32;457.95;466.41;13,566,617;466,411,551;
28/8/2019;523.98;526.57;470.40;478.81;13,240,560;478,809,865;
27/8/2019;517.55;524.69;506.33;523.91;9,525,757;523,909,852;
26/8/2019;500.57;517.95;500.51;517.56;1,984,247;517,559,368;
25/8/2019;504.67;506.23;494.09;501.20;1,795,672;501,196,720;
24/8/2019;509.02;510.86;491.74;504.46;2,012,884;504,456,054;
23/8/2019;497.95;509.09;496.60;509.05;1,917,705;509,045,538;
22/8/2019;494.31;504.23;484.02;497.95;1,951,484;497,948,429;
21/8/2019;511.57;511.76;482.35;494.31;2,086,405;494,314,129;
20/8/2019;517.48;517.52;502.89;511.51;2,128,985;511,514,120;
19/8/2019;516.56;519.79;509.41;517.48;2,112,281;517,482,708;
18/8/2019;518.79;521.36;513.49;516.56;2,607,749;516,562,437;
17/8/2019;504.37;520.41;503.32;518.86;2,133,883;518,863,554;
16/8/2019;477.41;505.59;460.62;504.40;2,476,006;504,401,522;
15/8/2019;450.29;478.33;441.29;477.33;2,459,470;477,325,967;
14/8/2019;472.90;480.65;441.85;449.86;2,643,834;449,856,664;
13/8/2019;486.01;486.42;471.50;472.89;2,158,767;472,889,117;
12/8/2019;509.75;510.12;484.87;485.92;1,886,901;485,919,361;
11/8/2019;495.35;511.88;494.26;509.71;1,459,438;509,706,631;
10/8/2019;504.46;522.74;494.30;495.46;1,612,976;495,455,891;
9/8/2019;538.96;603.88;496.55;504.46;7,830,305;504,456,035;
8/8/2019;548.44;552.84;533.14;539.06;2,030,230;539,059,853;
7/8/2019;558.35;575.87;547.35;548.36;1,401,969;548,356,231;
6/8/2019;593.08;610.51;557.44;558.45;2,379,143;558,454,861;
5/8/2019;588.99;611.42;588.80;593.03;1,544,082;593,031,574;
4/8/2019;598.14;601.82;586.43;589.09;1,322,800;589,088,254;
3/8/2019;601.48;612.77;595.20;598.09;1,515,498;598,089,659;
2/8/2019;599.82;603.45;592.07;601.60;1,337,621;601,598,756;
1/8/2019;589.74;601.17;580.01;599.78;1,283,289;599,777,232;
31/7/2019;573.45;589.63;573.21;589.63;1,713,914;589,629,493;
30/7/2019;568.28;583.47;554.50;573.53;1,396,805;573,525,030;
29/7/2019;576.06;596.69;561.21;567.85;1,881,185;567,852,810;
28/7/2019;578.90;592.10;562.61;576.58;1,305,613;576,580,356;
27/7/2019;594.91;608.55;574.34;578.57;1,918,790;578,573,196;
26/7/2019;582.11;595.85;575.02;595.06;1,764,334;595,060,946;
25/7/2019;584.99;594.06;579.91;582.37;1,685,138;582,368,347;
24/7/2019;566.30;590.13;556.83;584.99;1,951,806;584,986,964;
23/7/2019;554.74;581.47;547.77;566.30;1,780,303;566,300,240;
22/7/2019;572.29;576.14;545.42;554.86;1,981,505;554,860,610;
21/7/2019;570.81;573.72;554.70;572.49;1,864,077;572,493,598;
20/7/2019;558.04;579.90;553.66;570.92;1,868,768;570,921,101;
19/7/2019;560.11;560.80;532.43;554.70;1,923,264;554,703,333;
18/7/2019;522.78;563.68;513.77;560.11;1,980,002;560,109,962;
17/7/2019;505.25;536.34;489.12;522.68;5,949,870;522,681,255;
16/7/2019;588.26;594.33;503.86;505.93;2,531,442;505,925,680;
15/7/2019;590.49;597.49;561.76;587.84;2,325,975;587,837,670;
14/7/2019;658.80;668.88;588.90;592.28;1,757,844;592,277,609;
13/7/2019;663.94;670.68;650.38;658.59;1,385,917;658,593,377;
12/7/2019;661.12;673.95;650.26;664.12;1,415,209;664,117,639;
11/7/2019;695.91;698.91;654.30;660.50;1,583,957;660,502,836;
10/7/2019;736.61;744.78;684.10;695.98;1,736,016;695,983,148;
9/7/2019;708.95;754.17;705.91;736.43;2,528,387;736,434,549;
8/7/2019;700.27;710.42;688.16;708.71;1,272,685;708,714,122;
7/7/2019;661.32;708.15;657.99;700.24;1,335,301;700,235,192;
6/7/2019;658.77;690.43;657.83;661.21;1,576,343;661,207,551;
5/7/2019;630.77;684.15;625.09;658.79;1,214,369;658,785,909;
4/7/2019;660.53;662.20;627.32;630.98;1,134,217;630,975,134;
3/7/2019;605.31;664.44;605.31;660.62;1,268,286;660,620,939;
2/7/2019;619.88;623.57;569.83;605.19;1,666,394;605,193,813;
1/7/2019;644.01;660.07;602.74;620.09;1,667,421;620,086,766;
30/6/2019;698.89;703.96;649.06;653.82;1,535,007;653,822,267;
29/6/2019;702.27;703.67;669.20;699.38;1,714,502;699,377,807;
28/6/2019;653.25;714.77;647.36;702.10;1,356,915;702,096,116;
27/6/2019;742.29;753.72;591.45;652.28;1,513,714;652,277,791;
26/6/2019;758.50;802.51;725.74;742.08;2,322,685;742,082,684;
25/6/2019;736.22;764.19;708.99;758.58;930,061;758,581,572;
24/6/2019;734.85;752.38;711.54;735.12;419,882;735,117,573;
23/6/2019;762.16;770.23;729.07;734.85;628,911;734,851,489;
22/6/2019;745.11;786.55;741.42;762.22;674,081;762,220,354;
21/6/2019;718.49;750.25;713.44;746.89;605,648;746,888,523;
20/6/2019;723.01;729.28;701.21;717.53;287,334;717,531,237;
19/6/2019;714.62;736.37;709.77;724.19;314,097;724,192,825;
18/6/2019;748.33;748.70;711.49;714.42;868,466;714,421,284;
17/6/2019;736.60;759.06;730.68;748.55;424,837;748,552,970;
16/6/2019;737.73;744.63;719.64;737.28;7,042,985;737,275,174;
15/6/2019;733.95;750.45;721.93;737.46;6,555,310;737,457,299;
14/6/2019;728.15;736.92;714.06;733.16;7,538,607;733,156,421;
13/6/2019;737.72;746.48;722.61;728.38;6,317,874;728,380,015;
12/6/2019;708.62;749.28;702.68;738.81;5,314,013;738,812,025;
11/6/2019;729.28;730.97;699.56;707.86;5,981,764;707,855,797;
10/6/2019;736.99;744.75;707.84;729.18;7,070,687;729,184,444;
9/6/2019;773.59;774.09;732.60;736.90;4,472,481;736,901,585;
8/6/2019;761.36;773.42;755.00;773.37;4,956,296;773,369,754;
7/6/2019;711.92;769.37;709.96;761.71;5,361,286;761,713,395;
6/6/2019;688.49;723.56;688.49;711.34;6,050,171;711,337,502;
5/6/2019;657.58;695.03;651.75;688.85;4,809,198;688,851,483;
4/6/2019;700.12;702.73;645.05;658.30;4,169,223;658,295,723;
3/6/2019;733.01;733.50;696.05;698.66;4,194,928;698,656,472;
2/6/2019;732.25;739.83;717.84;732.37;4,216,981;732,368,996;
1/6/2019;736.21;740.58;719.35;732.25;6,750,244;732,247,986;
31/5/2019;733.62;740.06;716.64;734.19;7,015,620;734,193,785;
30/5/2019;767.21;788.65;711.19;733.62;5,749,569;733,618,795;
29/5/2019;754.34;780.71;731.38;766.89;6,825,041;766,885,552;
28/5/2019;755.15;764.20;746.28;755.30;6,488,794;755,298,274;
27/5/2019;744.13;773.09;739.88;756.49;9,025,841;756,487,217;
26/5/2019;707.99;748.31;703.70;743.96;6,385,891;743,955,761;
25/5/2019;678.01;709.73;677.38;708.19;6,534,013;708,191,086;
24/5/2019;659.44;695.17;655.71;678.01;9,337,356;678,008,350;
23/5/2019;659.59;662.05;628.36;659.43;4,963,826;659,428,667;
22/5/2019;681.79;687.60;655.81;659.19;5,313,169;659,193,954;
21/5/2019;665.50;690.80;660.79;681.61;6,049,060;681,611,870;
20/5/2019;679.06;682.38;646.75;665.30;4,896,499;665,298,337;
19/5/2019;627.10;682.27;624.03;679.15;6,445,052;679,149,801;
18/5/2019;631.01;649.34;621.60;627.83;3,545,728;627,826,473;
17/5/2019;670.29;671.67;604.10;631.01;3,644,624;631,005,875;
16/5/2019;718.43;729.65;657.62;670.55;5,919,232;670,551,393;
15/5/2019;621.75;729.05;621.70;718.58;7,515,940;718,578,607;
14/5/2019;587.05;622.05;586.09;621.81;6,504,563;621,813,422;
13/5/2019;556.03;603.35;550.45;587.11;5,529,186;587,109,339;
12/5/2019;582.77;590.47;549.15;556.03;5,097,895;556,028,208;
11/5/2019;524.77;608.97;524.73;582.60;4,390,739;582,603,595;
10/5/2019;521.74;527.40;516.31;524.72;6,031,674;524,719,212;
9/5/2019;548.43;553.46;505.74;522.19;7,211,225;522,186,854;
8/5/2019;558.64;558.70;527.04;548.43;5,726,655;548,427,692;
7/5/2019;549.41;583.58;543.84;558.83;4,516,986;558,833,611;
6/5/2019;511.68;552.85;504.99;549.74;2,505,707;549,740,482;
5/5/2019;538.60;540.36;508.25;511.88;1,013,527;511,877,220;
4/5/2019;545.79;549.80;532.93;538.49;2,416,312;538,487,454;
3/5/2019;556.54;578.24;539.54;545.79;3,222,636;545,792,718;
2/5/2019;534.16;556.80;533.11;556.49;2,452,390;556,489,661;
1/5/2019;549.37;555.02;523.77;534.31;2,896,962;534,311,032;
30/4/2019;547.16;558.48;546.85;549.33;2,235,726;549,326,852;
29/4/2019;548.07;563.20;544.68;547.15;2,966,780;547,152,043;
28/4/2019;521.28;551.17;519.34;548.02;1,954,317;548,018,546;
27/4/2019;500.07;529.83;494.47;521.22;2,441,556;521,224,246;
26/4/2019;509.74;520.68;484.63;500.45;2,402,511;500,454,566;
25/4/2019;576.73;579.89;507.00;509.38;2,504,165;509,380,018;
24/4/2019;601.40;602.79;557.58;576.55;2,209,780;576,553,253;
23/4/2019;606.90;627.46;598.40;601.57;1,444,214;601,574,858;
22/4/2019;603.49;617.40;599.57;606.91;1,279,451;606,913,340;
21/4/2019;620.64;621.49;597.97;603.40;1,445,783;603,395,379;
20/4/2019;622.22;627.96;612.62;620.35;1,524,998;620,348,138;
19/4/2019;674.80;675.04;615.68;622.32;1,743,556;622,315,104;
18/4/2019;649.74;687.26;633.90;674.28;2,013,443;674,283,388;
17/4/2019;632.88;657.35;606.74;649.68;1,144,287;649,682,879;
16/4/2019;632.91;651.24;627.67;632.89;1,177,042;632,886,894;
15/4/2019;636.67;655.43;618.74;632.78;1,280,963;632,775,992;
14/4/2019;637.55;638.63;611.59;636.67;1,793,830;636,672,708;
13/4/2019;636.31;661.15;612.98;637.16;1,296,041;637,155,098;
12/4/2019;634.82;639.69;617.73;636.18;1,026,181;636,180,569;
11/4/2019;710.29;711.56;626.03;635.09;1,665,117;635,090,978;
10/4/2019;715.22;728.36;707.23;710.10;1,999,655;710,095,529;
9/4/2019;723.78;726.65;696.58;715.26;2,793,378;715,264,296;
8/4/2019;775.30;792.25;708.83;723.78;2,343,006;723,784,056;
7/4/2019;770.83;786.10;755.48;775.04;811,577;775,042,006;
6/4/2019;784.64;796.30;762.12;771.06;812,646;771,055,752;
5/4/2019;743.44;785.81;733.37;784.33;866,374;784,331,081;
4/4/2019;751.12;766.03;718.16;743.57;6,025,124;743,568,317;
3/4/2019;787.95;805.02;724.68;749.93;3,974,543;749,927,715;
2/4/2019;710.35;791.46;708.84;787.74;3,116,756;787,738,849;
1/4/2019;707.46;759.89;699.88;709.79;1,417,341;709,788,274;
31/3/2019;711.72;748.46;700.54;706.97;1,093,645;706,967,701;
30/3/2019;737.70;771.36;693.22;711.72;1,761,995;711,722,116;
29/3/2019;732.84;738.14;683.89;737.52;4,206,224;737,516,289;
28/3/2019;742.89;745.21;727.14;732.84;6,729,109;732,842,610;
27/3/2019;719.68;744.89;719.41;742.89;6,683,094;742,894,821;
26/3/2019;717.75;722.02;711.12;719.60;7,581,851;719,604,755;
25/3/2019;729.93;740.78;715.28;717.96;4,674,695;717,962,775;
24/3/2019;736.63;745.26;723.00;732.99;1,620,004;732,994,099;
23/3/2019;731.29;742.34;724.09;736.81;1,657,500;736,806,079;
22/3/2019;709.37;734.74;709.35;729.01;2,342,702;729,014,224;
21/3/2019;710.87;722.51;676.26;711.01;3,655,833;711,011,241;
20/3/2019;706.60;715.41;696.84;712.68;1,580,035;712,682,847;
19/3/2019;698.84;716.31;693.22;705.72;1,782,303;705,719,245;
18/3/2019;697.39;716.15;688.58;699.55;1,665,733;699,552,201;
17/3/2019;698.07;714.79;679.51;696.15;1,140,519;696,154,122;
16/3/2019;678.27;707.80;675.48;695.12;1,433,425;695,121,709;
15/3/2019;646.69;683.31;646.08;682.41;1,442,793;682,414,787;
14/3/2019;643.79;653.72;636.22;649.63;1,400,109;649,630,179;
13/3/2019;660.12;667.79;636.72;644.05;1,203,213;644,045,749;
12/3/2019;660.10;662.66;644.45;659.77;1,238,630;659,765,661;
11/3/2019;647.96;663.29;644.89;657.61;1,046,398;657,605,622;
10/3/2019;649.34;659.49;635.49;647.82;898,739;647,820,054;
9/3/2019;657.84;673.92;636.44;650.78;1,497,538;650,777,180;
8/3/2019;682.19;689.14;656.35;659.93;1,142,136;659,932,598;
7/3/2019;682.09;689.32;671.79;685.27;1,466,560;685,266,256;
6/3/2019;685.68;688.97;667.50;677.52;1,279,850;677,515,627;
5/3/2019;626.87;687.36;614.78;685.38;1,556,739;685,379,445;
4/3/2019;669.27;674.00;615.92;624.07;1,408,120;624,069,116;
3/3/2019;684.67;689.99;656.21;661.23;1,055,971;661,231,892;
2/3/2019;669.68;704.55;667.15;679.77;1,143,227;679,767,538;
1/3/2019;674.82;688.12;662.36;667.27;1,240,838;667,265,226;
28/2/2019;643.35;686.01;643.35;674.74;1,230,041;674,741,787;
27/2/2019;684.79;684.79;625.37;643.31;1,574,087;643,312,761;
26/2/2019;668.33;685.94;663.61;684.86;1,989,104;684,855,184;
25/2/2019;655.42;686.45;655.42;669.08;1,749,508;669,079,104;
24/2/2019;734.75;773.84;661.22;661.22;2,142,918;661,217,941;
23/2/2019;662.38;739.23;658.09;737.60;2,469,327;737,599,379;
22/2/2019;639.56;668.92;635.26;665.80;1,584,472;665,798,408;
21/2/2019;658.82;665.35;636.50;636.50;1,474,924;636,502,901;
20/2/2019;628.83;663.54;619.56;658.89;1,612,600;658,892,885;
19/2/2019;573.41;632.14;565.19;632.14;2,015,073;632,143,351;
18/2/2019;539.44;579.56;535.46;575.37;1,759,217;575,373,483;
17/2/2019;507.54;539.04;499.92;536.37;1,092,197;536,371,151;
16/2/2019;496.89;527.65;496.44;503.75;1,339,904;503,746,410;
15/2/2019;516.74;539.57;494.19;496.80;2,061,584;496,801,166;
14/2/2019;553.92;556.47;515.18;517.80;1,560,712;517,803,256;
13/2/2019;505.58;555.64;502.82;551.88;2,361,905;551,876,775;
12/2/2019;491.21;505.02;476.94;505.02;1,476,367;505,020,330;
11/2/2019;461.48;493.48;456.60;493.48;1,140,114;493,475,181;
10/2/2019;450.21;468.39;445.80;461.14;460,412;461,136,027;
9/2/2019;438.31;450.25;435.18;449.72;325,740;449,721,338;
8/2/2019;400.38;439.55;398.16;438.18;773,700;319,093,969;
7/2/2019;399.28;415.10;390.16;401.87;698,240;292,652,246;
6/2/2019;392.37;423.60;385.48;397.73;388,334;289,640,364;
5/2/2019;406.89;447.68;388.03;392.13;758,679;285,556,603;
4/2/2019;369.93;460.14;366.65;407.62;703,707;296,842,709;
3/2/2019;372.95;381.44;363.33;376.85;381,244;274,435,056;
2/2/2019;371.98;382.42;365.01;380.96;712,906;277,427,317;
1/2/2019;371.07;381.14;363.66;369.97;838,721;269,420,070;
31/1/2019;379.21;464.34;359.15;369.28;2,093,187;268,918,524;
30/1/2019;392.22;402.79;363.40;379.24;2,381,289;276,171,125;
29/1/2019;401.50;402.84;383.43;393.87;1,164,212;286,824,823;
28/1/2019;433.18;434.32;356.45;398.57;927,284;290,250,826;
27/1/2019;450.52;467.18;432.44;433.03;6,000,950;315,345,642;
26/1/2019;469.22;473.00;441.74;449.93;47,978,980;327,650,905;
25/1/2019;473.56;484.81;463.46;469.10;29,796,841;341,611,137;
24/1/2019;459.20;476.50;454.12;472.46;17,101,342;344,056,598;
23/1/2019;454.55;464.03;451.60;459.05;16,066,140;334,295,653;
22/1/2019;429.71;454.62;429.30;453.68;4,290,642;330,383,708;
21/1/2019;452.62;452.64;428.49;429.87;6,787,634;313,040,054;
20/1/2019;470.52;477.96;443.82;447.16;285,725;325,636,995;
19/1/2019;456.18;478.61;454.27;470.84;476,594;342,882,055;
18/1/2019;460.71;464.98;446.17;455.09;523,895;331,411,590;
17/1/2019;446.74;466.49;438.33;461.28;760,109;335,919,514;
16/1/2019;429.41;459.45;428.14;447.05;1,169,597;325,556,131;
15/1/2019;463.83;467.99;423.62;426.42;1,228,417;310,529,167;
14/1/2019;422.51;467.63;349.00;464.07;430,134;337,951,853;
13/1/2019;435.82;439.90;419.55;423.07;229,375;308,094,622;
12/1/2019;436.38;447.07;430.70;434.63;255,676;316,509,191;
11/1/2019;435.65;444.96;418.66;435.95;216,642;317,472,269;
10/1/2019;492.59;497.84;428.36;437.56;406,264;318,642,020;
9/1/2019;489.33;500.21;475.15;492.54;89,883.38;358,682,398;
8/1/2019;492.38;500.67;396.10;489.26;268,384;356,292,880;
7/1/2019;521.66;524.31;486.46;492.70;467,088;358,796,725;
6/1/2019;508.38;521.43;505.15;521.43;397,424;379,720,591;
5/1/2019;497.84;513.32;497.84;508.89;259,532;370,589,251;
4/1/2019;499.93;506.72;476.24;498.49;222,554;363,017,440;
3/1/2019;496.81;503.16;472.30;501.96;286,370;365,544,044;
2/1/2019;462.15;500.23;459.51;496.91;516,680;361,862,964;
1/1/2019;448.21;463.01;439.26;461.39;258,609;336,000,438;
31/12/2018;477.62;477.86;450.18;453.98;139,080;330,600,519;
30/12/2018;471.69;481.59;452.02;477.15;341,698;347,476,493;
29/12/2018;483.21;497.99;466.76;471.33;303,075;343,236,124;
28/12/2018;436.39;482.31;434.43;482.31;219,740;351,231,704;
27/12/2018;444.26;463.65;435.04;436.37;226,902;317,777,806;
26/12/2018;453.48;476.69;424.27;444.14;323,363;323,432,948;
25/12/2018;479.87;479.87;432.22;453.48;386,896;330,235,572;
24/12/2018;448.04;511.35;448.04;479.11;1,127,943;348,898,701;
23/12/2018;425.20;448.55;425.20;447.66;1,574,702;326,001,633;
22/12/2018;425.51;434.29;414.01;424.61;988,534;309,214,629;
21/12/2018;435.83;440.20;414.48;425.86;791,279;310,126,330;
20/12/2018;425.32;441.01;408.20;436.46;1,190,159;317,839,729;
19/12/2018;431.01;457.46;425.52;425.69;1,372,800;309,998,850;
18/12/2018;391.67;437.00;367.72;435.76;1,268,680;317,330,694;
17/12/2018;358.78;416.40;200.05;392.01;1,549,312;285,470,174;
16/12/2018;338.71;375.89;334.39;357.93;824,273;260,655,433;
15/12/2018;339.53;342.73;326.84;338.84;48,725.47;246,752,723;
14/12/2018;339.99;346.50;318.25;339.32;200,476;247,102,019;
13/12/2018;318.60;444.31;317.16;340.16;368,043;247,717,116;
12/12/2018;333.69;336.85;318.53;318.53;754,193;231,959,725;
11/12/2018;328.03;332.56;303.47;325.56;372,517;237,078,769;
10/12/2018;343.91;350.67;320.55;321.91;169,929;234,426,785;
9/12/2018;341.11;363.76;340.99;344.36;383,213;250,776,056;
8/12/2018;341.40;359.91;305.28;342.13;287,983;249,145,917;
7/12/2018;342.50;344.39;308.22;340.74;816,636;248,134,805;
6/12/2018;366.75;369.03;333.25;342.99;866,361;249,775,038;
5/12/2018;421.37;425.72;367.98;367.98;719,847;267,973,166;
4/12/2018;379.77;421.51;366.89;420.57;405,176;306,272,526;
3/12/2018;397.22;405.43;384.02;384.91;421,775;280,304,279;
2/12/2018;384.55;401.87;384.55;397.11;363,979;289,184,554;
1/12/2018;360.60;391.98;343.26;386.25;488,559;281,276,597;
30/11/2018;378.03;382.70;360.04;360.04;416,657;262,192,513;
29/11/2018;381.01;387.13;349.42;377.33;643,689;274,785,542;
28/11/2018;328.56;405.58;322.04;380.07;1,129,450;276,778,257;
27/11/2018;322.85;332.05;310.96;328.06;139,401;238,900,946;
26/11/2018;318.88;326.86;294.70;322.91;427,738;235,154,942;
25/11/2018;336.99;337.57;286.67;320.10;1,075,150;233,107,166;
24/11/2018;373.58;386.34;330.87;337.84;709,737;246,025,198;
23/11/2018;400.58;407.47;368.02;373.80;615,822;272,212,997;
22/11/2018;451.74;453.77;403.52;403.52;699,442;293,851,557;
21/11/2018;423.95;452.37;403.47;452.31;449,989;329,387,616;
20/11/2018;403.60;429.64;342.20;423.24;3,015,730;308,211,480;
19/11/2018;572.32;572.32;394.53;404.24;3,056,490;294,376,609;
18/11/2018;574.68;581.16;556.44;571.47;528,217;416,158,867;
17/11/2018;566.06;580.53;558.11;574.22;605,943;418,160,765;
16/11/2018;568.48;579.97;548.06;565.02;923,242;411,461,798;
15/11/2018;573.90;582.49;522.92;552.80;2,045,430;402,561,398;
14/11/2018;695.38;696.85;569.04;571.85;1,582,030;416,437,779;
13/11/2018;696.20;702.29;681.66;696.04;820,715;506,874,201;
12/11/2018;697.29;711.01;652.80;696.47;698,825;507,191,708;
11/11/2018;657.38;709.42;655.54;698.33;1,757,690;508,544,755;
10/11/2018;653.39;661.04;652.96;658.25;224,713;479,358,114;
9/11/2018;663.14;665.85;642.20;653.51;458,762;475,907,043;
8/11/2018;677.56;679.49;636.78;663.65;513,292;483,288,360;
7/11/2018;674.97;682.93;647.43;678.02;572,048;493,749,352;
6/11/2018;661.96;674.32;645.35;673.72;546,873;490,474,511;
5/11/2018;645.84;664.53;641.17;661.67;210,355;481,847,925;
4/11/2018;623.25;663.58;616.20;645.14;502,078;469,805,222;
3/11/2018;623.42;625.55;615.72;622.81;104,052;453,548,266;
2/11/2018;630.58;632.09;618.92;623.15;214,012;453,794,407;
1/11/2018;588.45;654.64;565.14;630.56;380,887;459,192,759;
31/10/2018;623.40;623.40;588.74;595.12;231,279;433,383,639;
30/10/2018;631.39;643.98;613.71;622.67;747,418;453,446,314;
29/10/2018;619.42;672.57;608.02;631.24;541,506;459,682,856;
28/10/2018;623.58;631.73;613.28;620.75;114,793;452,047,388;
27/10/2018;631.81;692.50;611.95;622.61;451,100;453,398,251;
26/10/2018;657.21;658.85;630.93;631.71;309,159;460,025,124;
25/10/2018;685.82;685.98;656.62;657.93;267,594;479,119,256;
24/10/2018;663.56;692.21;660.17;685.79;699,006;499,413,507;
23/10/2018;673.59;680.08;662.45;664.28;186,795;483,750,056;
22/10/2018;681.22;686.16;668.92;673.11;359,580;490,174,481;
21/10/2018;676.77;691.80;665.12;681.23;383,623;496,093,517;
20/10/2018;673.12;678.35;670.45;672.68;105,171;489,867,169;
19/10/2018;660.08;677.10;639.08;673.29;639,289;490,310,660;
18/10/2018;644.58;681.71;635.98;659.78;625,555;480,469,390;
17/10/2018;698.35;701.18;636.75;644.52;665,200;469,358,819;
16/10/2018;680.56;706.01;655.44;696.97;1,418,550;507,555,822;
15/10/2018;644.18;681.21;636.12;679.97;518,799;495,171,580;
14/10/2018;643.45;658.27;640.62;643.46;127,170;468,585,441;
13/10/2018;647.11;658.63;641.80;643.31;114,266;468,473,294;
12/10/2018;637.07;654.30;635.08;647.55;612,373;471,563,164;
11/10/2018;683.55;684.68;614.79;637.74;1,607,590;464,419,978;
10/10/2018;738.43;740.28;628.01;684.87;2,062,310;498,743,538;
9/10/2018;756.56;785.97;728.85;739.77;1,003,590;538,720,329;
8/10/2018;627.49;778.70;627.49;752.53;4,088,190;548,015,429;
7/10/2018;637.66;641.61;603.32;622.09;581,395;453,022,485;
6/10/2018;608.64;645.96;606.89;636.08;1,431,580;463,211,120;
5/10/2018;530.86;614.63;524.56;607.09;1,001,090;442,098,340;
4/10/2018;503.56;531.77;495.41;530.86;1,453,360;386,586,994;
3/10/2018;495.68;508.70;487.55;503.24;1,695,780;366,476,256;
2/10/2018;485.12;522.43;473.42;495.50;1,088,660;360,839,045;
1/10/2018;493.59;496.01;470.36;485.64;205,022;353,657,263;
30/9/2018;491.82;497.81;472.05;494.22;117,395;359,906,913;
29/9/2018;476.87;492.23;462.61;491.97;168,445;358,264,760;
28/9/2018;471.70;481.30;465.27;476.87;410,884;347,272,161;
27/9/2018;443.96;476.07;438.72;471.70;282,318;343,501,398;
26/9/2018;445.32;461.33;429.82;443.96;311,190;323,306,185;
25/9/2018;452.90;458.69;424.88;439.90;696,105;320,345,211;
24/9/2018;478.09;478.09;448.78;453.14;586,175;329,990,588;
23/9/2018;460.06;500.58;451.01;476.68;101,152;347,127,972;
22/9/2018;439.75;505.11;419.42;459.97;95,474.70;334,965,112;
21/9/2018;427.77;443.20;415.41;439.34;1,132,620;319,936,676;
20/9/2018;406.17;419.35;387.79;419.35;1,599,250;305,380,859;
19/9/2018;458.70;458.70;397.21;406.08;727,736;295,721,646;
18/9/2018;383.44;438.93;378.25;436.66;1,390,880;317,987,210;
17/9/2018;418.73;423.89;379.07;383.53;315,799;279,293,556;
16/9/2018;431.42;431.42;405.76;419.24;175,993;305,303,667;
15/9/2018;411.37;435.24;405.75;430.88;384,915;313,780,238;
14/9/2018;354.18;418.42;352.52;412.70;1,014,920;300,535,960;
13/9/2018;308.06;357.34;307.27;354.99;200,908;258,512,120;
12/9/2018;331.85;333.37;291.36;307.83;438,368;224,171,811;
11/9/2018;338.30;344.12;328.05;331.93;236,833;241,717,003;
10/9/2018;341.30;344.65;335.12;337.76;62,878.80;225,698,607;
9/9/2018;349.92;354.28;335.62;342.67;298,430;228,983,615;
8/9/2018;389.41;393.28;341.42;350.49;378,593;234,207,819;
7/9/2018;395.03;401.32;387.85;389.22;204,300;260,088,949;
6/9/2018;412.12;412.12;375.34;395.20;226,056;264,084,283;
5/9/2018;468.53;480.88;398.05;411.05;296,918;274,672,352;
4/9/2018;474.63;491.62;463.67;466.97;63,651.20;312,042,322;
3/9/2018;514.28;515.48;477.57;478.89;144,658;320,008,265;
2/9/2018;485.81;511.86;481.97;511.86;414,041;342,036,393;
1/9/2018;447.82;499.84;434.27;486.04;441,897;324,788,098;
31/8/2018;440.59;449.00;429.26;443.11;51,890.10;296,099,075;
30/8/2018;448.96;452.63;431.57;439.81;190,750;293,891,919;
29/8/2018;462.14;469.06;448.82;448.82;301,758;299,912,651;
28/8/2018;455.19;463.69;449.73;462.19;222,993;308,845,520;
27/8/2018;429.18;453.98;426.49;453.98;248,331;303,362,711;
26/8/2018;439.38;439.38;427.35;428.73;119,628;286,490,628;
25/8/2018;439.31;447.68;433.86;439.24;250,994;293,513,702;
24/8/2018;432.51;443.18;427.06;439.80;199,001;293,889,246;
23/8/2018;411.83;434.45;404.11;432.22;225,255;288,822,743;
22/8/2018;429.97;446.78;402.42;411.79;289,982;275,168,845;
21/8/2018;423.22;439.50;421.27;430.23;115,973;287,491,634;
20/8/2018;457.04;462.10;422.38;422.38;163,838;282,246,046;
19/8/2018;433.54;461.59;432.16;456.79;465,103;305,236,422;
18/8/2018;447.70;457.57;419.94;433.55;92,589.50;289,712,823;
17/8/2018;424.48;447.24;420.84;446.75;416,306;298,532,761;
16/8/2018;408.38;435.80;405.08;423.99;487,917;283,323,897;
15/8/2018;403.54;431.01;401.72;407.90;442,452;272,572,780;
14/8/2018;420.72;420.72;370.82;401.29;733,677;268,152,454;
13/8/2018;475.32;479.75;417.91;420.21;402,101;280,795,323;
12/8/2018;469.81;484.01;465.82;474.36;196,767;316,978,520;
11/8/2018;474.74;482.60;438.74;474.21;707,828;316,878,954;
10/8/2018;514.63;519.80;470.15;474.63;368,763;317,161,615;
9/8/2018;510.10;519.84;497.70;515.29;272,003;344,330,419;
8/8/2018;518.88;518.88;489.63;509.43;616,748;340,413,268;
7/8/2018;541.86;554.22;511.24;518.84;274,238;346,703,296;
6/8/2018;565.15;568.12;538.35;542.18;131,891;362,300,401;
5/8/2018;549.39;565.58;540.19;564.68;164,037;377,337,530;
4/8/2018;557.08;562.52;545.26;548.79;155,862;366,718,723;
3/8/2018;584.32;589.53;555.68;556.27;191,160;371,713,725;
2/8/2018;592.69;599.07;561.28;584.20;170,048;390,377,327;
1/8/2018;609.45;610.30;584.47;593.78;46,225.90;396,781,622;
31/7/2018;636.66;638.38;605.18;609.52;108,317;407,295,518;
30/7/2018;650.98;650.98;613.52;638.26;182,004;426,505,729;
29/7/2018;627.45;653.42;627.24;650.78;41,693.70;434,866,595;
28/7/2018;649.91;651.42;623.43;628.34;19,367.00;419,875,574;
27/7/2018;631.83;650.55;622.59;648.96;120,437;433,653,094;
26/7/2018;642.74;667.33;628.05;631.82;361,773;422,196,997;
25/7/2018;640.45;649.40;625.54;644.32;612,094;430,550,512;
24/7/2018;609.84;645.18;603.36;641.49;394,566;428,661,432;
23/7/2018;608.36;628.74;607.65;610.17;438,567;407,733,207;
22/7/2018;622.07;628.65;606.14;608.44;263,359;406,579,177;
21/7/2018;603.86;628.52;596.21;622.28;503,033;415,823,440;
20/7/2018;616.26;623.19;597.86;603.90;513,185;403,540,746;
19/7/2018;648.48;650.27;616.48;616.48;758,094;411,950,392;
18/7/2018;667.85;685.71;618.96;648.78;1,093,170;433,531,476;
17/7/2018;598.97;673.95;590.24;667.95;757,716;446,342,739;
16/7/2018;574.22;598.51;563.13;598.51;311,330;399,937,662;
15/7/2018;556.98;584.50;543.49;573.46;370,642;383,201,897;
14/7/2018;559.37;563.68;555.24;557.48;155,067;372,521,613;
13/7/2018;556.89;567.69;552.14;558.94;146,196;373,501,903;
12/7/2018;567.68;573.68;545.27;555.98;336,822;371,523,949;
11/7/2018;554.76;571.69;544.40;568.07;166,170;379,600,149;
10/7/2018;568.79;579.99;548.69;554.33;145,450;370,417,363;
9/7/2018;576.37;582.90;567.78;569.57;65,371.90;380,604,496;
8/7/2018;570.99;586.50;568.86;574.09;63,922.20;383,622,212;
7/7/2018;547.40;572.32;536.42;571.15;85,054.10;381,659,627;
6/7/2018;549.72;558.21;544.89;548.00;90,824.90;366,186,813;
5/7/2018;549.27;570.81;538.29;549.03;71,664.40;339,425,593;
4/7/2018;546.44;580.69;540.12;547.60;63,590.60;338,544,000;
3/7/2018;566.52;567.98;544.41;546.45;93,419.70;337,829,329;
2/7/2018;532.13;574.01;520.05;567.42;260,602;350,792,328;
1/7/2018;531.74;541.85;525.11;531.90;119,618;328,837,824;
30/6/2018;521.51;539.45;521.51;530.92;115,533;328,227,633;
29/6/2018;489.14;523.77;482.00;521.24;88,560.80;322,246,279;
28/6/2018;492.20;496.24;479.09;490.61;50,428.50;303,310,581;
27/6/2018;485.23;495.14;476.86;491.49;29,987.40;303,855,240;
26/6/2018;522.62;525.13;484.63;485.58;314,648;300,196,568;
25/6/2018;511.38;544.20;502.42;522.24;85,704.10;322,860,798;
24/6/2018;537.95;539.76;485.68;512.75;57,657.00;316,993,816;
23/6/2018;526.58;545.22;521.69;537.38;28,426.80;332,225,712;
22/6/2018;571.60;586.47;514.52;526.43;133,458;325,455,500;
21/6/2018;570.16;611.60;554.26;573.87;32,454.90;354,783,607;
20/6/2018;566.46;614.33;539.99;570.40;133,761;352,639,593;
19/6/2018;548.25;571.83;542.55;565.85;91,244.10;349,827,275;
18/6/2018;538.64;567.11;494.29;548.34;155,346;338,999,015;
17/6/2018;556.68;586.98;531.74;538.64;138,306;333,004,061;
16/6/2018;573.59;578.53;539.03;555.96;359,655;343,707,438;
15/6/2018;620.16;621.77;568.13;574.82;268,565;355,368,450;
14/6/2018;604.80;620.11;574.14;620.02;407,584;383,311,109;
13/6/2018;650.00;650.00;595.31;604.28;298,301;373,579,586;
12/6/2018;695.41;697.27;642.23;652.69;109,627;403,509,847;
11/6/2018;686.98;701.78;671.24;694.94;157,922;429,633,679;
10/6/2018;784.52;784.52;670.98;685.63;123,650;423,875,506;
9/6/2018;786.26;798.31;782.63;782.63;74,849.50;483,846,073;
8/6/2018;796.51;805.42;776.80;784.77;42,033.60;485,165,989;
7/6/2018;796.92;812.46;791.02;795.26;297,481;491,650,580;
6/6/2018;797.38;801.38;695.18;796.97;375,265;492,710,222;
5/6/2018;787.57;819.35;701.10;799.24;517,902;494,112,363;
4/6/2018;807.58;843.24;782.85;794.14;125,065;490,957,547;
3/6/2018;787.33;808.57;774.66;808.57;92,521.10;499,882,283;
2/6/2018;769.23;789.39;757.72;787.65;251,499;486,944,630;
1/6/2018;753.51;772.95;746.13;770.33;115,444;476,239,398;
31/5/2018;740.03;764.76;734.52;752.74;104,654;465,363,535;
30/5/2018;751.51;769.34;731.56;740.53;97,378.20;457,818,065;
29/5/2018;703.19;751.70;695.84;751.36;154,890;464,510,381;
28/5/2018;771.08;780.92;701.27;701.75;216,474;433,839,483;
27/5/2018;756.75;770.65;741.15;767.89;394,412;474,728,449;
26/5/2018;779.66;799.53;755.51;755.51;82,812.90;467,078,499;
25/5/2018;781.83;793.27;761.67;780.38;268,019;482,452,587;
24/5/2018;758.74;782.53;736.49;781.23;251,658;482,980,554;
23/5/2018;858.30;866.59;746.69;760.67;1,293,800;470,267,936;
22/5/2018;903.36;905.67;855.27;859.02;550,632;531,070,637;
21/5/2018;923.87;931.03;898.22;904.69;213,875;559,302,008;
20/5/2018;894.06;945.23;886.09;922.77;359,353;570,484,512;
19/5/2018;906.89;918.83;883.39;893.81;181,159;552,580,018;
18/5/2018;868.44;909.06;858.28;907.40;56,991.20;560,980,497;
17/5/2018;900.24;914.30;862.84;868.32;57,979.20;536,822,010;
16/5/2018;926.87;929.82;871.59;899.51;201,531;556,101,443;
15/5/2018;957.23;976.55;917.32;927.68;322,976;573,520,629;
14/5/2018;990.55;992.92;950.90;958.85;480,194;592,790,170;
13/5/2018;937.46;997.28;930.84;991.02;195,475;612,674,848;
12/5/2018;950.01;957.02;899.64;938.13;294,540;579,979,873;
11/5/2018;1,071.24;1,071.24;952.77;952.77;510,666;589,025,781;
10/5/2018;1,025.05;1,112.16;1,016.19;1,070.39;2,043,870;661,744,823;
9/5/2018;1,007.16;1,053.88;977.52;1,024.29;164,928;633,244,523;
8/5/2018;1,029.14;1,037.71;997.31;1,008.54;162,549;623,507,435;
7/5/2018;1,068.58;1,078.20;972.54;1,026.06;223,153;634,338,786;
6/5/2018;1,161.75;1,162.32;974.86;1,066.23;721,690;659,172,995;
5/5/2018;1,144.30;1,194.44;1,082.48;1,154.58;1,337,290;713,793,419;
4/5/2018;1,132.16;1,184.22;1,107.90;1,143.79;358,328;707,122,741;
3/5/2018;1,038.69;1,145.04;1,037.58;1,141.70;218,963;705,830,645;
2/5/2018;1,041.01;1,063.11;1,029.54;1,038.97;176,261;642,320,106;
1/5/2018;1,051.01;1,051.01;1,003.65;1,042.01;97,283.00;644,199,519;
30/4/2018;1,075.43;1,077.00;1,046.61;1,048.72;131,845;648,347,827;
29/4/2018;1,064.56;1,081.17;1,038.98;1,075.23;601,462;664,737,045;
28/4/2018;990.18;1,077.75;990.05;1,064.61;174,175;658,171,466;
27/4/2018;1,012.26;1,055.39;989.48;996.33;135,676;615,957,638;
26/4/2018;905.87;1,015.48;890.07;1,010.22;507,992;624,546,058;
25/4/2018;1,046.34;1,046.34;898.27;898.27;1,086,360;555,332,368;
24/4/2018;960.51;1,047.54;960.51;1,047.54;1,445,500;647,618,318;
23/4/2018;920.55;959.67;919.74;926.90;521,808;573,035,938;
22/4/2018;903.13;941.45;890.30;923.29;239,192;570,802,900;
21/4/2018;910.54;918.99;882.91;908.37;193,786;561,580,796;
20/4/2018;851.16;921.99;847.54;909.99;187,741;562,584,180;
19/4/2018;776.08;877.70;773.07;851.54;444,714;526,445,675;
18/4/2018;750.37;797.28;748.75;775.74;500,472;479,582,774;
17/4/2018;741.57;770.40;738.92;749.90;151,414;463,608,387;
16/4/2018;771.21;775.04;732.71;742.04;234,067;458,747,262;
15/4/2018;716.89;770.71;716.89;770.71;179,877;476,476,798;
14/4/2018;698.15;754.71;693.54;717.08;162,168;443,318,769;
13/4/2018;660.71;732.19;644.03;698.51;382,834;431,839,516;
12/4/2018;589.80;663.50;582.90;660.29;226,496;408,212,087;
11/4/2018;569.93;591.49;560.10;591.49;839,176;365,675,544;
10/4/2018;530.76;568.91;524.41;568.91;248,767;351,713,488;
9/4/2018;527.12;557.09;515.18;530.82;218,185;328,165,810;
8/4/2018;512.14;535.77;503.17;526.41;41,781.20;325,442,517;
7/4/2018;484.11;519.10;481.21;511.93;75,473.20;316,488,724;
6/4/2018;500.65;505.82;475.44;484.15;111,595;299,313,120;
5/4/2018;502.11;506.33;478.80;502.49;65,316.00;310,651,418;
4/4/2018;526.63;541.18;487.40;503.57;54,718.10;311,319,104;
3/4/2018;503.19;535.36;500.88;526.30;96,666.10;325,374,512;
2/4/2018;490.15;515.49;487.88;504.46;63,933.50;311,871,799;
1/4/2018;517.66;523.06;473.20;488.91;56,166.20;302,258,357;
31/3/2018;509.12;538.91;506.34;517.55;58,319.00;319,963,782;
30/3/2018;496.89;525.23;474.42;513.58;114,540;317,511,273;
29/3/2018;582.04;619.28;465.96;498.16;1,943,640;307,977,582;
28/3/2018;587.05;604.70;578.20;580.03;209,768;358,593,126;
27/3/2018;637.89;647.75;583.49;590.98;132,833;365,360,866;
26/3/2018;679.49;684.30;608.78;643.26;208,885;397,681,814;
25/3/2018;680.44;696.67;668.16;680.64;57,395.60;420,793,022;
24/3/2018;713.16;714.77;675.89;688.72;89,348.30;425,783,975;
23/3/2018;699.57;706.50;653.75;706.50;51,688.70;436,777,920;
22/3/2018;709.68;730.79;679.16;686.59;134,714;424,470,241;
21/3/2018;713.46;756.25;701.31;708.19;148,390;437,822,725;
20/3/2018;701.15;718.61;664.73;710.57;469,812;439,295,343;
19/3/2018;666.50;703.07;653.39;692.24;463,696;427,962,610;
18/3/2018;666.82;677.02;572.83;670.43;753,135;414,475,971;
17/3/2018;708.48;724.07;658.89;662.71;218,728;409,705,107;
16/3/2018;735.94;741.94;696.47;710.60;712,502;439,311,417;
15/3/2018;747.03;748.63;704.88;734.20;671,045;453,902,829;
14/3/2018;803.39;825.74;731.71;750.18;655,764;463,784,581;
13/3/2018;810.08;826.93;764.48;804.29;708,845;497,235,650;
12/3/2018;825.42;862.59;782.82;810.51;842,693;501,080,408;
11/3/2018;793.49;862.83;766.64;833.43;756,465;515,251,425;
10/3/2018;827.33;852.11;788.38;795.99;1,352,570;492,105,596;
9/3/2018;832.33;836.29;755.69;827.32;876,707;511,469,108;
8/3/2018;855.71;902.77;819.73;834.79;687,914;516,089,124;
7/3/2018;949.80;958.31;842.27;856.10;885,248;529,265,412;
6/3/2018;965.59;974.30;940.61;947.80;612,383;585,956,899;
5/3/2018;996.58;1,003.66;963.14;968.61;900,388;598,822,219;
4/3/2018;1,002.14;1,010.03;837.91;974.04;603,578;602,181,668;
3/3/2018;1,013.97;1,033.89;987.27;1,005.80;798,650;621,813,491;
2/3/2018;1,044.55;1,050.54;1,005.70;1,015.29;1,038,790;627,680,473;
1/3/2018;1,029.45;1,057.16;1,018.36;1,044.70;1,106,640;645,862,551;
28/2/2018;1,054.14;1,080.40;1,015.28;1,028.82;312,214;636,045,094;
27/2/2018;1,037.21;1,067.51;1,025.52;1,054.30;332,902;651,797,538;
26/2/2018;997.31;1,054.52;997.09;1,037.54;651,886;641,436,041;
25/2/2018;982.40;1,009.67;963.35;997.77;687,989;616,847,886;
24/2/2018;1,031.90;1,055.75;949.01;986.05;1,371,900;609,606,584;
23/2/2018;956.57;1,056.67;938.00;1,024.78;911,752;633,547,454;
22/2/2018;993.64;1,028.23;939.82;959.04;1,210,590;592,903,306;
21/2/2018;1,053.89;1,079.43;968.27;993.29;882,767;614,079,462;
20/2/2018;1,111.92;1,162.49;1,051.98;1,057.06;814,543;653,503,847;
19/2/2018;1,074.61;1,173.63;1,072.96;1,111.34;1,206,840;687,061,250;
18/2/2018;1,161.06;1,166.15;1,067.55;1,077.59;1,327,250;666,196,063;
17/2/2018;1,144.35;1,216.14;1,118.88;1,165.32;1,223,070;720,433,185;
16/2/2018;1,135.04;1,173.16;1,103.69;1,143.95;1,683,010;707,221,658;
15/2/2018;1,122.85;1,165.78;1,104.90;1,136.92;886,075;702,875,516;
14/2/2018;1,008.05;1,124.53;1,008.05;1,119.50;900,798;692,105,989;
13/2/2018;1,074.88;1,080.41;997.84;1,010.04;664,687;624,434,777;
12/2/2018;1,000.37;1,104.46;998.92;1,074.47;936,639;664,267,192;
11/2/2018;1,062.90;1,062.90;970.87;987.80;643,665;610,683,537;
10/2/2018;1,086.68;1,211.66;1,021.71;1,064.13;891,114;657,874,717;
9/2/2018;1,014.67;1,100.89;964.55;1,093.80;643,441;676,217,535;
8/2/2018;914.30;1,043.18;914.30;1,008.62;751,872;623,556,893;
7/2/2018;913.46;1,021.23;833.05;914.29;412,692;565,237,613;
6/2/2018;825.86;926.05;648.28;910.79;501,568;563,078,144;
5/2/2018;1,054.28;1,069.87;725.43;821.42;1,266,110;507,827,746;
4/2/2018;1,206.79;1,209.65;1,015.16;1,061.91;579,735;656,502,251;
3/2/2018;1,148.97;1,254.39;1,069.47;1,212.87;543,682;749,829,916;
2/2/2018;1,269.93;1,269.93;980.24;1,148.23;716,121;709,867,672;
1/2/2018;1,387.76;1,399.66;1,189.36;1,272.67;700,913;786,799,936;
31/1/2018;1,280.96;1,386.99;1,243.83;1,386.99;1,062,640;857,475,735;
30/1/2018;1,402.36;1,411.09;1,251.44;1,277.84;1,076,760;789,996,174;
29/1/2018;1,489.39;1,499.12;1,307.31;1,403.35;1,049,540;867,589,941;
28/1/2018;1,448.22;1,587.40;1,424.63;1,488.36;2,374,320;920,145,484;
27/1/2018;1,464.07;1,485.12;1,335.97;1,439.89;1,847,870;890,179,984;
26/1/2018;1,348.45;1,497.72;1,348.45;1,472.36;1,693,530;910,253,840;
25/1/2018;1,544.26;1,599.04;1,321.09;1,345.57;2,070,310;831,868,741;
24/1/2018;1,526.66;1,590.37;1,478.97;1,535.29;1,786,450;949,158,913;
23/1/2018;1,515.20;1,568.57;1,425.90;1,523.41;1,562,460;941,814,367;
22/1/2018;1,586.42;1,659.13;1,390.24;1,524.56;1,408,450;942,525,329;
21/1/2018;1,692.21;1,720.51;1,537.69;1,576.73;1,261,940;974,778,272;
20/1/2018;1,573.92;1,767.04;1,562.56;1,690.19;1,254,440;1,044,922,395;
19/1/2018;1,676.44;1,762.73;1,458.94;1,560.26;1,521,410;964,596,061;
18/1/2018;1,055.24;1,773.92;1,026.10;1,654.82;2,448,320;1,023,055,679;
17/1/2018;1,070.42;1,123.67;782.74;1,046.27;1,041,520;646,833,169;
16/1/2018;1,236.23;1,287.77;902.58;1,063.18;1,692,020;0;
15/1/2018;1,387.46;1,469.07;1,201.05;1,234.02;891,849;0;
14/1/2018;1,432.76;1,534.80;1,267.44;1,403.11;378,266;0;
13/1/2018;1,326.24;1,490.56;1,326.24;1,422.99;710,161;0;
12/1/2018;1,023.57;1,413.17;985.34;1,327.88;976,364;0;
11/1/2018;1,073.67;1,133.50;958.55;1,015.16;1,686,490;0;
10/1/2018;1,097.69;1,151.85;1,004.02;1,076.53;1,244,900;0;
9/1/2018;1,112.34;1,259.56;941.55;1,096.44;1,557,700;0;
8/1/2018;1,171.07;1,220.78;1,015.89;1,112.88;1,242,620;0;
7/1/2018;1,224.52;1,267.32;1,134.89;1,169.35;1,802,970;0;
6/1/2018;1,105.47;1,216.90;1,092.42;1,216.90;2,040,790;0;
5/1/2018;1,033.52;1,117.96;1,012.90;1,096.78;1,657,580;0;
4/1/2018;998.39;1,098.15;933.83;1,040.25;733,011;0;
3/1/2018;1,064.77;1,090.88;999.22;1,074.53;809,445;0;
2/1/2018;971.17;1,070.10;958.84;1,063.07;660,736;0;
1/1/2018;961.02;985.59;883.00;970.09;502,841;0;
31/12/2017;907.95;994.32;902.05;959.91;814,006;0;
30/12/2017;1,010.77;1,012.60;869.29;918.43;528,455;0;
29/12/2017;1,006.88;1,044.80;970.57;1,007.08;800,242;0;
28/12/2017;1,041.72;1,043.06;920.61;996.76;799,689;0;
27/12/2017;1,065.41;1,100.51;1,010.77;1,038.11;877,151;0;
26/12/2017;1,053.56;1,114.47;823.55;1,064.33;943,383;0;
25/12/2017;1,012.00;1,054.78;918.28;1,047.20;357,740;0;
24/12/2017;1,001.15;1,103.93;809.20;1,005.60;245,322;0;
23/12/2017;830.24;1,084.73;830.24;989.82;599,721;0;
22/12/2017;1,098.97;1,111.09;682.66;823.40;633,680;0;
21/12/2017;1,278.94;1,361.14;1,021.46;1,095.19;799,675;0;
20/12/2017;1,393.45;1,458.47;1,118.46;1,277.57;262,010;0;
19/12/2017;1,221.99;1,750.03;1,219.75;1,394.94;1,282,490;0;
18/12/2017;1,068.78;1,229.90;992.41;1,218.42;455,522;0;
17/12/2017;1,082.26;1,154.92;1,046.66;1,070.19;259,197;0;
16/12/2017;792.54;1,116.57;792.54;1,079.24;731,649;0;
15/12/2017;803.54;861.78;712.28;791.04;206,328;0;
14/12/2017;820.32;872.26;763.52;802.79;63,565.10;0;
13/12/2017;622.42;822.60;553.28;820.75;100,344;0;
12/12/2017;483.39;626.86;462.17;621.99;118,742;0;
11/12/2017;400.26;486.51;391.80;486.51;71,980.40;0;
10/12/2017;427.36;427.36;388.39;399.80;65,533.70;0;
9/12/2017;402.76;453.31;402.76;426.00;3,864.27;0;
8/12/2017;359.17;410.12;350.32;402.77;36,391.40;0;
7/12/2017;359.93;377.82;347.23;358.64;65,610.20;0;
6/12/2017;395.65;397.14;353.90;361.19;53,172.00;0;
5/12/2017;396.43;402.74;377.60;396.35;11,304.10;0;
4/12/2017;403.78;411.28;384.18;396.23;4,041.50;0;
3/12/2017;373.53;420.76;369.69;403.03;6,006.68;0;
2/12/2017;376.91;405.98;372.57;373.40;2,612.43;0;
1/12/2017;380.41;391.55;341.88;376.92;5,627.24;0;
30/11/2017;331.74;385.39;308.18;381.36;16,339.20;0;
29/11/2017;382.38;420.16;319.71;327.54;1,699.42;0;
28/11/2017;420.88;423.56;381.75;382.07;29,741.20;0;
27/11/2017;404.68;572.86;393.37;421.46;1,993.12;0;
26/11/2017;395.27;406.63;374.69;404.79;12,131.80;0;
25/11/2017;401.76;423.29;364.45;395.26;200,519;0;
24/11/2017;345.70;408.14;339.25;401.83;166,167;0;
23/11/2017;326.94;359.50;320.86;347.44;1,186.94;0;
22/11/2017;280.28;400.65;280.05;326.19;14,576.50;0;
21/11/2017;272.02;288.93;260.02;279.92;9,649.28;0;
20/11/2017;252.48;278.23;252.40;272.45;259,174;0;
9/9/2017;251.56;251.56;247.65;248.32;744.94;0;
8/9/2017;274.72;274.72;240.82;251.15;753.45;0;
7/9/2017;273.89;276.52;241.95;274.40;13,710.80;0;
6/9/2017;257.21;276.16;257.21;273.95;32,725.20;0;
5/9/2017;248.69;598.50;218.27;256.06;341,784;0;
4/9/2017;292.51;292.51;227.09;248.49;313,606;0;
3/9/2017;291.71;307.33;280.54;292.38;1,101.54;0;
2/9/2017;309.51;309.64;274.38;290.98;26,845.20;0;
1/9/2017;298.90;345.04;298.90;309.36;28,212.20;0;
31/8/2017;295.71;300.06;293.55;298.90;168,815;0;
30/8/2017;316.73;335.72;295.73;295.73;182,599;0;
29/8/2017;285.85;318.74;285.85;316.92;4,370.82;0;
28/8/2017;291.42;295.87;280.19;286.03;19,214.90;0;
27/8/2017;288.00;291.09;288.00;290.85;75,657.20;0;
31/1/2017;24.30;24.49;24.25;24.45;62,919.00;0;
30/1/2017;22.67;24.64;21.06;24.31;62,568.00;0;
29/1/2017;22.10;24.61;22.05;22.65;13,324.90;0;
