Date,OpensAt,ClosesAt,HighestAt,LowestAt,VolumeTraded,MarketCap
2020-5-2,0.055985,0.059851,0.055675,0.059231,138149931,1535683141,
2020-4-2,0.056966,0.057663,0.054237,0.055996,108933031,1451818140,
2020-3-2,0.055724,0.057712,0.055380,0.056979,106658349,1477304250,
2020-2-2,0.056110,0.058450,0.054925,0.055768,161454527,1445896375,
2020-1-2,0.053836,0.057148,0.053281,0.056092,110646744,1454290893,
2020-31-1,0.056034,0.056567,0.052270,0.053793,130754832,1394699437,
2020-30-1,0.053469,0.056880,0.052368,0.056070,153009928,1453721298,
2020-29-1,0.052897,0.057302,0.052550,0.053514,187136958,1387454346,
2020-28-1,0.047839,0.054328,0.047483,0.052857,207996791,1370415129,
2020-27-1,0.044627,0.048798,0.044230,0.047912,97006750,1242217391,
2020-26-1,0.043247,0.044633,0.042995,0.044581,62759585,1155846119,
2020-25-1,0.044968,0.045185,0.043071,0.043248,57389976,1121299567,
2020-24-1,0.043380,0.045243,0.041448,0.045004,77503651,1166815356,
2020-23-1,0.045659,0.045814,0.042231,0.043334,75034253,1123513004,
2020-22-1,0.045939,0.046335,0.045313,0.045654,67145740,1183664601,
2020-21-1,0.043811,0.046548,0.043469,0.045989,95915865,1192372176,
2020-20-1,0.041920,0.044296,0.041920,0.043873,70100648,1137486373,
2020-19-1,0.044851,0.045765,0.041412,0.041979,91187159,1088389472,
2020-18-1,0.044985,0.045544,0.043239,0.044851,89192476,1162863289,
2020-17-1,0.041435,0.045679,0.041106,0.044978,106282894,1166155737,
2020-16-1,0.042572,0.043091,0.040224,0.041391,76686221,1073150540,
2020-15-1,0.041580,0.042958,0.040407,0.042553,111350540,1103270947,
2020-14-1,0.037041,0.042219,0.036969,0.041660,125280206,1080110770,
2020-13-1,0.037696,0.037944,0.036776,0.036966,56296775,958419140,
2020-12-1,0.036821,0.037748,0.036580,0.037690,56546260,977200922,
2020-11-1,0.036854,0.037579,0.036522,0.036825,63485488,954771091,
2020-10-1,0.036335,0.036980,0.034807,0.036874,47483943,956027830,
2020-9-1,0.036445,0.036445,0.035673,0.036359,26562776,942675508,
2020-8-1,0.037055,0.038551,0.036015,0.036435,49193345,944645770,
2020-7-1,0.037291,0.037807,0.036653,0.037047,51562680,960513017,
2020-6-1,0.034751,0.037299,0.034674,0.037272,37988444,966352558,
2020-5-1,0.034574,0.035356,0.034545,0.034721,21479178,900224706,
2020-4-1,0.034191,0.034685,0.033872,0.034595,29535781,896939967,
2020-3-1,0.032748,0.034427,0.032491,0.034180,30162644,886177804,
2020-2-1,0.033474,0.033507,0.032448,0.032751,20843934,849142417,
2020-1-1,0.032832,0.033813,0.032704,0.033458,22948374,867464516,
2019-31-12,0.033607,0.033898,0.032794,0.032845,25320349,851576357,
2019-30-12,0.034278,0.034595,0.033493,0.033594,21940559,871003591,
2019-29-12,0.033637,0.034690,0.033390,0.034284,23696263,888882224,
2019-28-12,0.033095,0.034211,0.033079,0.033632,23018616,871982592,
2019-27-12,0.034279,0.034427,0.032226,0.033100,42498574,858176174,
2019-26-12,0.033745,0.034768,0.033544,0.034281,28317661,888809775,
2019-25-12,0.034185,0.034409,0.033251,0.033728,19588981,874464722,
2019-24-12,0.033195,0.035050,0.032905,0.034162,30932186,885711476,
2019-23-12,0.034441,0.034584,0.033160,0.033200,36538150,860781223,
2019-22-12,0.033265,0.034495,0.033212,0.034466,24856106,893609680,
2019-21-12,0.034000,0.034074,0.032940,0.033262,25280467,862385606,
2019-20-12,0.033264,0.034009,0.032871,0.034004,32935799,881632550,
2019-19-12,0.034456,0.034793,0.033067,0.033251,43861871,862099887,
2019-18-12,0.031794,0.034662,0.030885,0.034462,61099755,893501578,
2019-17-12,0.034269,0.034285,0.031296,0.031800,54217973,824492977,
2019-16-12,0.036662,0.036716,0.033589,0.034269,41961581,888497640,
2019-15-12,0.036449,0.036803,0.034808,0.036653,28289227,950315361,
2019-14-12,0.037160,0.037527,0.036087,0.036427,39951085,944448824,
2019-13-12,0.036719,0.037372,0.036628,0.037108,42557714,962105881,
2019-12-12,0.036652,0.036931,0.036249,0.036723,41806143,952124839,
2019-11-12,0.036602,0.037326,0.036322,0.036655,46812214,950360040,
2019-10-12,0.037474,0.037556,0.036295,0.036606,32469759,949093013,
2019-9-12,0.038932,0.038974,0.037422,0.037483,31176739,971820730,
2019-8-12,0.038753,0.039241,0.038386,0.038948,25653004,1009798192,
2019-7-12,0.038312,0.039249,0.038195,0.038757,30151245,1004866554,
2019-6-12,0.037879,0.038323,0.037478,0.038317,30049656,993455158,
2019-5-12,0.037402,0.038979,0.036969,0.037871,39975672,981893636,
2019-4-12,0.037906,0.038533,0.036550,0.037405,51692274,969802335,
2019-3-12,0.038047,0.038761,0.037226,0.037917,34356883,983080974,
2019-2-12,0.039612,0.039769,0.037580,0.038056,43069274,986684920,
2019-1-12,0.040426,0.040426,0.038467,0.039587,59641355,1026365437,
2019-30-11,0.041416,0.042268,0.040068,0.040425,64184926,1048107282,
2019-29-11,0.039227,0.042040,0.039194,0.041423,99506198,1073986624,
2019-28-11,0.039129,0.039990,0.038641,0.039190,60743403,1016079672,
2019-27-11,0.036955,0.039800,0.035783,0.039049,76841561,1012420887,
2019-26-11,0.036046,0.037074,0.035705,0.036993,57431470,959117573,
2019-25-11,0.035543,0.037184,0.033336,0.036048,96694224,934626616,
2019-24-11,0.038371,0.038916,0.035556,0.035588,62998664,922680695,
2019-23-11,0.037159,0.038423,0.036701,0.038343,58979321,994122170,
2019-22-11,0.038447,0.038685,0.034611,0.037148,93310136,963130806,
2019-21-11,0.041169,0.041249,0.037727,0.038406,67101708,995755250,
2019-20-11,0.042588,0.042794,0.040809,0.041178,69854304,1067634701,
2019-19-11,0.043697,0.044451,0.041383,0.042542,91311583,1102995485,
2019-18-11,0.045403,0.046652,0.043543,0.043802,106595679,1135647864,
2019-17-11,0.044153,0.046423,0.043670,0.045421,74834540,1177627885,
2019-16-11,0.043978,0.044655,0.043511,0.044172,61781146,1145239519,
2019-15-11,0.043130,0.044432,0.042329,0.043974,81592975,1140128777,
2019-14-11,0.043489,0.043550,0.042399,0.043119,53295194,1117958882,
2019-13-11,0.043722,0.044044,0.043320,0.043492,42332678,1127632602,
2019-12-11,0.043257,0.044631,0.043227,0.043767,79520150,1134751210,
2019-11-11,0.043971,0.044122,0.042499,0.043194,57846910,1119896696,
2019-10-11,0.042438,0.044227,0.042388,0.043958,71691725,1139696016,
2019-9-11,0.042298,0.042755,0.042139,0.042445,41365742,1100480940,
2019-8-11,0.043644,0.043837,0.041380,0.042297,70275428,1096640030,
2019-7-11,0.044928,0.045018,0.042724,0.043637,63525683,1131378703,
2019-6-11,0.044301,0.046105,0.043826,0.044956,71743244,1165576446,
2019-5-11,0.043261,0.044928,0.043232,0.044328,82868890,1149307855,
2019-4-11,0.041889,0.043257,0.041607,0.043236,62120503,1120989389,
2019-3-11,0.042581,0.042684,0.041358,0.041930,38559537,1087128848,
2019-2-11,0.042336,0.042745,0.042069,0.042599,47127524,1104469763,
2019-1-11,0.041645,0.042858,0.041240,0.042345,60880837,1097888791,
2019-31-10,0.041963,0.042792,0.040456,0.041636,65333067,1079489291,
2019-30-10,0.043428,0.044337,0.041334,0.041967,87541890,1088083802,
2019-29-10,0.042328,0.043819,0.042259,0.043444,83357024,1126380670,
2019-28-10,0.042315,0.044553,0.042051,0.042363,101906301,1098341833,
2019-27-10,0.040537,0.042985,0.039637,0.042335,122643093,1097616330,
2019-26-10,0.041220,0.043177,0.039668,0.040547,122861125,1051275058,
2019-25-10,0.037678,0.041799,0.037581,0.041246,80455621,1069400506,
2019-24-10,0.036409,0.038109,0.036203,0.037685,49800738,977063811,
2019-23-10,0.038820,0.038979,0.035786,0.036409,48257598,943980593,
2019-22-10,0.039271,0.040109,0.038810,0.038816,39376929,1006380703,
2019-21-10,0.039543,0.039559,0.038694,0.039280,36963296,1018420797,
2019-20-10,0.039217,0.039619,0.038443,0.039529,33137956,1024858733,
2019-19-10,0.038079,0.039672,0.037832,0.039225,40431591,1016991740,
2019-18-10,0.039527,0.039594,0.037591,0.038073,39606481,987128932,
2019-17-10,0.038726,0.039533,0.038169,0.039524,36229682,1024746317,
2019-16-10,0.039760,0.039952,0.037804,0.038741,44617564,1004433806,
2019-15-10,0.041796,0.041948,0.039367,0.039766,47200974,1031011908,
2019-14-10,0.041325,0.042162,0.041110,0.041789,41060021,1083474445,
2019-13-10,0.040540,0.041801,0.040512,0.041325,34184265,1071428262,
2019-12-10,0.040540,0.041236,0.040482,0.040542,34809571,1051143063,
2019-11-10,0.041701,0.042165,0.040562,0.040623,46907955,1053231670,
2019-10-10,0.042629,0.042641,0.040856,0.041661,51703356,1080140962,
2019-9-10,0.041442,0.043313,0.040972,0.042629,61997644,1105241985,
2019-8-10,0.041676,0.042180,0.040505,0.041441,56654020,1074443874,
2019-7-10,0.039305,0.041898,0.038630,0.041672,69132008,1080435863,
2019-6-10,0.039713,0.040323,0.038851,0.039324,38119872,1019553042,
2019-5-10,0.039655,0.039993,0.038844,0.039730,37111643,1030084921,
2019-4-10,0.038362,0.040385,0.037912,0.039667,48050293,1028437473,
2019-3-10,0.039400,0.039728,0.037876,0.038361,37098921,994599041,
2019-2-10,0.038507,0.039516,0.037868,0.039445,36838966,1022702347,
2019-1-10,0.038886,0.039958,0.038396,0.038507,38320346,998363540,
2019-30-9,0.037474,0.039287,0.036422,0.038885,57274489,1008182343,
2019-29-9,0.038828,0.038917,0.036642,0.037486,43311030,971890057,
2019-28-9,0.039510,0.039766,0.038445,0.038827,39805246,1006662551,
2019-27-9,0.038230,0.039924,0.037209,0.039532,80670015,1024951253,
2019-26-9,0.039412,0.040287,0.035643,0.038229,98838747,991171142,
2019-25-9,0.037610,0.040334,0.036352,0.039396,126192409,1021428554,
2019-24-9,0.046259,0.046666,0.036023,0.037573,118474846,974166907,
2019-23-9,0.049045,0.049555,0.046264,0.046264,70372238,1199502002,
2019-22-9,0.051894,0.051954,0.047857,0.049111,86152016,1273314002,
2019-21-9,0.052335,0.053348,0.051348,0.051922,81964426,1346178814,
2019-20-9,0.052491,0.052557,0.050520,0.052340,96532515,1357030832,
2019-19-9,0.053296,0.054614,0.049907,0.052504,129365460,1361274441,
2019-18-9,0.048949,0.054921,0.048866,0.053292,138254972,1381702255,
2019-17-9,0.047110,0.050429,0.047106,0.049008,85720810,1270629600,
2019-16-9,0.046815,0.047662,0.046099,0.047071,45484816,1220414092,
2019-15-9,0.046507,0.047114,0.046231,0.046799,41237029,1213352354,
2019-14-9,0.045758,0.047088,0.044961,0.046524,51690256,1206223719,
2019-13-9,0.045462,0.045795,0.044963,0.045753,38257028,1186234364,
2019-12-9,0.044993,0.046414,0.044423,0.045452,43222873,1178436047,
2019-11-9,0.046496,0.046639,0.044586,0.044990,51727434,1166460704,
2019-10-9,0.046903,0.048140,0.045915,0.046510,48839824,1205855448,
2019-9-9,0.046706,0.047211,0.045501,0.046931,64445050,1216793070,
2019-8-9,0.046211,0.047653,0.046211,0.046719,46948887,1211284020,
2019-7-9,0.044426,0.046585,0.043849,0.046198,40837132,1197778632,
2019-6-9,0.044437,0.044763,0.043793,0.044415,44478145,1151557932,
2019-5-9,0.045504,0.045543,0.043959,0.044437,47778879,1152110878,
2019-4-9,0.046784,0.046789,0.045217,0.045517,40737362,1180110608,
2019-3-9,0.045376,0.047399,0.044786,0.046771,63769390,1212638991,
2019-2-9,0.044555,0.046113,0.043422,0.045362,42959888,1176091977,
2019-1-9,0.044952,0.045357,0.043729,0.044543,31928555,1154858195,
2019-31-8,0.044824,0.045585,0.044082,0.044990,44165774,1166467600,
2019-30-8,0.044716,0.045856,0.044254,0.044825,51959378,1162170223,
2019-29-8,0.045835,0.045835,0.043396,0.044697,53919498,1158850280,
2019-28-8,0.049863,0.050333,0.045702,0.045825,65386760,1188098008,
2019-27-8,0.049706,0.049950,0.048180,0.049839,38041608,1292184390,
2019-26-8,0.049454,0.050944,0.048893,0.049697,86216612,1288484883,
2019-25-8,0.050170,0.052605,0.048712,0.049439,104616408,1281808185,
2019-24-8,0.049802,0.051191,0.048315,0.050177,87164791,1300940280,
2019-23-8,0.049410,0.050267,0.048903,0.049790,54095276,1290905551,
2019-22-8,0.047153,0.051161,0.046739,0.049410,60163313,1281051016,
2019-21-8,0.049226,0.049226,0.046046,0.047113,43633315,1221501502,
2019-20-8,0.050251,0.050331,0.048842,0.049195,32132615,1275474447,
2019-19-8,0.050725,0.050813,0.049686,0.050298,32307052,1304079745,
2019-18-8,0.047424,0.051209,0.047047,0.050731,38253395,1315314323,
2019-17-8,0.046869,0.048045,0.046338,0.047393,34826995,1228764421,
2019-16-8,0.047536,0.047536,0.044860,0.046841,44228391,1214458934,
2019-15-8,0.047090,0.048017,0.045497,0.047519,43373583,1232018705,
2019-14-8,0.052554,0.053496,0.046968,0.047000,65540880,1218564199,
2019-13-8,0.052932,0.053012,0.050009,0.052561,48509717,1362753887,
2019-12-8,0.054796,0.054796,0.052649,0.052938,35518598,1372520557,
2019-11-8,0.051992,0.055928,0.051947,0.054981,58526308,1425499839,
2019-10-8,0.047641,0.053137,0.047608,0.051981,64446722,1347716040,
2019-9-8,0.051910,0.052058,0.047473,0.047641,43195565,1235203862,
2019-8-8,0.051906,0.052933,0.050434,0.051970,47971636,1347437569,
2019-7-8,0.053374,0.054075,0.051444,0.051906,46290311,1345774518,
2019-6-8,0.056652,0.056678,0.053005,0.053369,48272769,1383701920,
2019-5-8,0.056270,0.058363,0.056128,0.056680,54461469,1469544377,
2019-4-8,0.057770,0.058185,0.056193,0.056271,45039557,1458935744,
2019-3-8,0.057417,0.058365,0.056921,0.057763,37149597,1497630296,
2019-2-8,0.058864,0.058936,0.056647,0.057412,50056239,1488526750,
2019-1-8,0.060160,0.060288,0.057984,0.058872,44730277,1526381233,
2019-31-7,0.059942,0.060914,0.059405,0.060152,47344104,1559562581,
2019-30-7,0.060414,0.061180,0.058826,0.059944,32759717,1554177557,
2019-29-7,0.059379,0.061975,0.058410,0.060393,42220707,1565812955,
2019-28-7,0.059875,0.060000,0.057163,0.059474,30475480,1541995847,
2019-27-7,0.062884,0.063677,0.057497,0.059871,55521874,1552271993,
2019-26-7,0.058678,0.062913,0.057062,0.062884,57109968,1630403438,
2019-25-7,0.059073,0.060573,0.058392,0.058664,46420719,1520981692,
2019-24-7,0.055812,0.059116,0.054027,0.059046,60954092,1530901690,
2019-23-7,0.059463,0.059556,0.055402,0.055812,59728001,1447034779,
2019-22-7,0.061208,0.062067,0.058259,0.059466,53620677,1541782517,
2019-21-7,0.062944,0.064214,0.059642,0.061203,53461726,1586808067,
2019-20-7,0.059808,0.065132,0.059633,0.062958,71844245,1632319755,
2019-19-7,0.058772,0.060806,0.056659,0.059787,63433081,1550095096,
2019-18-7,0.055235,0.059512,0.053556,0.058772,88644360,1523785855,
2019-17-7,0.051953,0.057911,0.050071,0.055239,97931570,1432188399,
2019-16-7,0.059516,0.060983,0.050817,0.052052,103254765,1349556308,
2019-15-7,0.059413,0.060300,0.055501,0.059537,123473435,1543614519,
2019-14-7,0.066795,0.067184,0.059371,0.059429,101190602,1540824931,
2019-13-7,0.069805,0.070919,0.064567,0.066770,101320397,1731139938,
2019-12-7,0.065181,0.070841,0.063617,0.069754,118155306,1808509845,
2019-11-7,0.071934,0.072011,0.063015,0.065199,118873479,1690414958,
2019-10-7,0.078012,0.078322,0.069825,0.071940,119999743,1865186732,
2019-9-7,0.080452,0.080821,0.077354,0.077993,122935384,2022135799,
2019-8-7,0.079932,0.082259,0.079004,0.080476,114339528,2086510860,
2019-7-7,0.077346,0.080261,0.076982,0.079964,104984613,2073226940,
2019-6-7,0.076518,0.080290,0.076289,0.077335,128961683,2005081178,
2019-5-7,0.077805,0.078091,0.076027,0.076532,116391599,1984253355,
2019-4-7,0.083007,0.083007,0.077588,0.077774,142713205,2016443989,
2019-3-7,0.081033,0.083792,0.080197,0.082998,154492407,2151890421,
2019-2-7,0.083800,0.084598,0.076777,0.081077,180980795,2102087914,
2019-1-7,0.082098,0.085895,0.080504,0.083822,168654991,2173260576,
2019-30-6,0.090486,0.091168,0.082098,0.082098,161855807,2128549912,
2019-29-6,0.089297,0.091089,0.084734,0.090422,169271858,2344378821,
2019-28-6,0.086482,0.089691,0.084860,0.089295,195954056,2315164002,
2019-27-6,0.097757,0.099549,0.082644,0.086449,253512191,2241360203,
2019-26-6,0.096357,0.106910,0.096212,0.096820,340512939,2510251344,
2019-25-6,0.097813,0.098242,0.093671,0.096357,193143080,2498245357,
2019-24-6,0.096644,0.099070,0.094098,0.097719,135761451,2533562407,
2019-23-6,0.094403,0.102144,0.094123,0.096644,245604694,2505704185,
2019-22-6,0.089629,0.097834,0.089253,0.094367,243264335,2446662674,
2019-21-6,0.087403,0.091294,0.087403,0.089562,124230175,2322091329,
2019-20-6,0.089979,0.090263,0.085559,0.087385,159470237,2265640398,
2019-19-6,0.089155,0.091582,0.088951,0.089979,114753637,2332886412,
2019-18-6,0.093596,0.093698,0.088721,0.089148,146225453,2311337668,
2019-17-6,0.092291,0.093908,0.091552,0.093557,158000947,2425666980,
2019-16-6,0.091695,0.094279,0.090633,0.092321,197578317,2393611254,
2019-15-6,0.090657,0.092738,0.090485,0.091683,159441139,2377068998,
2019-14-6,0.089776,0.091249,0.085711,0.090619,205015950,2349495494,
2019-13-6,0.096331,0.096988,0.088704,0.089739,228176588,2326670250,
2019-12-6,0.087998,0.096554,0.086493,0.096525,247353618,2502604097,
2019-11-6,0.085595,0.089169,0.082589,0.087965,152723260,2280666739,
2019-10-6,0.079430,0.085685,0.078350,0.085537,139307413,2217723086,
2019-9-6,0.084205,0.084278,0.077631,0.079470,122067718,2060434302,
2019-8-6,0.085856,0.086594,0.082322,0.084213,126559142,2183393468,
2019-7-6,0.083406,0.087672,0.082764,0.085807,139056743,2224715557,
2019-6-6,0.083391,0.083979,0.078934,0.083472,154264121,2164189637,
2019-5-6,0.082719,0.085117,0.080473,0.083438,118371207,2163295122,
2019-4-6,0.088447,0.088447,0.079821,0.082486,184181602,2138623824,
2019-3-6,0.096586,0.098342,0.088472,0.088708,227861801,2299939612,
2019-2-6,0.090695,0.097519,0.090614,0.096578,187162218,2503977777,
2019-1-6,0.089462,0.092815,0.086398,0.090533,151835928,2347250771,
2019-31-5,0.084510,0.089937,0.081873,0.089441,136542079,2318955942,
2019-30-5,0.090832,0.096768,0.081744,0.084510,232348615,2191093156,
2019-29-5,0.092874,0.093769,0.086168,0.090867,154832177,2355927837,
2019-28-5,0.091549,0.093248,0.087621,0.092815,180587855,2406421935,
2019-27-5,0.086038,0.093476,0.085363,0.091695,171736300,2377380307,
2019-26-5,0.080502,0.086936,0.078697,0.086014,111190329,2230096452,
2019-25-5,0.080869,0.082559,0.079759,0.080502,62522128,2087176301,
2019-24-5,0.080725,0.083375,0.078447,0.080869,106320608,2096685245,
2019-23-5,0.077914,0.080695,0.074189,0.080690,101768393,2092055880,
2019-22-5,0.084603,0.085460,0.077680,0.077955,130856368,2021133888,
2019-21-5,0.084844,0.086443,0.082453,0.084617,97465477,2193873581,
2019-20-5,0.086962,0.086993,0.080144,0.084848,133738559,2199862357,
2019-19-5,0.079063,0.088229,0.078626,0.086996,145752504,2255549028,
2019-18-5,0.083260,0.084879,0.078879,0.079104,116482955,2050923758,
2019-17-5,0.088207,0.090825,0.076633,0.083260,208531470,2158684320,
2019-16-5,0.093996,0.100402,0.084326,0.088161,270983572,2285757763,
2019-15-5,0.084562,0.094902,0.083558,0.093951,207490352,2435864142,
2019-14-5,0.073016,0.084571,0.072869,0.084505,192076841,2190969359,
2019-13-5,0.070086,0.076612,0.069530,0.073072,124764723,1894538319,
2019-12-5,0.075145,0.076754,0.068444,0.070086,141023789,1817119315,
2019-11-5,0.063355,0.078432,0.063010,0.075171,187252193,1948954438,
2019-10-5,0.061695,0.064837,0.059106,0.063428,87926146,1644492023,
2019-9-5,0.064606,0.065069,0.060437,0.061691,60306853,1599479075,
2019-8-5,0.064017,0.064990,0.062168,0.064606,40605280,1675057091,
2019-7-5,0.066759,0.068643,0.064036,0.064036,53650714,1660270104,
2019-6-5,0.066164,0.068471,0.063682,0.066780,60289464,1731421229,
2019-5-5,0.066907,0.067966,0.065709,0.066146,49098473,1714978394,
2019-4-5,0.069858,0.071954,0.065832,0.066880,75467767,1734006640,
2019-3-5,0.068575,0.071937,0.067652,0.069858,77726744,1811204684,
2019-2-5,0.069020,0.069710,0.068278,0.068579,55122571,1778049850,
2019-1-5,0.070338,0.070770,0.067533,0.069014,58865338,1789340578,
2019-30-4,0.064661,0.070346,0.064661,0.070346,62990602,1823858101,
2019-29-4,0.068620,0.068970,0.064204,0.064631,69287156,1675705398,
2019-28-4,0.070189,0.070646,0.068020,0.068591,42979831,1778363782,
2019-27-4,0.069211,0.071602,0.068274,0.070196,50161507,1819967619,
2019-26-4,0.069347,0.070828,0.066881,0.069219,83227768,1794657446,
2019-25-4,0.072643,0.076030,0.068668,0.069244,96537994,1795286337,
2019-24-4,0.074524,0.075840,0.068737,0.072645,90318024,1883467318,
2019-23-4,0.078067,0.080333,0.074321,0.074524,100698845,1932178857,
2019-22-4,0.074101,0.079376,0.072221,0.078040,90476347,2023336836,
2019-21-4,0.076556,0.077978,0.071989,0.074106,89301952,1921361012,
2019-20-4,0.079515,0.079515,0.075401,0.076506,77410325,1983585079,
2019-19-4,0.081739,0.081782,0.078210,0.079500,82646736,2061207560,
2019-18-4,0.083066,0.083883,0.081377,0.081775,70016366,2120197588,
2019-17-4,0.083785,0.084560,0.082078,0.083074,66210753,2153869869,
2019-16-4,0.082265,0.083860,0.080451,0.083783,65962870,2172245015,
2019-15-4,0.084643,0.085634,0.081360,0.082307,73555913,2133983896,
2019-14-4,0.083731,0.085479,0.081372,0.084643,82514758,2194550264,
2019-13-4,0.083485,0.085507,0.082907,0.083731,71755836,2170900032,
2019-12-4,0.083584,0.085376,0.080397,0.083463,110371615,2163952243,
2019-11-4,0.089929,0.090716,0.077629,0.083385,163656338,2161932600,
2019-10-4,0.083779,0.092479,0.083535,0.089964,131422302,2332498044,
2019-9-4,0.086989,0.087018,0.081707,0.083749,122878696,2171369401,
2019-8-4,0.090466,0.091622,0.083341,0.087009,134978650,2255876188,
2019-7-4,0.090161,0.091286,0.088536,0.090484,100804121,2345996894,
2019-6-4,0.091214,0.093681,0.087901,0.090289,114652738,2340932226,
2019-5-4,0.087355,0.092228,0.087342,0.091226,122685904,2365234817,
2019-4-4,0.090518,0.094088,0.083283,0.087370,182769802,2265240087,
2019-3-4,0.085437,0.099958,0.084840,0.090723,300935985,2352181939,
2019-2-4,0.072310,0.085467,0.070908,0.085467,201276068,2215912840,
2019-1-4,0.069651,0.072756,0.069019,0.072330,81836247,1875296477,
2019-31-3,0.071739,0.072125,0.069393,0.069746,67772020,1808312387,
2019-30-3,0.071257,0.073712,0.068405,0.071739,94907668,1859991057,
2019-29-3,0.065763,0.072777,0.065763,0.071289,125904170,1848311707,
2019-28-3,0.067593,0.067593,0.065003,0.065828,78259560,1706724371,
2019-27-3,0.062232,0.068331,0.061273,0.067595,113386031,1752535163,
2019-26-3,0.059206,0.062370,0.059131,0.062370,79200006,1617074185,
2019-25-3,0.061850,0.061850,0.057534,0.059025,74748665,1530346052,
2019-24-3,0.063723,0.064347,0.059715,0.061704,102441666,1599795321,
2019-23-3,0.057993,0.064727,0.057047,0.063781,137854804,1653644986,
2019-22-3,0.052906,0.059172,0.052668,0.058062,119817467,1505389455,
2019-21-3,0.053957,0.054958,0.050767,0.052900,66543590,1371535198,
2019-20-3,0.052719,0.053923,0.051366,0.053891,47370106,1397240955,
2019-19-3,0.050457,0.053691,0.049756,0.052594,46089908,1363600697,
2019-18-3,0.050311,0.051134,0.049668,0.050452,37198857,1308074595,
2019-17-3,0.051600,0.051762,0.050015,0.050207,28870445,1301710902,
2019-16-3,0.050112,0.051876,0.049740,0.051621,44616837,1338373269,
2019-15-3,0.047986,0.050829,0.047956,0.050077,42730118,1298350928,
2019-14-3,0.046575,0.048252,0.046348,0.048055,26216581,1245938291,
2019-13-3,0.047366,0.048584,0.046211,0.046590,29855262,1207931190,
2019-12-3,0.047665,0.048216,0.045893,0.047397,35348849,1228861553,
2019-11-3,0.045697,0.048525,0.044979,0.047633,54732770,1234989220,
2019-10-3,0.046754,0.046754,0.044463,0.045698,27465022,1184820250,
2019-9-3,0.042686,0.046951,0.042656,0.046728,52185658,1211517758,
2019-8-3,0.042952,0.043794,0.042461,0.042664,20315017,1106144503,
2019-7-3,0.042850,0.043581,0.042513,0.042944,17201356,1113412524,
2019-6-3,0.043185,0.043470,0.042354,0.042843,15221353,1110799547,
2019-5-3,0.040599,0.043353,0.040299,0.043212,20952204,1120354028,
2019-4-3,0.042303,0.042477,0.039830,0.040602,18487838,1052691797,
2019-3-3,0.042853,0.042996,0.042158,0.042312,11011517,1097017920,
2019-2-3,0.043217,0.043532,0.042480,0.042838,11304263,1110675717,
2019-1-3,0.043112,0.044113,0.043078,0.043279,12997144,1122108426,
2019-28-2,0.043245,0.043725,0.042948,0.043123,14678619,1118064552,
2019-27-2,0.043329,0.043822,0.042097,0.043270,18346578,1121874468,
2019-26-2,0.043965,0.044019,0.042798,0.043304,16641229,1122751733,
2019-25-2,0.042168,0.044568,0.042168,0.044043,24692110,1141916266,
2019-24-2,0.048727,0.050460,0.042064,0.042456,51650807,1100757852,
2019-23-2,0.045982,0.048885,0.045719,0.048593,27665133,1259878821,
2019-22-2,0.045041,0.046163,0.044838,0.046163,17691042,1196867488,
2019-21-2,0.047584,0.047779,0.044740,0.044969,25111686,1165921115,
2019-20-2,0.046177,0.047665,0.045291,0.047551,25594089,1232864520,
2019-19-2,0.045682,0.048026,0.045656,0.046158,42563543,1196753168,
2019-18-2,0.041468,0.046690,0.041380,0.045605,36845046,1182410903,
2019-17-2,0.041027,0.041844,0.040612,0.041452,15275650,1074721071,
2019-16-2,0.040619,0.041254,0.040569,0.041026,11097836,1063679166,
2019-15-2,0.040536,0.041366,0.040253,0.040600,13336096,1052637738,
2019-14-2,0.041136,0.041355,0.040222,0.040540,11428290,1051089780,
2019-13-2,0.041755,0.042310,0.041048,0.041118,12736280,1066068502,
2019-12-2,0.041680,0.041991,0.040635,0.041751,14893311,1082479800,
2019-11-2,0.042772,0.042772,0.041485,0.041733,17847243,1082007683,
2019-10-2,0.041050,0.042994,0.040007,0.042830,22634047,1110446760,
2019-9-2,0.040775,0.041990,0.040456,0.041058,18529365,1064517700,
2019-8-2,0.036399,0.041207,0.036228,0.040751,32705206,1056553129,
2019-7-2,0.036651,0.037182,0.036332,0.036396,12424740,943648357,
2019-6-2,0.037993,0.037993,0.036060,0.036663,17351384,950565914,
2019-5-2,0.037824,0.038347,0.037444,0.037896,13348305,982536658,
2019-4-2,0.038130,0.038595,0.037796,0.037857,12233074,981529402,
2019-3-2,0.039259,0.039411,0.037812,0.038029,12940762,985988168,
2019-2-2,0.038598,0.039317,0.038222,0.039317,12312317,1019386721,
2019-1-2,0.038441,0.039136,0.037117,0.038678,18778624,1002816588,
2019-31-1,0.039699,0.040287,0.037953,0.038374,22222102,994926538,
2019-30-1,0.038177,0.040075,0.037798,0.039656,26151501,1028152445,
2019-29-1,0.038713,0.039420,0.037044,0.038251,19526240,991726129,
2019-28-1,0.041137,0.041318,0.037283,0.038772,30041137,1005243462,
2019-27-1,0.042666,0.042680,0.040897,0.041168,20835107,1067363755,
2019-26-1,0.042687,0.043539,0.042533,0.042649,13550564,1105756797,
2019-25-1,0.043097,0.043248,0.042454,0.042691,12663796,1106850088,
2019-24-1,0.042937,0.043487,0.042537,0.043027,12440167,1115551802,
2019-23-1,0.043548,0.044112,0.042695,0.042900,15241102,1112274745,
2019-22-1,0.042889,0.044080,0.041876,0.043578,22963399,1129838202,
2019-21-1,0.043541,0.043671,0.042534,0.042937,16583935,1113231795,
2019-20-1,0.045674,0.045981,0.042552,0.043477,26755022,1127226431,
2019-19-1,0.044275,0.046441,0.043984,0.045750,23657402,1186172183,
2019-18-1,0.045308,0.045308,0.043957,0.044316,18937100,1148980462,
2019-17-1,0.044868,0.046222,0.044024,0.045318,38222964,1174964368,
2019-16-1,0.042768,0.045247,0.042514,0.044777,35481507,1160927551,
2019-15-1,0.044157,0.044385,0.042045,0.042810,24504027,1109941703,
2019-14-1,0.040249,0.044484,0.040204,0.044059,30269131,1142310312,
2019-13-1,0.043812,0.043812,0.039807,0.040241,21758341,1043328640,
2019-12-1,0.044154,0.044630,0.043099,0.043704,18224445,1133124203,
2019-11-1,0.044322,0.045157,0.042749,0.044147,35963011,1144607284,
2019-10-1,0.052049,0.054636,0.042756,0.044529,91162431,1154512658,
2019-9-1,0.048567,0.052740,0.048533,0.052169,55364234,1352599204,
2019-8-1,0.048140,0.050021,0.046749,0.048525,34626383,1258115426,
2019-7-1,0.049266,0.050744,0.047579,0.047996,45688431,1244393599,
2019-6-1,0.044709,0.049637,0.044709,0.049261,51366407,1277183981,
2019-5-1,0.043659,0.045570,0.043350,0.044701,25100965,1158975656,
2019-4-1,0.042629,0.044092,0.042477,0.043812,16024029,1135911589,
2019-3-1,0.045106,0.045259,0.042535,0.042682,21126963,1106608705,
2019-2-1,0.042568,0.045563,0.041982,0.045258,24151526,1173420170,
2019-1-1,0.040984,0.042547,0.040308,0.042547,14962902,1103113660,
2018-31-12,0.043232,0.043364,0.040493,0.041063,19280457,1064641798,
2018-30-12,0.041597,0.043665,0.040842,0.043280,27767174,1122116468,
2018-29-12,0.041873,0.043940,0.041210,0.041508,30992034,1076193322,
2018-28-12,0.037017,0.042634,0.036501,0.041862,26948333,1085348670,
2018-27-12,0.041225,0.041690,0.036548,0.036944,22969395,957851765,
2018-26-12,0.041603,0.043035,0.039076,0.041198,27218409,1068154537,
2018-25-12,0.045675,0.045675,0.039243,0.041511,38493644,1076264960,
2018-24-12,0.044286,0.049282,0.044286,0.045716,57936798,1185292600,
2018-23-12,0.042203,0.044855,0.041819,0.044230,40656190,1146761807,
2018-22-12,0.040658,0.042156,0.038613,0.042009,31227246,1089171594,
2018-21-12,0.039079,0.045510,0.038632,0.040796,93581789,1057728023,
2018-20-12,0.034212,0.039886,0.034026,0.039401,43040801,1021545369,
2018-19-12,0.034863,0.038265,0.034491,0.034545,43168563,895652795,
2018-18-12,0.032820,0.034912,0.032167,0.034735,78783798,900577014,
2018-17-12,0.029175,0.033850,0.029099,0.032824,37555983,851032497,
2018-16-12,0.028203,0.029697,0.028188,0.029103,10366601,754560639,
2018-15-12,0.028395,0.028568,0.027791,0.028274,8387951,733050648,
2018-14-12,0.029235,0.029557,0.027912,0.028358,9205271,735240139,
2018-13-12,0.030635,0.030722,0.029029,0.029190,11234575,756817501,
2018-12-12,0.029439,0.031115,0.029305,0.030609,11071814,793596929,
2018-11-12,0.030117,0.030434,0.028915,0.029551,10444631,766165271,
2018-10-12,0.031653,0.032068,0.029806,0.030203,12553718,783071164,
2018-9-12,0.030643,0.032515,0.030227,0.031693,16588924,821695910,
2018-8-12,0.029812,0.031807,0.028867,0.030678,19987029,795394849,
2018-7-12,0.030797,0.030797,0.027393,0.029864,31750703,774280073,
2018-6-12,0.034318,0.035501,0.030798,0.030798,27195357,798494898,
2018-5-12,0.037659,0.037714,0.034251,0.034251,26250706,888035722,
2018-4-12,0.038557,0.039842,0.037387,0.037699,23563420,977433742,
2018-3-12,0.041874,0.041884,0.038027,0.038671,21282053,1002625724,
2018-2-12,0.041350,0.043286,0.040690,0.041672,23206023,1080429209,
2018-1-12,0.038991,0.042521,0.038157,0.041468,19314340,1075155852,
2018-30-11,0.041984,0.042309,0.037721,0.038916,28861639,1008977118,
2018-29-11,0.042269,0.044518,0.039716,0.041866,39544072,1085456214,
2018-28-11,0.036510,0.044108,0.036510,0.042021,47624500,1089471060,
2018-27-11,0.035682,0.036982,0.034029,0.036461,17966300,945329512,
2018-26-11,0.037761,0.039378,0.034117,0.035806,31641100,928344688,
2018-25-11,0.038628,0.038836,0.032798,0.037725,40704000,978106514,
2018-24-11,0.043420,0.044301,0.036933,0.038458,25740400,997092908,
2018-23-11,0.044062,0.044662,0.041671,0.043412,24258500,1125551172,
2018-22-11,0.047885,0.048532,0.044255,0.044255,18689900,1147394729,
2018-21-11,0.045149,0.048230,0.043027,0.047780,33938000,1238792838,
2018-20-11,0.052658,0.052732,0.042868,0.044777,65556800,1160931252,
2018-19-11,0.061903,0.061903,0.051989,0.052582,53737000,1363284259,
2018-18-11,0.060803,0.062933,0.060803,0.061916,16669400,1605295314,
2018-17-11,0.061062,0.061062,0.059554,0.060675,17926300,1573112041,
2018-16-11,0.063242,0.064053,0.060242,0.061151,27544700,1585474069,
2018-15-11,0.064847,0.065245,0.058250,0.063543,60267800,1647483843,
2018-14-11,0.073439,0.073441,0.061800,0.064824,54964400,1680683457,
2018-13-11,0.075883,0.075965,0.073252,0.073603,20329300,1908320544,
2018-12-11,0.076818,0.077216,0.074949,0.076001,20975100,1970491066,
2018-11-11,0.075165,0.077373,0.074438,0.076481,23663500,1982925689,
2018-10-11,0.074167,0.075992,0.074056,0.075221,15012100,1950249802,
2018-9-11,0.076324,0.077429,0.073912,0.074226,23756800,1924449774,
2018-8-11,0.078391,0.079424,0.076263,0.076493,32149600,1983244592,
2018-7-11,0.081020,0.081310,0.078017,0.078544,36852900,2036408050,
2018-6-11,0.076337,0.080952,0.076337,0.080952,49473200,2084951304,
2018-5-11,0.075961,0.078880,0.074745,0.076148,34358100,1974302345,
2018-4-11,0.071492,0.077307,0.071291,0.076229,52924200,1976402438,
2018-3-11,0.072561,0.072621,0.070822,0.071479,14948900,1853235890,
2018-2-11,0.070814,0.073040,0.070788,0.072584,18823400,1881885303,
2018-1-11,0.069698,0.071464,0.069119,0.070867,11256600,1837384079,
2018-31-10,0.069723,0.069829,0.067883,0.069705,16366000,1807238674,
2018-30-10,0.069632,0.070024,0.069226,0.069647,11418800,1805750460,
2018-29-10,0.073042,0.073215,0.068899,0.069627,21315700,1805221548,
2018-28-10,0.073030,0.073296,0.072361,0.073166,11226100,1896990414,
2018-27-10,0.073687,0.073792,0.072868,0.072886,10316000,1889715278,
2018-26-10,0.073748,0.073960,0.072679,0.073713,13464800,1911154372,
2018-25-10,0.074289,0.074345,0.073163,0.073859,12567300,1914952688,
2018-24-10,0.074612,0.075652,0.074150,0.074321,14151400,1926918031,
2018-23-10,0.075864,0.076139,0.073072,0.074743,20710600,1937869626,
2018-22-10,0.075754,0.076510,0.075145,0.075776,16871700,1964652290,
2018-21-10,0.076305,0.077536,0.075602,0.075873,17620200,1967169808,
2018-20-10,0.075789,0.077146,0.075202,0.076342,20363900,1979319234,
2018-19-10,0.075022,0.076463,0.074427,0.075836,18153800,1966215692,
2018-18-10,0.077536,0.077955,0.074260,0.075131,28634400,1947931922,
2018-17-10,0.075860,0.078271,0.075102,0.077408,36907800,2006973047,
2018-16-10,0.074788,0.076625,0.074392,0.075814,26555800,1965629740,
2018-15-10,0.070436,0.078624,0.069773,0.074789,71953000,1939054493,
2018-14-10,0.073063,0.073775,0.070715,0.071293,26250600,1848416047,
2018-13-10,0.072637,0.074890,0.072471,0.073103,23571900,1895336267,
2018-12-10,0.070339,0.075880,0.069839,0.073214,40979000,1898221950,
2018-11-10,0.084525,0.084552,0.070026,0.070939,72659700,1839248235,
2018-10-10,0.086345,0.086432,0.083542,0.084679,35888200,2195465443,
2018-9-10,0.086773,0.087511,0.084461,0.086357,38710200,2238978845,
2018-8-10,0.084531,0.088169,0.083198,0.086607,62079800,2245470984,
2018-7-10,0.081454,0.085151,0.080741,0.084658,34848400,2194941716,
2018-6-10,0.083309,0.083729,0.080985,0.081303,26277600,2107948616,
2018-5-10,0.081381,0.083091,0.080690,0.082991,31160900,2151708326,
2018-4-10,0.080818,0.082789,0.080534,0.081304,31665100,2107977136,
2018-3-10,0.082032,0.082405,0.079175,0.080789,38063700,2094614324,
2018-2-10,0.084604,0.084681,0.082388,0.082525,34775200,2139639274,
2018-1-10,0.085292,0.085806,0.082636,0.084469,42076400,2190041499,
2018-30-9,0.084368,0.086804,0.083421,0.085195,49853100,2208861960,
2018-29-9,0.083712,0.086371,0.081708,0.084606,55854000,2193583137,
2018-28-9,0.086403,0.088327,0.082045,0.084032,89113600,2178690628,
2018-27-9,0.079466,0.087636,0.078421,0.086001,101911000,2229764364,
2018-26-9,0.080992,0.082871,0.077172,0.079476,64321400,2060579858,
2018-25-9,0.082303,0.082303,0.075378,0.081028,87535200,2100805708,
2018-24-9,0.089706,0.091354,0.082314,0.082754,89522100,2145558424,
2018-23-9,0.083488,0.093225,0.082894,0.089754,149996000,2327045326,
2018-22-9,0.087660,0.088390,0.080326,0.083193,82526800,2156937816,
2018-21-9,0.081778,0.089908,0.081230,0.087606,212274000,2271359163,
2018-20-9,0.072439,0.082661,0.071514,0.081493,103788000,2112885130,
2018-19-9,0.069146,0.074414,0.067413,0.072350,96071300,1875826146,
2018-18-9,0.063568,0.070220,0.062599,0.069430,67159000,1800126878,
2018-17-9,0.069854,0.070270,0.063415,0.063899,48609600,1656713880,
2018-16-9,0.069153,0.069981,0.066620,0.069963,32643600,1813922673,
2018-15-9,0.067928,0.070365,0.067798,0.069322,34842300,1797311198,
2018-14-9,0.070094,0.070719,0.066107,0.068248,62256800,1769475895,
2018-13-9,0.067053,0.070931,0.065717,0.069829,86011700,1810453630,
2018-12-9,0.070794,0.070794,0.061708,0.066745,91272400,1730491952,
2018-11-9,0.074180,0.074750,0.067145,0.070513,47614500,1828198118,
2018-10-9,0.077277,0.078133,0.072209,0.073508,44682000,1905844508,
2018-9-9,0.078443,0.081148,0.075026,0.076643,47870100,1987128467,
2018-8-9,0.084120,0.085130,0.077505,0.078235,35208700,2028396585,
2018-7-9,0.088521,0.089645,0.083456,0.083983,41868100,2177433165,
2018-6-9,0.087525,0.089429,0.083130,0.088666,73239200,2298847044,
2018-5-9,0.105267,0.106217,0.087569,0.087569,98708900,2270418011,
2018-4-9,0.103484,0.106509,0.103385,0.105265,54317400,2729213080,
2018-3-9,0.104650,0.105193,0.102529,0.103607,53687200,2686225997,
2018-2-9,0.106903,0.107182,0.102511,0.104432,58391900,2707615830,
2018-1-9,0.101877,0.108901,0.101877,0.106827,70208900,2769711164,
2018-31-8,0.100902,0.102756,0.099255,0.102196,42250400,2649642901,
2018-30-8,0.105205,0.107144,0.097286,0.100560,64807500,2607226213,
2018-29-8,0.105611,0.108924,0.102186,0.105469,83582300,2734502203,
2018-28-8,0.100565,0.106655,0.100032,0.105480,79059500,2734787400,
2018-27-8,0.093178,0.100795,0.092522,0.100264,55515600,2599551800,
2018-26-8,0.094262,0.094625,0.091405,0.093338,26907400,2419973132,
2018-25-8,0.094305,0.095007,0.092350,0.094282,30674700,2444461250,
2018-24-8,0.092846,0.094363,0.090948,0.094077,35302400,2439148793,
2018-23-8,0.090205,0.093339,0.089165,0.092453,37397400,2397040638,
2018-22-8,0.095016,0.100128,0.088088,0.090149,64566000,2337294297,
2018-21-8,0.093161,0.096051,0.091919,0.095003,49545100,2463159853,
2018-20-8,0.102243,0.103728,0.093618,0.093764,53939600,2431015471,
2018-19-8,0.099744,0.104358,0.098120,0.102437,51106900,2655891325,
2018-18-8,0.109847,0.112477,0.097485,0.099785,101454000,2587119770,
2018-17-8,0.095682,0.109917,0.095172,0.109887,103569000,2849048000,
2018-16-8,0.095036,0.098572,0.093198,0.095331,50188900,2471645783,
2018-15-8,0.095489,0.101081,0.094665,0.095040,91346700,2464119155,
2018-14-8,0.102779,0.102779,0.086951,0.094662,111693000,2454300573,
2018-13-8,0.113183,0.115714,0.102698,0.102910,56974900,2668154829,
2018-12-8,0.112497,0.114788,0.111658,0.112970,35031500,2928981159,
2018-11-8,0.116444,0.116669,0.109195,0.112439,65816400,2915213884,
2018-10-8,0.124091,0.124966,0.113747,0.116355,71125700,3016744292,
2018-9-8,0.114507,0.127082,0.114507,0.123507,93016600,3202174701,
2018-8-8,0.125594,0.125594,0.112637,0.113752,82209700,2949256128,
2018-7-8,0.130923,0.133100,0.124601,0.125378,57321700,3250684250,
2018-6-8,0.130919,0.136404,0.128161,0.130553,57534800,3384856840,
2018-5-8,0.127292,0.132030,0.125517,0.131721,43901500,3415139658,
2018-4-8,0.130771,0.134591,0.125412,0.127547,54577300,3306920066,
2018-3-8,0.131416,0.134835,0.124545,0.130255,77768900,3377130573,
2018-2-8,0.141316,0.142481,0.130469,0.131941,68531400,3420843614,
2018-1-8,0.143086,0.145038,0.137180,0.140901,79987900,3653150166,
2018-31-7,0.154067,0.154187,0.140773,0.143297,93183800,3715271427,
2018-30-7,0.163234,0.163234,0.149280,0.154087,69612600,3995024518,
2018-29-7,0.164163,0.164772,0.160419,0.163313,47319500,4234227671,
2018-28-7,0.166228,0.166228,0.160024,0.163380,51592200,4235964785,
2018-27-7,0.164450,0.168709,0.156660,0.165540,103693000,4291967257,
2018-26-7,0.172416,0.174740,0.162497,0.164765,84282200,4271873777,
2018-25-7,0.172360,0.175304,0.166820,0.172731,123649000,4478408821,
2018-24-7,0.164736,0.176757,0.161279,0.173172,191390000,4489842659,
2018-23-7,0.169526,0.179393,0.164028,0.164028,147071008,4252765526,
2018-22-7,0.163874,0.177814,0.163061,0.170277,139332992,4414783790,
2018-21-7,0.161994,0.168841,0.155729,0.163637,125996000,4242628042,
2018-20-7,0.179893,0.182650,0.161644,0.162175,215667008,4204722665,
2018-19-7,0.178986,0.189499,0.172312,0.180869,216980992,4689403321,
2018-18-7,0.170299,0.192930,0.170299,0.179378,323366016,4650746059,
2018-17-7,0.154915,0.174619,0.150379,0.170865,133441000,4430028907,
2018-16-7,0.142277,0.156755,0.140978,0.156118,90578096,4047682398,
2018-15-7,0.137029,0.145511,0.135277,0.142262,50143900,3688436909,
2018-14-7,0.138365,0.139891,0.133851,0.137092,55022100,3554393954,
2018-13-7,0.127299,0.141729,0.126027,0.137887,92778496,3575005975,
2018-12-7,0.131560,0.131560,0.123154,0.127181,37623900,3297430758,
2018-11-7,0.128801,0.133925,0.126466,0.131483,50179700,3408969016,
2018-10-7,0.139729,0.140654,0.128792,0.128792,62318800,3339199269,
2018-9-7,0.145345,0.146111,0.139948,0.139971,42768500,3629037990,
2018-8-7,0.149953,0.151385,0.144762,0.145389,48142400,3769510858,
2018-7-7,0.146257,0.150373,0.138904,0.150373,47965500,3898731378,
2018-6-7,0.148749,0.148749,0.139473,0.146084,69138800,3787530172,
2018-5-7,0.151597,0.154572,0.145104,0.148921,73881296,3861085272,
2018-4-7,0.150200,0.159904,0.146883,0.150960,86594896,3913950568,
2018-3-7,0.158522,0.166687,0.149461,0.150655,108280000,3906042812,
2018-2-7,0.142591,0.161936,0.138639,0.158278,161860000,4103684871,
2018-1-7,0.138264,0.145731,0.133866,0.142208,108733000,3687036847,
2018-30-6,0.126036,0.138372,0.126036,0.137671,104599000,3569405728,
2018-29-6,0.119397,0.127436,0.114674,0.125720,65802200,3259551308,
2018-28-6,0.127393,0.128503,0.118498,0.119320,42250100,3093618057,
2018-27-6,0.126551,0.128000,0.123925,0.127444,37072400,3304249578,
2018-26-6,0.135623,0.136055,0.126099,0.126099,32927500,3269377668,
2018-25-6,0.132321,0.138254,0.128556,0.135269,57752100,3507128905,
2018-24-6,0.138355,0.138592,0.121962,0.132703,73037504,3440600042,
2018-23-6,0.140334,0.143279,0.134852,0.137868,38721800,3574513361,
2018-22-6,0.158460,0.159019,0.137429,0.139839,79062000,3625615617,
2018-21-6,0.162051,0.163757,0.157551,0.158556,41237700,4110892596,
2018-20-6,0.166781,0.167331,0.156797,0.161985,83625600,4199796521,
2018-19-6,0.164702,0.169903,0.162117,0.167185,69854400,4334617288,
2018-18-6,0.161122,0.167511,0.156708,0.164117,55507800,4255073035,
2018-17-6,0.163137,0.164477,0.161027,0.161380,35748800,4184110643,
2018-16-6,0.162741,0.164628,0.159856,0.162962,42213400,4225127269,
2018-15-6,0.172218,0.172218,0.161929,0.162747,73950496,4219552949,
2018-14-6,0.160250,0.176521,0.155369,0.172375,199562000,4469178784,
2018-13-6,0.166136,0.166818,0.151204,0.160408,99731600,4158909531,
2018-12-6,0.181348,0.182888,0.162788,0.166585,82885904,4319061046,
2018-11-6,0.176262,0.181937,0.167893,0.181280,89350704,4700059347,
2018-10-6,0.201517,0.201517,0.171129,0.176868,137836000,4585669112,
2018-9-6,0.205260,0.209668,0.202091,0.202091,51481400,5239627612,
2018-8-6,0.210831,0.210841,0.202634,0.205358,68728600,5324331352,
2018-7-6,0.216105,0.219351,0.209573,0.211119,76949400,5473697205,
2018-6-6,0.220565,0.220862,0.210708,0.215721,84766304,5593013584,
2018-5-6,0.214247,0.221728,0.204815,0.220467,119846000,5716063460,
2018-4-6,0.228155,0.231228,0.212290,0.214012,115605000,5548704220,
2018-3-6,0.227700,0.236761,0.225118,0.228154,117208000,5915364852,
2018-2-6,0.222701,0.229531,0.219242,0.227742,116435000,5904682898,
2018-1-6,0.224533,0.229184,0.216955,0.222507,130538000,5768954684,
2018-31-5,0.210393,0.230057,0.206205,0.225214,202076000,5839139264,
2018-30-5,0.203685,0.218023,0.201184,0.211143,222612000,5474319455,
2018-29-5,0.175475,0.208739,0.174153,0.203190,185184000,5268121463,
2018-28-5,0.193696,0.194977,0.174002,0.174783,95106200,4531611170,
2018-27-5,0.196354,0.196436,0.192322,0.193557,58991000,5018365992,
2018-26-5,0.199761,0.205492,0.195895,0.196567,60616400,5096406474,
2018-25-5,0.209060,0.210636,0.197320,0.200655,83368000,5202396339,
2018-24-5,0.203324,0.213302,0.193109,0.208989,127678000,5418472545,
2018-23-5,0.224393,0.226150,0.198798,0.202873,124268000,5259902581,
2018-22-5,0.249397,0.250076,0.223408,0.224408,78363296,5818242045,
2018-21-5,0.256130,0.261169,0.247134,0.248840,85090304,6451692233,
2018-20-5,0.243143,0.260785,0.240974,0.256136,101310000,6640856139,
2018-19-5,0.246199,0.248354,0.238934,0.243271,57778000,6307304377,
2018-18-5,0.242816,0.246809,0.234781,0.245544,79212200,6366236608,
2018-17-5,0.257352,0.263111,0.242194,0.243664,83683800,6317493716,
2018-16-5,0.259082,0.260186,0.243720,0.256375,108749000,6647052709,
2018-15-5,0.274269,0.278760,0.257697,0.260155,97408800,6745057036,
2018-14-5,0.285852,0.286088,0.261086,0.273434,161643008,7089342605,
2018-13-5,0.271640,0.290151,0.264361,0.285890,179522000,7412290196,
2018-12-5,0.262649,0.283410,0.241278,0.270932,255480992,7024473075,
2018-11-5,0.296797,0.299462,0.248137,0.260127,348752000,6744331078,
2018-10-5,0.323879,0.327908,0.296317,0.297089,122958000,7702647459,
2018-9-5,0.328426,0.328426,0.304458,0.323593,178122000,8389818537,
2018-8-5,0.335595,0.348219,0.323071,0.328352,142455008,8513205465,
2018-7-5,0.349948,0.349948,0.323506,0.335176,171384992,8690131795,
2018-6-5,0.365933,0.365933,0.341467,0.350021,148186000,9075019157,
2018-5-5,0.361318,0.373605,0.360962,0.366338,139447008,9498071167,
2018-4-5,0.370777,0.370777,0.350842,0.360182,171266000,9338464121,
2018-3-5,0.371926,0.389749,0.368789,0.369709,300814016,9585471322,
2018-2-5,0.357602,0.376704,0.349324,0.372420,272855008,9655759610,
2018-1-5,0.342953,0.363261,0.323701,0.358693,365521984,9299858712,
2018-30-4,0.364297,0.364297,0.336625,0.343318,298712000,8901230003,
2018-29-4,0.360670,0.387901,0.347508,0.365057,671886976,9464858589,
2018-28-4,0.287130,0.364954,0.287130,0.357874,636742016,9278624442,
2018-27-4,0.294589,0.307469,0.287786,0.288489,197183008,7479674652,
2018-26-4,0.270795,0.294972,0.259865,0.294295,220715008,7630207224,
2018-25-4,0.312805,0.312805,0.265164,0.271654,351596000,7043192420,
2018-24-4,0.288539,0.318699,0.287331,0.312875,369016992,8111932195,
2018-23-4,0.285558,0.289623,0.283558,0.288473,127213000,7479259819,
2018-22-4,0.287488,0.296879,0.280765,0.285535,160968000,7403086086,
2018-21-4,0.302292,0.307552,0.272684,0.290580,294632992,7533888157,
2018-20-4,0.270986,0.301641,0.269697,0.301247,349348992,7810452218,
2018-19-4,0.267493,0.273836,0.260818,0.272358,240910000,7061445078,
2018-18-4,0.242734,0.262368,0.242734,0.260341,181118000,6749879471,
2018-17-4,0.255090,0.272641,0.242771,0.243724,520975008,6319049340,
2018-16-4,0.221889,0.256646,0.211808,0.256646,678780992,6654078945,
2018-15-4,0.201389,0.223444,0.199940,0.221390,169798000,5739994146,
2018-14-4,0.198675,0.206495,0.194708,0.200853,113212000,5207529899,
2018-13-4,0.211632,0.218382,0.196567,0.200532,230412992,5199207309,
2018-12-4,0.166757,0.214525,0.164530,0.212233,488007008,5502579961,
2018-11-4,0.156761,0.166431,0.154079,0.166029,91793296,4304645594,
2018-10-4,0.153240,0.157820,0.149316,0.156347,55981300,4053619697,
2018-9-4,0.157094,0.165656,0.147478,0.153106,93021904,3969590062,
2018-8-4,0.148825,0.158452,0.148825,0.156599,51093100,4060153319,
2018-7-4,0.144885,0.151469,0.143829,0.148794,48205400,3857792534,
2018-6-4,0.148394,0.150481,0.141830,0.144451,51827500,3745191266,
2018-5-4,0.155592,0.156204,0.143742,0.148758,113407000,3856859159,
2018-4-4,0.171158,0.179172,0.153626,0.155356,154800992,4027925971,
2018-3-4,0.157864,0.173438,0.155254,0.172447,155987008,4471045533,
2018-2-4,0.151691,0.158797,0.148590,0.156385,102697000,4054604926,
2018-1-4,0.156597,0.160825,0.141343,0.150768,100833000,3908972571,
2018-31-3,0.147115,0.160559,0.144857,0.155919,113124000,4042522911,
2018-30-3,0.146654,0.151782,0.136317,0.147209,119874000,3816698127,
2018-29-3,0.160143,0.160614,0.145712,0.146882,103465000,3808219975,
2018-28-3,0.155196,0.165599,0.154465,0.160058,60260800,4149835056,
2018-27-3,0.168215,0.169225,0.150164,0.154926,107510000,4016777330,
2018-26-3,0.183960,0.185421,0.161128,0.167806,117497000,4350717999,
2018-25-3,0.188396,0.189128,0.181700,0.184605,59349400,4786266857,
2018-24-3,0.188844,0.201190,0.183017,0.189201,132660000,4905427673,
2018-23-3,0.202298,0.202812,0.181424,0.189259,148850000,4906931443,
2018-22-3,0.215403,0.221969,0.192132,0.203481,201540000,5275666240,
2018-21-3,0.205315,0.227502,0.201448,0.213189,257686000,5527366241,
2018-20-3,0.193447,0.212004,0.180294,0.204947,249683008,5313675326,
2018-19-3,0.160749,0.197648,0.156935,0.197648,321964000,5124433638,
2018-18-3,0.153931,0.161959,0.127046,0.156155,189688992,4048641700,
2018-17-3,0.178770,0.179160,0.153132,0.154763,81096600,4012551218,
2018-16-3,0.186788,0.186788,0.175057,0.178878,97455296,4637782524,
2018-15-3,0.198755,0.201611,0.172485,0.185709,204232992,4814890343,
2018-14-3,0.223430,0.233147,0.196005,0.199562,144156000,5174058051,
2018-13-3,0.223110,0.229146,0.215402,0.223026,98868704,5782410834,
2018-12-3,0.224104,0.237342,0.219654,0.223722,184250000,5800456075,
2018-11-3,0.209721,0.227322,0.198153,0.223498,161362000,5794648411,
2018-10-3,0.225216,0.226558,0.208859,0.209873,129138000,5441392075,
2018-9-3,0.221286,0.225115,0.191804,0.222207,246848992,5761176563,
2018-8-3,0.248160,0.254354,0.221131,0.221743,167808992,5749146402,
2018-7-3,0.284674,0.287598,0.236256,0.247281,190792992,6411271930,
2018-6-3,0.295947,0.303019,0.283993,0.285357,110305000,7398471068,
2018-5-3,0.299897,0.317723,0.291055,0.297622,202675008,7716466588,
2018-4-3,0.296285,0.303588,0.286193,0.300787,94436000,7798525766,
2018-3-3,0.292952,0.309129,0.292507,0.297106,115320000,7703088219,
2018-2-3,0.304424,0.307058,0.288875,0.293504,107240000,7609698911,
2018-1-3,0.311973,0.311973,0.288392,0.304397,184691008,7892122491,
2018-28-2,0.334486,0.336163,0.312563,0.312581,114757000,8104309636,
2018-27-2,0.339132,0.341189,0.330971,0.335536,106757000,8699465540,
2018-26-2,0.345272,0.346955,0.322210,0.338335,201812992,8772035410,
2018-25-2,0.322152,0.354572,0.314411,0.344033,247808000,8919767858,
2018-24-2,0.343668,0.352488,0.316064,0.322966,133524000,8373562263,
2018-23-2,0.334758,0.351240,0.322811,0.345258,222508992,8951528520,
2018-22-2,0.362651,0.372116,0.330518,0.337871,208342000,8760005250,
2018-21-2,0.375593,0.383513,0.363394,0.364441,242378000,9448887514,
2018-20-2,0.390942,0.404329,0.377539,0.378779,281249984,9820629851,
2018-19-2,0.386930,0.396608,0.386224,0.391472,169966000,10149722158,
2018-18-2,0.418355,0.420010,0.380787,0.385618,251314000,9997945087,
2018-17-2,0.402403,0.428074,0.401056,0.419883,341415008,10886336159,
2018-16-2,0.410142,0.412404,0.392676,0.403810,192420000,10469610354,
2018-15-2,0.394671,0.416687,0.389937,0.409368,348342016,10613713012,
2018-14-2,0.373766,0.401321,0.370393,0.396908,299008992,10290661713,
2018-13-2,0.383436,0.387018,0.359920,0.373314,225695008,9678938411,
2018-12-2,0.372595,0.393307,0.372595,0.384315,243039008,9964162114,
2018-11-2,0.405104,0.405196,0.363624,0.369769,331944000,9587026946,
2018-10-2,0.386671,0.462766,0.385368,0.405872,951824000,10523071973,
2018-9-2,0.352848,0.394133,0.342911,0.391602,401271008,10153092677,
2018-8-2,0.344464,0.367504,0.336822,0.356584,346383008,9245178521,
2018-7-2,0.367267,0.377219,0.332507,0.340447,679744000,8826793383,
2018-6-2,0.331209,0.378719,0.266523,0.369753,1338390016,9586612113,
2018-5-2,0.385044,0.399523,0.319646,0.327371,658547968,8487771009,
2018-4-2,0.433865,0.480140,0.369823,0.379303,814753984,9834215636,
2018-3-2,0.400965,0.501639,0.330815,0.438836,1404499968,11377731927,
2018-2-2,0.419460,0.419460,0.274734,0.390534,1438809984,10125402566,
2018-1-2,0.515912,0.535322,0.412045,0.421672,595624000,10932719688,
2018-31-1,0.527598,0.550252,0.471337,0.519315,505904000,13464316636,
2018-30-1,0.624799,0.624799,0.523418,0.531913,359622016,13790945871,
2018-29-1,0.669373,0.669373,0.620760,0.623204,238318000,16157854068,
2018-28-1,0.620560,0.681946,0.620560,0.670286,325145984,17378552403,
2018-27-1,0.623477,0.632956,0.595269,0.616833,331308992,15992672701,
2018-26-1,0.633903,0.652848,0.566218,0.623382,810062016,16162469086,
2018-25-1,0.629337,0.683023,0.621560,0.637495,654814016,16528377833,
2018-24-1,0.563369,0.636009,0.544753,0.622208,689838016,16132030705,
2018-23-1,0.566537,0.592231,0.520013,0.563070,375958016,14598755608,
2018-22-1,0.614983,0.631485,0.521889,0.570458,522984000,14790304805,
2018-21-1,0.706391,0.706391,0.590793,0.613163,847731008,15897520352,
2018-20-1,0.656564,0.726242,0.647644,0.707510,738798976,18343661676,
2018-19-1,0.649544,0.688520,0.615936,0.650498,584574016,16865507531,
2018-18-1,0.631295,0.711008,0.591528,0.659843,1285490048,17107796005,
2018-17-1,0.624123,0.678517,0.440620,0.629102,1713769984,16310771930,
2018-16-1,0.780621,0.780621,0.479944,0.626493,1632649984,16243128203,
2018-15-1,0.795761,0.884506,0.777413,0.778587,972993024,20186480069,
2018-14-1,0.881961,0.881961,0.749514,0.802262,160712000,20800303464,
2018-13-1,0.917410,0.969325,0.836486,0.884124,313215008,22922745312,
2018-12-1,0.695769,0.932269,0.659967,0.897508,365795008,23269753224,
2018-11-1,0.791522,0.791522,0.572500,0.688412,229000992,17848506483,
2018-10-1,0.815872,0.816252,0.676835,0.793121,236472000,20563304112,
2018-9-1,0.898185,0.919436,0.796177,0.814743,209492000,21123899231,
2018-8-1,0.999329,0.999329,0.764328,0.899002,264460992,23308488268,
2018-7-1,1.02,1.04,0.991391,1.01,226067008,26147969179,
2018-6-1,0.997000,1.05,0.929183,1.03,297615008,26630990503,
2018-5-1,1.17,1.25,0.903503,0.999559,508100000,25915636700,
2018-4-1,1.09,1.33,1.04,1.11,593430016,28885867828,
2018-3-1,0.779681,1.09,0.778578,1.08,657398016,27992420977,
2018-2-1,0.724676,0.794646,0.697856,0.782587,289712000,20290188351,
2018-1-1,0.718847,0.730051,0.671941,0.728657,150186000,18891941437,
2017-31-12,0.642581,0.754446,0.642297,0.719695,305947008,18659583031,
2017-30-12,0.528316,0.777385,0.471556,0.639243,645155968,16573698352,
2017-29-12,0.410457,0.556879,0.403945,0.529299,266403008,13723172509,
2017-28-12,0.412020,0.418934,0.367887,0.407701,82263800,10570492585,
2017-27-12,0.427107,0.430827,0.401098,0.414176,82067504,10738370367,
2017-26-12,0.413573,0.430086,0.405608,0.428465,94896000,11108842278,
2017-25-12,0.392330,0.439700,0.362807,0.416363,122194000,10795072870,
2017-24-12,0.416661,0.416661,0.347039,0.390029,67372304,10112309395,
2017-23-12,0.414420,0.450368,0.392567,0.414027,88865000,10734507234,
2017-22-12,0.478974,0.478974,0.293641,0.407150,150972992,10556206770,
2017-21-12,0.490049,0.523619,0.456527,0.477851,162926000,12389276584,
2017-20-12,0.533705,0.533705,0.441621,0.486151,182924000,12604471269,
2017-19-12,0.520268,0.589589,0.501083,0.531273,279631008,13774352546,
2017-18-12,0.511939,0.526496,0.467403,0.518198,253463008,13435356099,
2017-17-12,0.386775,0.592417,0.378013,0.513011,628142976,13300872384,
2017-16-12,0.212875,0.447192,0.204233,0.404665,581052032,10491777999,
2017-15-12,0.233209,0.233209,0.187032,0.213467,207311008,5534573967,
2017-14-12,0.133667,0.240753,0.131843,0.240753,309307008,6242020013,
2017-13-12,0.133739,0.141854,0.122368,0.134281,61575000,3481512959,
2017-12-12,0.121177,0.138008,0.114222,0.133891,60056800,3471401401,
2017-11-12,0.108927,0.121383,0.108638,0.121383,39513900,3147105603,
2017-10-12,0.119794,0.119794,0.100133,0.110281,46376600,2859263266,
2017-9-12,0.114745,0.138660,0.113561,0.119609,63308600,3101110980,
2017-8-12,0.106142,0.120726,0.099136,0.115465,70092400,2993669200,
2017-7-12,0.117766,0.124176,0.105501,0.105501,71024600,2735331869,
2017-6-12,0.126748,0.132855,0.113886,0.117839,75688800,3055220065,
2017-5-12,0.135625,0.136404,0.126777,0.127488,50381100,3305390369,
2017-4-12,0.131546,0.145946,0.126350,0.135870,76392704,3522711074,
2017-3-12,0.132351,0.139220,0.124945,0.131807,46458900,3417369386,
2017-2-12,0.131633,0.138869,0.129132,0.132351,56712600,3431473713,
2017-1-12,0.116622,0.131352,0.113031,0.131352,73657600,3405572569,
2017-30-11,0.094930,0.128303,0.094930,0.119883,124345000,3108214997,
2017-29-11,0.118235,0.146906,0.081436,0.089718,210624992,2326119729,
2017-28-11,0.050627,0.131730,0.047949,0.119744,240338000,3104611135,
2017-27-11,0.036619,0.057127,0.036619,0.050593,77777296,1311728280,
2017-26-11,0.030437,0.039855,0.030118,0.036332,30527100,941982327,
2017-25-11,0.028324,0.030447,0.027747,0.030447,6156460,789409295,
2017-24-11,0.027406,0.028597,0.026963,0.028382,5502350,735856931,
2017-23-11,0.028540,0.028678,0.027444,0.027444,5132300,711539931,
2017-22-11,0.028399,0.029034,0.027891,0.028549,4938480,740197122,
2017-21-11,0.029587,0.029709,0.027404,0.028330,5836790,734526872,
2017-20-11,0.028152,0.032300,0.027612,0.029581,16172400,766956452,
2017-19-11,0.026243,0.028478,0.025581,0.028084,4725050,728148813,
2017-18-11,0.025597,0.027122,0.024748,0.026369,2930550,683673516,
2017-17-11,0.027143,0.027436,0.025184,0.025773,3578870,668205425,
2017-16-11,0.026583,0.028170,0.025654,0.027580,4888130,715068605,
2017-15-11,0.026116,0.027773,0.025261,0.026445,6858800,685631010,
2017-14-11,0.025797,0.026788,0.025342,0.026230,3033290,680069653,
2017-13-11,0.024364,0.026300,0.023495,0.025808,4419440,669115466,
2017-12-11,0.027480,0.027952,0.022591,0.023977,7280250,621653370,
2017-11-11,0.026891,0.029659,0.025684,0.027437,5532220,711363627,
2017-10-11,0.032219,0.033348,0.026451,0.027119,6766780,703121411,
2017-9-11,0.025160,0.035060,0.025006,0.032053,18716200,831037799,
2017-8-11,0.021912,0.026393,0.021660,0.025186,6367000,652999199,
2017-7-11,0.021846,0.023347,0.021414,0.022195,2539540,575443552,
2017-6-11,0.020977,0.023609,0.020534,0.021881,4591160,567310230,
2017-5-11,0.022054,0.023006,0.020635,0.020635,2396230,535005101,
2017-4-11,0.022641,0.023849,0.021970,0.022022,2626920,570968540,
2017-3-11,0.021418,0.023213,0.019827,0.022628,2836080,586680345,
2017-2-11,0.023079,0.024977,0.018210,0.021306,6165050,552399572,
2017-1-11,0.029127,0.029219,0.022986,0.022986,9382780,595964829,
2017-31-10,0.028547,0.030715,0.028075,0.030437,7304450,789155210,
2017-30-10,0.028318,0.028874,0.027586,0.028583,3781270,741070864,
2017-29-10,0.025831,0.029837,0.025626,0.028607,4746180,741693114,
2017-28-10,0.026339,0.026853,0.025593,0.025866,1739460,670632199,
2017-27-10,0.027138,0.027463,0.025674,0.026382,2511440,684002790,
2017-26-10,0.027409,0.027560,0.026478,0.027132,2437710,703448092,
2017-25-10,0.027038,0.027846,0.026107,0.027527,2561430,713707434,
2017-24-10,0.025339,0.028956,0.023766,0.027193,7589560,705027051,
2017-23-10,0.027684,0.028051,0.024345,0.025454,3517050,659937283,
2017-22-10,0.028565,0.028744,0.027093,0.027729,2930210,718926554,
2017-21-10,0.030806,0.030806,0.027977,0.028436,5344520,737267363,
2017-20-10,0.026982,0.030855,0.026612,0.030630,8716410,794140985,
2017-19-10,0.026704,0.027112,0.025772,0.027032,2897720,700857978,
2017-18-10,0.027219,0.027360,0.024637,0.026691,2336180,692011662,
2017-17-10,0.028953,0.029628,0.025481,0.027217,7039900,705670042,
2017-16-10,0.029939,0.030749,0.028577,0.028948,6196030,750542023,
2017-15-10,0.032874,0.033641,0.028694,0.030049,7104990,779072172,
2017-14-10,0.033876,0.038268,0.029255,0.032465,27853200,841719752,
2017-13-10,0.026061,0.033816,0.025195,0.033641,15613600,872212580,
2017-12-10,0.022538,0.026763,0.021825,0.026252,8680640,680640048,
2017-11-10,0.021480,0.022576,0.020976,0.022520,3606720,583864665,
2017-10-10,0.022112,0.022446,0.021279,0.021531,2725600,558243534,
2017-9-10,0.020344,0.022807,0.020342,0.022114,4663310,573343460,
2017-8-10,0.020929,0.023598,0.020147,0.020477,7727460,530913809,
2017-7-10,0.018414,0.021050,0.017620,0.020941,7411240,542936191,
2017-6-10,0.021359,0.021542,0.018360,0.018539,7780710,480664553,
2017-5-10,0.021951,0.022154,0.020859,0.021489,5562510,557139041,
2017-4-10,0.020864,0.022806,0.020864,0.021931,9000050,568619548,
2017-3-10,0.025757,0.027425,0.020690,0.020816,16997800,539692715,
2017-2-10,0.024607,0.030088,0.019969,0.025932,57641300,628899052,
2017-1-10,0.021678,0.032226,0.017354,0.024969,50068700,0,
