Date,Open,High,Low,Close,Volume,MarketCap
2020-03-01,0.231105,0.235818,0.225707,0.228846,2086828072,10018780809
2020-02-29,0.236521,0.241962,0.231193,0.231193,2061348763,10121531623
2020-02-28,0.237111,0.243244,0.230776,0.236296,2468502732,10344935599
2020-02-27,0.231092,0.24619,0.226173,0.237116,2775673347,10373699553
2020-02-26,0.253371,0.25502,0.229383,0.230851,3273784862,10099606649
2020-02-25,0.270541,0.270824,0.253051,0.253412,2590099692,11086614590
2020-02-24,0.28259,0.283189,0.266478,0.270627,2472100400,11839763802
2020-02-23,0.275939,0.282868,0.275613,0.282711,2313819448,12368433149
2020-02-22,0.275345,0.276968,0.272305,0.275901,2190665842,12070510427
2020-02-21,0.272299,0.2779,0.270703,0.274938,2626495845,12028366232
2020-02-20,0.277138,0.281537,0.26733,0.272396,3138024579,11913164915
2020-02-19,0.297884,0.303685,0.277602,0.277602,3096501889,12140870561
2020-02-18,0.28701,0.300062,0.278746,0.297913,3719318846,13029144053
2020-02-17,0.294629,0.295218,0.271382,0.286572,3690067847,12525667661
2020-02-16,0.307265,0.318187,0.278036,0.295034,4025339058,12895529010
2020-02-15,0.335119,0.343972,0.302184,0.306236,4282439063,13385174853
2020-02-14,0.326363,0.337553,0.314526,0.334822,4476902769,14634621178
2020-02-13,0.304195,0.336142,0.303622,0.326706,6473779289,14279885278
2020-02-12,0.280272,0.307491,0.279948,0.304393,4092541037,13304586565
2020-02-11,0.273902,0.280746,0.267881,0.280141,2383677083,12244571114
2020-02-10,0.282486,0.283315,0.270231,0.27408,2403459577,11979687194
2020-02-09,0.277097,0.287235,0.276444,0.282457,2343599758,12342888604
2020-02-08,0.278878,0.280484,0.267578,0.277243,2380993304,12115026113
2020-02-07,0.282205,0.28652,0.277846,0.279284,2372731517,12204223474
2020-02-06,0.277542,0.285939,0.273494,0.282214,3079150333,12332253053
2020-02-05,0.266692,0.281039,0.266692,0.277468,3332447611,12124855856
2020-02-04,0.254557,0.269576,0.24882,0.266808,2900951896,11659047307
2020-02-03,0.25057,0.25637,0.248154,0.254627,2156814065,11126754979
2020-02-02,0.241321,0.259259,0.237002,0.250734,2477130012,10953472898
2020-02-01,0.239191,0.242612,0.237781,0.241455,1592451417,10548109281
2020-01-31,0.243618,0.244273,0.234905,0.239233,1892170752,10451015954
2020-01-30,0.235607,0.245961,0.231997,0.243642,2125017678,10643624488
2020-01-29,0.238691,0.241267,0.235322,0.23573,1883265674,10297986176
2020-01-28,0.231206,0.239931,0.230945,0.238488,2052700894,10418484690
2020-01-27,0.230532,0.234634,0.226982,0.231222,1722593699,10098829103
2020-01-26,0.220345,0.231344,0.219327,0.230686,1583964764,10075423155
2020-01-25,0.223049,0.22315,0.217737,0.220427,1373179560,9627353633
2020-01-24,0.226201,0.226314,0.215389,0.223041,1706347379,9741530849
2020-01-23,0.236173,0.236284,0.223069,0.226104,1600294983,9875297162
2020-01-22,0.237263,0.238689,0.234236,0.236056,1517150861,10309942100
2020-01-21,0.23334,0.240264,0.231539,0.237166,1701652845,10358425747
2020-01-20,0.235384,0.235748,0.225986,0.233296,1723535818,10184268786
2020-01-19,0.243367,0.249569,0.229278,0.235585,2211717302,10284187005
2020-01-18,0.23888,0.251187,0.233148,0.243286,2391157804,10620350242
2020-01-17,0.228725,0.243156,0.226576,0.238776,2418043081,10423473280
2020-01-16,0.232881,0.233568,0.224055,0.228574,2066952513,9978103123
2020-01-15,0.234504,0.240997,0.22792,0.232895,2590278224,10166738989
2020-01-14,0.212528,0.241832,0.212379,0.234687,2639844916,10244977875
2020-01-13,0.215624,0.215687,0.210601,0.212617,1321442559,9220403706
2020-01-12,0.212151,0.216371,0.211533,0.215633,1496128430,9351208273
2020-01-11,0.212097,0.218971,0.210054,0.211851,1655817070,9187177375
2020-01-10,0.204908,0.212403,0.20182,0.212306,1693646276,9206907569
2020-01-09,0.20911,0.209142,0.202589,0.204899,1341130889,8885696511
2020-01-08,0.213834,0.216704,0.205214,0.209026,1782128652,9064684943
2020-01-07,0.221576,0.223386,0.209047,0.213917,2237698314,9276786517
2020-01-06,0.195536,0.223832,0.195068,0.22151,2301679290,9606054235
2020-01-05,0.194367,0.199223,0.193884,0.195537,1168067557,8474172240
2020-01-04,0.193521,0.194653,0.191835,0.194355,999331594,8422952089
2020-01-03,0.187948,0.19407,0.185846,0.193521,1270017043,8386800449
2020-01-02,0.192708,0.192896,0.186947,0.188043,1085351426,8149376228
2020-01-01,0.192912,0.194362,0.192107,0.192667,1041134003,8349802256
2019-12-31,0.194518,0.194878,0.189969,0.192894,1116761075,8359619491
2019-12-30,0.197063,0.198716,0.193685,0.194474,1247499610,8428101982
2019-12-29,0.193116,0.198972,0.192524,0.197051,1176573822,8536136120
2019-12-28,0.191063,0.195286,0.190974,0.193222,1168758140,8370284759
2019-12-27,0.190403,0.192708,0.188502,0.191102,1151157499,8278444958
2019-12-26,0.190555,0.192518,0.188141,0.190394,1177534639,8247774697
2019-12-25,0.192288,0.192622,0.188474,0.190719,1140140919,8261843273
2019-12-24,0.190992,0.196885,0.189908,0.192198,1255576963,8325926772
2019-12-23,0.196958,0.198134,0.189891,0.190943,1402992086,8271536883
2019-12-22,0.193999,0.19737,0.192513,0.196978,1261599021,8532972546
2019-12-21,0.19534,0.196173,0.190614,0.194082,1208597753,8407526855
2019-12-20,0.1909,0.197967,0.186777,0.195316,1765470385,8460970904
2019-12-19,0.196289,0.197257,0.185322,0.190819,1588179338,8264443017
2019-12-18,0.184613,0.197512,0.178485,0.196176,2136022808,8496449615
2019-12-17,0.207189,0.207659,0.180494,0.183699,2059426123,7956063481
2019-12-16,0.218647,0.218908,0.206862,0.207225,1486338425,8974974229
2019-12-15,0.217573,0.220074,0.211347,0.218601,1171149673,9467680410
2019-12-14,0.220748,0.221742,0.216795,0.217356,1078990952,9413737187
2019-12-13,0.219827,0.221007,0.21693,0.220755,1252707498,9560937204
2019-12-12,0.222013,0.222692,0.218963,0.219859,1287697362,9522171540
2019-12-11,0.224241,0.224742,0.22129,0.222053,1072062152,9611705134
2019-12-10,0.225439,0.226251,0.221276,0.224302,1191690782,9709071953
2019-12-09,0.230433,0.231324,0.223183,0.225452,1241659373,9758847242
2019-12-08,0.228453,0.233737,0.22626,0.230435,1117646358,9974529031
2019-12-07,0.225492,0.228891,0.22539,0.228445,1073561928,9888381919
2019-12-06,0.222959,0.225858,0.220785,0.225505,1253702621,9761133164
2019-12-05,0.216249,0.226575,0.213965,0.222928,1424294121,9649602827
2019-12-04,0.219824,0.22177,0.212603,0.216348,1427312577,9364745688
2019-12-03,0.219516,0.223179,0.216675,0.21987,1017648495,9517202026
2019-12-02,0.225386,0.227203,0.217283,0.219581,1187513777,9507818760
2019-12-01,0.226466,0.226525,0.220253,0.225333,1176237060,9756884341
2019-11-30,0.230232,0.233615,0.224546,0.226474,1160032624,9806315573
2019-11-29,0.224623,0.231636,0.224129,0.230217,1325761774,9968382707
2019-11-28,0.225221,0.231131,0.224198,0.22457,1244175231,9723838882
2019-11-27,0.221845,0.228498,0.216199,0.225081,1608881984,9745970911
2019-11-26,0.218464,0.223212,0.214957,0.222145,1322723640,9618843673
2019-11-25,0.222832,0.225923,0.207013,0.218622,9415068271,9466286656
2019-11-24,0.236227,0.236373,0.223184,0.223184,2932397174,9663857831
2019-11-23,0.231574,0.236188,0.227707,0.236188,1480512363,10226933084
2019-11-22,0.243775,0.246417,0.225687,0.2316,2012230945,10028238451
2019-11-21,0.251316,0.253512,0.240784,0.243766,1586333624,10555043277
2019-11-20,0.256545,0.259139,0.250331,0.251364,1319069498,10884017518
2019-11-19,0.255646,0.258563,0.246971,0.2565,1420685334,11106437807
2019-11-18,0.265137,0.265514,0.249842,0.255653,1452996115,11069403326
2019-11-17,0.264009,0.269385,0.262832,0.265253,1273573229,11485052604
2019-11-16,0.261694,0.265443,0.260609,0.263886,1195333401,11425884645
2019-11-15,0.270463,0.271049,0.259878,0.261654,1548251349,11329241896
2019-11-14,0.272903,0.273868,0.268069,0.270391,1264478184,11707513880
2019-11-13,0.272379,0.275665,0.271303,0.273036,1278922350,11822051383
2019-11-12,0.275179,0.277042,0.270781,0.272418,1404766289,11795294866
2019-11-11,0.280164,0.281727,0.272008,0.275086,1437677669,11910794571
2019-11-10,0.280273,0.283117,0.276669,0.280204,1557437413,12132388502
2019-11-09,0.276863,0.282471,0.276328,0.280196,1449652131,12117941815
2019-11-08,0.292438,0.292612,0.274005,0.276953,2026687432,11977697598
2019-11-07,0.310175,0.313278,0.283395,0.292431,2430065390,12647080586
2019-11-06,0.301103,0.311605,0.298735,0.310086,1790567871,13410631514
2019-11-05,0.299906,0.304524,0.297917,0.301255,1964177330,13028715563
2019-11-04,0.291236,0.299949,0.290893,0.299937,1647597869,12971721432
2019-11-03,0.296272,0.297173,0.288818,0.291261,1381510371,12596463117
2019-11-02,0.292688,0.299039,0.292539,0.296263,1460243469,12812796808
2019-11-01,0.296389,0.296487,0.288932,0.292642,1572251058,12656190134
2019-10-31,0.296527,0.302379,0.290938,0.296358,1666132252,12816900825
2019-10-30,0.301913,0.30518,0.292403,0.296555,1883224296,12825432798
2019-10-29,0.295991,0.307984,0.295357,0.301956,2125813360,13058999924
2019-10-28,0.298143,0.302837,0.293587,0.296007,2061536473,12801729616
2019-10-27,0.293886,0.301481,0.289935,0.2981,2237941946,12892254871
2019-10-26,0.298039,0.31029,0.286818,0.293699,3122465894,12701942701
2019-10-25,0.278607,0.299947,0.27724,0.298165,2486979029,12895056501
2019-10-24,0.274101,0.281281,0.269274,0.278491,1638078551,12042668475
2019-10-23,0.291556,0.292737,0.260083,0.274143,2172985938,11854650118
2019-10-22,0.293019,0.301484,0.291104,0.291607,1632212674,12609856226
2019-10-21,0.294265,0.29472,0.289768,0.292979,1609355490,12669199713
2019-10-20,0.293042,0.297051,0.285773,0.294179,1804228003,12721101190
2019-10-19,0.294852,0.299229,0.289901,0.293022,1768492071,12671070331
2019-10-18,0.30234,0.30234,0.286964,0.295005,1809664285,12756788002
2019-10-17,0.284556,0.302481,0.282608,0.302315,1807694164,13049972343
2019-10-16,0.288895,0.292086,0.280962,0.28464,1626378642,12286985753
2019-10-15,0.296438,0.298265,0.284174,0.288702,1686563830,12462323338
2019-10-14,0.277626,0.29659,0.276666,0.296523,1685629956,12799942425
2019-10-13,0.273129,0.281705,0.272383,0.277765,1176911158,11990204703
2019-10-12,0.271115,0.27896,0.271074,0.273191,1100066310,11792798089
2019-10-11,0.272109,0.275936,0.268589,0.271099,1265760690,11702493149
2019-10-10,0.281551,0.281551,0.268893,0.272073,1383555182,11744507007
2019-10-09,0.278392,0.283725,0.274915,0.281627,1579225264,12156932944
2019-10-08,0.275829,0.283569,0.271744,0.278459,1518125769,12020170580
2019-10-07,0.25757,0.279092,0.255627,0.275685,1938984643,11900420320
2019-10-06,0.253434,0.257705,0.252341,0.257705,965338466,11112666133
2019-10-05,0.253608,0.256505,0.249384,0.253457,944304199,10929504865
2019-10-04,0.247924,0.256247,0.247425,0.253935,1078860456,10950104521
2019-10-03,0.253457,0.253503,0.244366,0.24786,1043933395,10688160807
2019-10-02,0.249618,0.254884,0.246791,0.253539,1093145013,10933024350
2019-10-01,0.256213,0.260526,0.247843,0.249565,1319433697,10761681803
2019-09-30,0.241383,0.260146,0.23832,0.255933,1662002377,11036254662
2019-09-29,0.242592,0.243348,0.237544,0.241388,931369885,10399003153
2019-09-28,0.244023,0.245047,0.240754,0.242571,978211509,10449975028
2019-09-27,0.243712,0.246306,0.236745,0.244021,1277746422,10512410924
2019-09-26,0.246448,0.250457,0.234037,0.243784,1387714462,10502200054
2019-09-25,0.235483,0.248962,0.234906,0.246441,1800796894,10616698451
2019-09-24,0.268686,0.272868,0.227052,0.235226,2114210733,10133548682
2019-09-23,0.278602,0.286114,0.268575,0.268675,1484938724,11574524621
2019-09-22,0.28946,0.289673,0.274316,0.278931,1242282758,12009356968
2019-09-21,0.294456,0.297573,0.287775,0.289443,1266771269,12461952068
2019-09-20,0.302455,0.302455,0.288729,0.29447,1558069366,12678417604
2019-09-19,0.31374,0.313814,0.287051,0.302441,2314376584,13021616393
2019-09-18,0.284163,0.322034,0.283921,0.313776,2548478917,13509644789
2019-09-17,0.260862,0.294556,0.260308,0.285013,1981364786,12262515974
2019-09-16,0.261574,0.263923,0.259181,0.260952,878264190,11227300186
2019-09-15,0.26117,0.264858,0.259714,0.261628,859761210,11256389684
2019-09-14,0.255485,0.264492,0.254848,0.261167,1005057194,11236551220
2019-09-13,0.254795,0.256326,0.253137,0.255551,869481607,10994948160
2019-09-12,0.255973,0.257015,0.252555,0.254811,974717877,10963094269
2019-09-11,0.258692,0.259832,0.253401,0.255956,992565704,11012382024
2019-09-10,0.25969,0.263649,0.256105,0.258671,975503111,11129180970
2019-09-09,0.263247,0.263694,0.257643,0.259562,1157441363,11157198091
2019-09-08,0.260777,0.264973,0.25927,0.263084,1043077809,11308589245
2019-09-07,0.252411,0.262488,0.251273,0.260687,962765309,11205531353
2019-09-06,0.256269,0.259332,0.250805,0.25234,1063044201,10846757543
2019-09-05,0.259912,0.260707,0.25496,0.256346,1050490375,11018940997
2019-09-04,0.263185,0.263185,0.258212,0.259905,1068332805,11171918974
2019-09-03,0.260838,0.265279,0.258163,0.263139,1162545093,11310944375
2019-09-02,0.258064,0.262465,0.254383,0.26082,1044772829,11211279067
2019-09-01,0.259171,0.259659,0.254306,0.258054,825579908,11092364972
2019-08-31,0.256195,0.260507,0.255454,0.259204,845142390,11141812866
2019-08-30,0.256951,0.257325,0.252734,0.256218,997071647,11013445816
2019-08-29,0.257461,0.261091,0.249951,0.257045,1279995807,11035685652
2019-08-28,0.269583,0.270293,0.252948,0.25745,1275267910,11053053032
2019-08-27,0.270899,0.271042,0.266216,0.269618,1028940804,11575485111
2019-08-26,0.269946,0.277432,0.268575,0.270788,1332395984,11625706519
2019-08-25,0.272612,0.274924,0.267954,0.270088,964693737,11589356109
2019-08-24,0.276543,0.276543,0.267527,0.272553,934380519,11695124196
2019-08-23,0.270575,0.277568,0.26856,0.276545,999419343,11866405277
2019-08-22,0.265802,0.273342,0.261967,0.270944,1065712731,11620983953
2019-08-21,0.275765,0.275765,0.260688,0.266261,1164536124,11420125836
2019-08-20,0.283159,0.283241,0.273442,0.275806,1056822925,11829516782
2019-08-19,0.28229,0.289091,0.278425,0.283328,1241578947,12152144825
2019-08-18,0.265714,0.288718,0.263579,0.282646,1216547019,12122901988
2019-08-17,0.261885,0.268046,0.259252,0.265721,1004931822,11396948393
2019-08-16,0.265075,0.265452,0.256977,0.261971,1133224404,11236137963
2019-08-15,0.263707,0.268241,0.256112,0.264882,1342788578,11360984400
2019-08-14,0.296719,0.29722,0.25239,0.263343,1794754610,11294964982
2019-08-13,0.300661,0.301178,0.293562,0.296639,853175560,12723035972
2019-08-12,0.302169,0.303528,0.298506,0.300322,762308356,12881006909
2019-08-11,0.298566,0.306181,0.296911,0.301915,838671654,12943909474
2019-08-10,0.297245,0.304747,0.293443,0.298721,1077459339,12806941381
2019-08-09,0.307567,0.308218,0.293271,0.297343,1021136188,12747895720
2019-08-08,0.311785,0.312618,0.305112,0.307661,907305889,13190251227
2019-08-07,0.311492,0.315573,0.30872,0.311969,967534123,13374954845
2019-08-06,0.324018,0.324946,0.308895,0.311326,1069603911,13347360882
2019-08-05,0.319723,0.331414,0.31941,0.323564,1203381139,13872050658
2019-08-04,0.316862,0.322925,0.312325,0.319842,926896287,13712472285
2019-08-03,0.312506,0.319651,0.311696,0.316757,789419360,13580218029
2019-08-02,0.317809,0.318876,0.310844,0.312394,816728848,13393149204
2019-08-01,0.320734,0.320851,0.313134,0.317906,882867288,13629460730
2019-07-31,0.317887,0.322465,0.317244,0.320909,996700948,13758215467
2019-07-30,0.31109,0.320407,0.307865,0.31847,928714010,13653644725
2019-07-29,0.311996,0.313812,0.30802,0.310658,807093679,13318731525
2019-07-28,0.310631,0.312774,0.30411,0.312288,846655034,13376153627
2019-07-27,0.323512,0.326285,0.307301,0.310528,1163969614,13300742951
2019-07-26,0.31474,0.324508,0.30972,0.32353,1039753781,13857657307
2019-07-25,0.315859,0.321363,0.313881,0.31481,1086214216,13484184546
2019-07-24,0.309885,0.316471,0.305276,0.315947,1222619064,13532870285
2019-07-23,0.322267,0.322349,0.307652,0.309926,1015322888,13274967598
2019-07-22,0.331368,0.33167,0.318133,0.322106,1079720970,13796653786
2019-07-21,0.333682,0.33587,0.323308,0.331309,1045044900,14190843704
2019-07-20,0.32049,0.340477,0.320079,0.333209,1288327249,14272232666
2019-07-19,0.322964,0.324509,0.314147,0.320605,1181194676,13732383140
2019-07-18,0.310748,0.326506,0.306624,0.323176,1460358426,13842515320
2019-07-17,0.296762,0.322181,0.29455,0.310613,2478342585,13304378913
2019-07-16,0.315186,0.320242,0.291294,0.296726,1527503243,12630613062
2019-07-15,0.306575,0.321783,0.298669,0.31531,1638295919,13421671800
2019-07-14,0.332685,0.334864,0.305326,0.306426,1365358144,13043521742
2019-07-13,0.344704,0.345083,0.325289,0.332179,1076509239,14139724265
2019-07-12,0.330343,0.349789,0.323298,0.344118,1641965115,14647922420
2019-07-11,0.363446,0.363634,0.322926,0.330335,2056220396,14061255160
2019-07-10,0.394857,0.39792,0.352078,0.363775,2300685763,15484656712
2019-07-09,0.401645,0.406549,0.391286,0.394168,1413299253,16778394835
2019-07-08,0.397261,0.40269,0.392328,0.401533,1253488309,17091878214
2019-07-07,0.389503,0.398887,0.387624,0.397047,1210813690,16900947895
2019-07-06,0.379139,0.408374,0.378463,0.389055,1521409875,16560748581
2019-07-05,0.388729,0.388729,0.375611,0.378964,1286860595,16131219596
2019-07-04,0.408316,0.408655,0.387974,0.388719,1385563454,16546425930
2019-07-03,0.400178,0.409239,0.396724,0.408532,1436716899,17389810699
2019-07-02,0.406414,0.409737,0.384477,0.400204,1676193189,17035325314
2019-07-01,0.3959,0.417618,0.389673,0.406862,1783852226,17318727257
2019-06-30,0.42918,0.42918,0.396411,0.396411,1570726856,16873846275
2019-06-29,0.427877,0.429711,0.405958,0.429378,1775096156,18277144071
2019-06-28,0.409027,0.427994,0.402158,0.427315,1974643651,18189360758
2019-06-27,0.467701,0.470648,0.395387,0.408754,3038678719,17399283014
2019-06-26,0.468444,0.49431,0.460844,0.467451,3581004665,19897799407
2019-06-25,0.470534,0.473553,0.458875,0.468229,1958460938,19930916236
2019-06-24,0.468564,0.472181,0.452162,0.470088,1641873591,20010034989
2019-06-23,0.474858,0.488133,0.465424,0.468291,2114801632,19903281582
2019-06-22,0.443629,0.505467,0.442571,0.474764,3641363867,20178408968
2019-06-21,0.429813,0.446312,0.429535,0.443188,1546835769,18836369764
2019-06-20,0.436565,0.436714,0.423504,0.429823,1296288449,18268310634
2019-06-19,0.428757,0.438121,0.426449,0.436817,1150637870,18565554265
2019-06-18,0.447815,0.454499,0.423634,0.428761,1832910177,18223194815
2019-06-17,0.427161,0.459385,0.427092,0.44808,1979014573,19044270772
2019-06-16,0.410535,0.438876,0.408303,0.427516,1981370152,18170284661
2019-06-15,0.405759,0.412854,0.403475,0.410419,1344741903,17443622689
2019-06-14,0.400839,0.407512,0.393815,0.405921,1262403987,17252452725
2019-06-13,0.401696,0.407459,0.399352,0.400887,1209093571,17038475489
2019-06-12,0.394351,0.403183,0.390625,0.40176,1221700743,17075593029
2019-06-11,0.400674,0.402053,0.387196,0.394261,1186383476,16653166702
2019-06-10,0.388186,0.404672,0.383885,0.400427,1477656039,16913630345
2019-06-09,0.412689,0.413613,0.379967,0.388266,1575002838,16399949893
2019-06-08,0.423261,0.425115,0.407667,0.412411,1244578044,17419805679
2019-06-07,0.419548,0.430532,0.416001,0.42313,1659632775,17872581318
2019-06-06,0.402333,0.420554,0.394918,0.41954,2014934546,17720913432
2019-06-05,0.400272,0.407157,0.392688,0.402732,1768216479,16988033342
2019-06-04,0.425415,0.425415,0.391093,0.400667,2537240038,16900917006
2019-06-03,0.444674,0.459579,0.424949,0.425764,2544969218,17959558304
2019-06-02,0.430953,0.445865,0.429799,0.444785,1595105832,18761924960
2019-06-01,0.438711,0.440843,0.424181,0.430583,1740720642,18162849086
2019-05-31,0.422332,0.440177,0.412928,0.438574,2225730799,18499916713
2019-05-30,0.443786,0.469458,0.413677,0.422395,3527827315,17789891580
2019-05-29,0.446747,0.453277,0.424314,0.443713,2538438749,18687708968
2019-05-28,0.433781,0.453887,0.421021,0.446549,3193961851,18807161864
2019-05-27,0.408397,0.440374,0.407021,0.434168,2736949591,18285708015
2019-05-26,0.387129,0.409859,0.379447,0.408413,1848938650,17200982210
2019-05-25,0.384804,0.3936,0.383478,0.38704,1363572843,16300831593
2019-05-24,0.381313,0.392683,0.374502,0.384541,1872678192,16195609303
2019-05-23,0.376736,0.383126,0.366805,0.381204,1595345471,16055052179
2019-05-22,0.397493,0.407428,0.373879,0.376637,2028827460,15862699533
2019-05-21,0.398209,0.403105,0.389302,0.397603,1811582122,16745727273
2019-05-20,0.417456,0.417456,0.384647,0.398003,2258366889,16762548744
2019-05-19,0.372647,0.423387,0.370944,0.4177,2803922255,17599092589
2019-05-18,0.388622,0.391527,0.368175,0.372736,1866646601,15704580785
2019-05-17,0.419676,0.423509,0.366435,0.386193,3644156225,16271598326
2019-05-16,0.455692,0.474619,0.401363,0.419707,4730708975,17683635997
2019-05-15,0.408673,0.460802,0.407264,0.456005,4535603094,19212993088
2019-05-14,0.325111,0.417289,0.323816,0.409062,5834207845,17235125077
2019-05-13,0.310118,0.330486,0.308434,0.325475,1973949373,13713341569
2019-05-12,0.324265,0.327684,0.307292,0.310074,2000224167,13064438400
2019-05-11,0.300312,0.336324,0.300172,0.324543,2226303541,13674087917
2019-05-10,0.296523,0.302207,0.294114,0.300387,1057594529,12656310572
2019-05-09,0.300582,0.302173,0.294397,0.296509,857521678,12492913760
2019-05-08,0.299022,0.3015,0.297536,0.300721,927526280,12670380604
2019-05-07,0.302092,0.306428,0.299478,0.299684,1082385112,12626698623
2019-05-06,0.302275,0.305754,0.296443,0.302389,1048970512,12726677734
2019-05-05,0.304628,0.305519,0.299611,0.302342,805245812,12724692457
2019-05-04,0.308173,0.315657,0.300752,0.304552,1162919063,12817676080
2019-05-03,0.303232,0.313298,0.301475,0.308222,1221399046,12972165512
2019-05-02,0.304735,0.305553,0.302567,0.303239,890538619,12737560179
2019-05-01,0.30949,0.311585,0.302282,0.304696,914654614,12798744397
2019-04-30,0.29432,0.311631,0.293542,0.309476,1229331267,12999538690
2019-04-29,0.297422,0.299848,0.291652,0.294289,890911784,12361611828
2019-04-28,0.296865,0.300466,0.295339,0.297426,721572911,12493351058
2019-04-27,0.298541,0.300304,0.295307,0.296741,785963315,12464603664
2019-04-26,0.289838,0.29902,0.287485,0.298502,1226933036,12538573521
2019-04-25,0.302224,0.306162,0.287667,0.289384,1191205196,12155572105
2019-04-24,0.321114,0.321282,0.296982,0.302318,1517791002,12698877293
2019-04-23,0.323844,0.328396,0.320919,0.321222,1077333990,13492933875
2019-04-22,0.322277,0.32935,0.320237,0.323934,1131094080,13606823301
2019-04-21,0.328678,0.329627,0.318746,0.322449,1005803846,13533407430
2019-04-20,0.331871,0.333213,0.324969,0.328476,931570799,13786384592
2019-04-19,0.337062,0.337147,0.329577,0.331902,1025167554,13930181415
2019-04-18,0.335476,0.345289,0.335335,0.337065,1092731769,14146855828
2019-04-17,0.327157,0.340327,0.322388,0.335453,1137811633,14079207980
2019-04-16,0.320998,0.327308,0.319261,0.327218,799796781,13733570917
2019-04-15,0.328841,0.331551,0.31809,0.320913,934107164,13468978197
2019-04-14,0.32616,0.329421,0.324244,0.328809,746765729,13741639599
2019-04-13,0.326386,0.334444,0.323714,0.326031,976688780,13625508289
2019-04-12,0.330664,0.330868,0.321167,0.326346,1076074031,13638700669
2019-04-11,0.354828,0.354851,0.326826,0.330984,1641951210,13832528015
2019-04-10,0.349425,0.359778,0.348709,0.354792,1213341089,14827516669
2019-04-09,0.358307,0.358307,0.348536,0.349462,1076688924,14604743889
2019-04-08,0.361143,0.367036,0.351588,0.358234,1513421926,14971342083
2019-04-07,0.354406,0.365387,0.351689,0.359856,1398086395,15021731305
2019-04-06,0.361837,0.363441,0.351168,0.354405,1440643534,14794185026
2019-04-05,0.332685,0.374064,0.33263,0.361803,2359353481,15103004666
2019-04-04,0.342286,0.348977,0.32907,0.332513,1599115419,13880340560
2019-04-03,0.351309,0.37127,0.333735,0.342234,2544122431,14286134859
2019-04-02,0.312805,0.35587,0.312001,0.351499,2400198268,14672900148
2019-04-01,0.309195,0.313777,0.30891,0.312747,836123225,13043585711
2019-03-31,0.31073,0.311171,0.30815,0.309229,652757652,12896872922
2019-03-30,0.307655,0.326784,0.306873,0.310632,929122633,12955391175
2019-03-29,0.309269,0.311644,0.306235,0.307929,854583316,12842645325
2019-03-28,0.312383,0.312452,0.307085,0.309246,677929379,12897607540
2019-03-27,0.305421,0.312615,0.304067,0.312465,781951318,13031827698
2019-03-26,0.303808,0.30506,0.298987,0.30506,761000017,12722986423
2019-03-25,0.309446,0.309736,0.301453,0.304055,750245385,12681109120
2019-03-24,0.312396,0.312453,0.308168,0.308992,649754894,12874448652
2019-03-23,0.311343,0.313666,0.31013,0.312359,611853725,13014768156
2019-03-22,0.311342,0.315092,0.310141,0.311541,687711343,12980675768
2019-03-21,0.31996,0.32085,0.309338,0.312718,824129023,13029696678
2019-03-20,0.319346,0.320777,0.314781,0.31961,794566633,13316885397
2019-03-19,0.316756,0.320595,0.315351,0.319281,672954616,13228510122
2019-03-18,0.317716,0.320667,0.314653,0.31744,692176696,13152224850
2019-03-17,0.320387,0.320739,0.316497,0.317612,530234054,13159356178
2019-03-16,0.315066,0.322413,0.314838,0.320468,759396360,13277693053
2019-03-15,0.312733,0.316065,0.311575,0.315052,636037517,13053269086
2019-03-14,0.31387,0.316362,0.311307,0.312955,706966032,12966405951
2019-03-13,0.310611,0.320114,0.30866,0.314098,827163024,13013743791
2019-03-12,0.311138,0.311773,0.307536,0.310201,581106367,12852289140
2019-03-11,0.313175,0.314576,0.309417,0.311065,671951311,12888076063
2019-03-10,0.314266,0.315795,0.311095,0.313107,620043949,12972692491
2019-03-09,0.309751,0.317748,0.309367,0.313826,763946051,13002493406
2019-03-08,0.315044,0.316385,0.308828,0.310087,680461375,12847588532
2019-03-07,0.317192,0.319898,0.314548,0.314766,716447226,13041438381
2019-03-06,0.316674,0.320833,0.311987,0.317031,750399371,13135275499
2019-03-05,0.305095,0.317879,0.304082,0.316507,786832982,13113543971
2019-03-04,0.312021,0.31312,0.302677,0.305133,647905632,12642316836
2019-03-03,0.314857,0.3165,0.310925,0.312554,548503372,12949767221
2019-03-02,0.316911,0.319301,0.312747,0.315126,604560086,13056329959
2019-03-01,0.315066,0.323946,0.31362,0.317312,752723591,13146898194
2019-02-28,0.313115,0.317004,0.311435,0.315078,734041245,13033383006
2019-02-27,0.319677,0.322419,0.308662,0.313106,716326029,12951843120
2019-02-26,0.327779,0.33431,0.316865,0.319477,881257178,13215356893
2019-02-25,0.300708,0.337855,0.300708,0.32851,1060838440,13589015145
2019-02-24,0.332942,0.341581,0.299331,0.301443,1117884486,12469397085
2019-02-23,0.321314,0.333893,0.318241,0.33262,638747256,13759017838
2019-02-22,0.321449,0.32344,0.318165,0.321904,570898964,13315770282
2019-02-21,0.332869,0.332869,0.319201,0.321291,634536385,13272215549
2019-02-20,0.323572,0.333607,0.320995,0.33288,777173685,13750925866
2019-02-19,0.321427,0.343676,0.320942,0.323768,1135384190,13374527524
2019-02-18,0.303084,0.327739,0.302557,0.321568,887187377,13251207947
2019-02-17,0.301571,0.304934,0.299235,0.30337,427237164,12501307769
2019-02-16,0.301602,0.303516,0.300731,0.301703,379011431,12432602528
2019-02-15,0.302129,0.304614,0.299583,0.301759,426310729,12434893660
2019-02-14,0.304017,0.3061,0.301514,0.301909,418928960,12441105391
2019-02-13,0.305429,0.311322,0.302188,0.304284,494653115,12538960413
2019-02-12,0.302569,0.307477,0.299579,0.30519,472806810,12576315747
2019-02-11,0.310034,0.310034,0.302741,0.302741,474495062,12475397374
2019-02-10,0.311253,0.31134,0.302092,0.309909,495640831,12758715490
2019-02-09,0.311578,0.313414,0.30756,0.311284,461638795,12815309888
2019-02-08,0.291668,0.315308,0.290119,0.311683,683014535,12831745667
2019-02-07,0.290691,0.294617,0.290445,0.291618,368034283,12005682182
2019-02-06,0.29943,0.299491,0.290419,0.290727,456205130,11969011802
2019-02-05,0.299763,0.301278,0.29721,0.299239,424722760,12319438868
2019-02-04,0.30258,0.305059,0.299364,0.300198,418384497,12358907415
2019-02-03,0.310429,0.311238,0.29937,0.302352,438357004,12445862137
2019-02-02,0.308326,0.311578,0.305231,0.310912,429425320,12798226062
2019-02-01,0.310839,0.311895,0.299399,0.308517,564486615,12699646520
2019-01-31,0.320704,0.333835,0.305866,0.310036,780304474,12762148539
2019-01-30,0.289425,0.324064,0.287915,0.320461,753787392,13191291588
2019-01-29,0.29506,0.296216,0.285888,0.289558,454631055,11919217295
2019-01-28,0.30936,0.309878,0.286563,0.294863,584796818,12137576987
2019-01-27,0.314854,0.315266,0.308366,0.309439,362599965,12737591539
2019-01-26,0.31726,0.319326,0.314235,0.314235,346413648,12935008078
2019-01-25,0.317859,0.319069,0.313824,0.317165,360076505,13016563843
2019-01-24,0.316416,0.318896,0.314433,0.317598,344960253,13034332606
2019-01-23,0.319566,0.320303,0.314923,0.316492,375671478,12988961767
2019-01-22,0.321078,0.321078,0.313455,0.319491,434125854,13112032408
2019-01-21,0.321179,0.322593,0.317439,0.32079,363940431,13165341827
2019-01-20,0.33122,0.332147,0.317609,0.321177,407205881,13181215054
2019-01-19,0.325702,0.333749,0.324911,0.331001,420070097,13584427086
2019-01-18,0.329196,0.329494,0.321856,0.324277,376280714,13308451031
2019-01-17,0.32969,0.330162,0.32574,0.329353,433446502,13516769990
2019-01-16,0.326946,0.334796,0.326174,0.329701,438731638,13531060365
2019-01-15,0.333912,0.3365,0.324011,0.327179,429283720,13427555274
2019-01-14,0.318354,0.337942,0.318354,0.333766,545540174,13697899741
2019-01-13,0.328662,0.333596,0.317098,0.317863,452358902,13045216854
2019-01-12,0.333004,0.336381,0.328033,0.3288,376386863,13494075804
2019-01-11,0.331284,0.337726,0.327914,0.332904,501054509,13662512032
2019-01-10,0.371464,0.381949,0.327159,0.332652,839535352,13652158155
2019-01-09,0.365886,0.373522,0.364756,0.37089,455908708,15130140419
2019-01-08,0.36442,0.370992,0.360734,0.365315,499493490,14902699115
2019-01-07,0.368854,0.37791,0.363387,0.364347,499028522,14863201414
2019-01-06,0.35475,0.36966,0.352589,0.368395,492558794,15028369642
2019-01-05,0.356347,0.361069,0.353987,0.355275,452090239,14493133457
2019-01-04,0.359753,0.364642,0.352785,0.356747,450633876,14553198221
2019-01-03,0.374505,0.374505,0.357675,0.360224,438873803,14695011676
2019-01-02,0.365675,0.378021,0.359574,0.375243,543216669,15307691624
2019-01-01,0.352512,0.364771,0.350402,0.364771,449347622,14880496658
2018-12-31,0.371051,0.373793,0.350787,0.352706,501793515,14388351240
2018-12-30,0.365248,0.371147,0.362264,0.369581,486955034,15076740856
2018-12-29,0.378346,0.383937,0.36708,0.367252,617892297,14981716068
2018-12-28,0.341807,0.379416,0.339139,0.376852,765420103,15373342678
2018-12-27,0.379106,0.379608,0.336282,0.341162,575821047,13917404309
2018-12-26,0.379991,0.391334,0.363441,0.378693,690588635,15448432552
2018-12-25,0.408439,0.408439,0.369362,0.380872,955306080,15537325695
2018-12-24,0.372398,0.448477,0.372398,0.406799,1688430313,16594994618
2018-12-23,0.363045,0.381476,0.361807,0.37127,634162707,15145652798
2018-12-22,0.358885,0.362968,0.34987,0.362308,487175830,14780047340
2018-12-21,0.376756,0.384089,0.354035,0.35857,724747471,14627554926
2018-12-20,0.347361,0.388974,0.347056,0.378199,1006287680,15416266366
2018-12-19,0.35506,0.39333,0.348201,0.351956,1041279272,14346541679
2018-12-18,0.329022,0.350162,0.325291,0.350162,753758217,14273429559
2018-12-17,0.288101,0.336501,0.286942,0.328453,639336585,13388520904
2018-12-16,0.285911,0.294169,0.28589,0.287929,316135928,11784050729
2018-12-15,0.288699,0.291372,0.282523,0.285883,277696890,11700328892
2018-12-14,0.299972,0.30015,0.285112,0.28879,320266797,11819314866
2018-12-13,0.30766,0.3078,0.298118,0.300026,303413883,12279148093
2018-12-12,0.300671,0.31115,0.300671,0.307323,370325300,12577803841
2018-12-11,0.3031,0.310343,0.298095,0.301345,394872461,12333147092
2018-12-10,0.313485,0.31621,0.3006,0.303766,386627711,12432208489
2018-12-09,0.306451,0.320144,0.304666,0.31337,430122747,12825284624
2018-12-08,0.30244,0.318185,0.297232,0.307269,463529471,12575595451
2018-12-07,0.310837,0.311059,0.291351,0.301997,667331347,12359838916
2018-12-06,0.337083,0.342495,0.31036,0.310936,517551018,12539238458
2018-12-05,0.352353,0.353309,0.338242,0.338242,400526135,13640400736
2018-12-04,0.348534,0.361431,0.342528,0.352231,445334425,14204552399
2018-12-03,0.368598,0.368598,0.346975,0.348754,392651603,14064337569
2018-12-02,0.372162,0.378392,0.365732,0.367627,335732170,14825428858
2018-12-01,0.362557,0.377056,0.357083,0.372906,397266566,15038289184
2018-11-30,0.380538,0.381019,0.355205,0.362455,512041152,14616841112
2018-11-29,0.391862,0.392465,0.373789,0.379562,629900577,15306739230
2018-11-28,0.360313,0.401583,0.360313,0.390557,774818000,15750125594
2018-11-27,0.353977,0.367645,0.342991,0.360163,600169000,14524416370
2018-11-26,0.375553,0.388696,0.342019,0.355451,1032000000,14334393936
2018-11-25,0.374511,0.386333,0.324953,0.374551,1296590000,15104646163
2018-11-24,0.407844,0.416762,0.367354,0.375336,626279000,15136303126
2018-11-23,0.425209,0.428205,0.398046,0.407428,774083000,16430488176
2018-11-22,0.447948,0.448206,0.42608,0.42608,480044000,17182673753
2018-11-21,0.436492,0.456144,0.41678,0.447651,858303000,18052574841
2018-11-20,0.480279,0.496516,0.423672,0.434726,1538310000,17531343950
2018-11-19,0.510127,0.510127,0.472305,0.478166,1297340000,19283163673
2018-11-18,0.493419,0.522133,0.49033,0.510473,884280000,20557640500
2018-11-17,0.472323,0.49673,0.466813,0.491654,607453000,19799766457
2018-11-16,0.479232,0.485082,0.463771,0.471609,593572000,18992519249
2018-11-15,0.472378,0.484565,0.432724,0.481708,965997000,19399223642
2018-11-14,0.508372,0.510646,0.430398,0.474372,980604000,19103790091
2018-11-13,0.516663,0.525145,0.50552,0.510112,521675000,20509312471
2018-11-12,0.507833,0.525536,0.500816,0.517165,605042000,20792881924
2018-11-11,0.506895,0.508318,0.49693,0.505913,292675000,20340489540
2018-11-10,0.5003,0.511176,0.499791,0.506698,328038000,20372050864
2018-11-09,0.492847,0.515509,0.492847,0.500668,509865000,20129611646
2018-11-08,0.53664,0.539282,0.491286,0.493508,686221000,19841740204
2018-11-07,0.549319,0.549319,0.524965,0.535707,631230000,21538372467
2018-11-06,0.497102,0.560547,0.497102,0.54908,1333160000,21639288294
2018-11-05,0.461444,0.497412,0.460769,0.497412,556519000,19998705113
2018-11-04,0.455225,0.470722,0.449935,0.462691,429629000,18602729463
2018-11-03,0.458899,0.459135,0.454453,0.455667,275311000,18320325933
2018-11-02,0.456506,0.461451,0.455729,0.458685,401300000,18441666174
2018-11-01,0.44862,0.456303,0.446069,0.455722,346501000,18322537236
2018-10-31,0.445268,0.450401,0.43876,0.448382,367008000,18027428764
2018-10-30,0.441968,0.448306,0.44088,0.444759,245858000,17881764186
2018-10-29,0.461598,0.462128,0.437057,0.441514,341648000,17751297294
2018-10-28,0.457169,0.463931,0.455456,0.462406,280005000,18591270891
2018-10-27,0.459176,0.460376,0.455284,0.456348,211006000,18347705888
2018-10-26,0.456961,0.460288,0.453618,0.459288,235514000,18465910099
2018-10-25,0.45578,0.462766,0.452681,0.458052,273380000,18416216084
2018-10-24,0.461505,0.46707,0.454497,0.457237,295115000,18288398359
2018-10-23,0.45307,0.471596,0.439644,0.462058,445238000,18481226954
2018-10-22,0.456089,0.458188,0.450583,0.453109,249302000,18123288124
2018-10-21,0.458863,0.463629,0.455411,0.456694,262867000,18266679643
2018-10-20,0.453936,0.461899,0.45107,0.459151,277061000,18364953831
2018-10-19,0.457344,0.460625,0.450369,0.454178,303401000,18166045595
2018-10-18,0.467653,0.474622,0.447294,0.457725,476876000,18307917204
2018-10-17,0.469701,0.478521,0.460343,0.468197,526538000,18726772432
2018-10-16,0.448066,0.47099,0.445319,0.470253,605102000,18809007568
2018-10-15,0.401654,0.472133,0.396701,0.447316,1041470000,17891581828
2018-10-14,0.418573,0.424992,0.40146,0.403286,289195000,16130485985
2018-10-13,0.416294,0.425624,0.414515,0.418878,373875000,16754129101
2018-10-12,0.379313,0.439544,0.378914,0.419115,820154000,16763608540
2018-10-11,0.461497,0.461497,0.381614,0.38313,791202000,15324293667
2018-10-10,0.479151,0.479151,0.459042,0.462387,412207000,18494386176
2018-10-09,0.490604,0.491133,0.471116,0.479857,416867000,19163286273
2018-10-08,0.484018,0.496593,0.479386,0.489751,540832000,19558407224
2018-10-07,0.490268,0.490268,0.469887,0.482039,548645000,19250425338
2018-10-06,0.519354,0.520882,0.470532,0.488082,672167000,19491755024
2018-10-05,0.52753,0.530432,0.51032,0.519026,589636000,20727516366
2018-10-04,0.528892,0.547161,0.52625,0.526606,621615000,21030226778
2018-10-03,0.51722,0.536097,0.512269,0.528162,789229000,21092366276
2018-10-02,0.577145,0.577145,0.518287,0.520837,743705000,20799839394
2018-10-01,0.583511,0.602337,0.537349,0.576461,1412800000,23021206668
2018-09-30,0.568045,0.618702,0.564195,0.581572,1329720000,23187803288
2018-09-29,0.539412,0.587431,0.529954,0.571228,1034370000,22775378623
2018-09-28,0.54303,0.548805,0.522197,0.539112,718255000,21494884565
2018-09-27,0.516478,0.550922,0.513967,0.541381,824083000,21585351654
2018-09-26,0.520288,0.566711,0.491498,0.516308,1821610000,20585668395
2018-09-25,0.487622,0.546061,0.441519,0.526941,1639680000,21009615753
2018-09-24,0.570614,0.580377,0.489646,0.494712,1034380000,19724616282
2018-09-23,0.57522,0.595025,0.559651,0.570689,1043970000,22718597839
2018-09-22,0.565468,0.609112,0.495737,0.570798,2411430000,22722937028
2018-09-21,0.452836,0.76938,0.429052,0.561462,4101490000,22351279558
2018-09-20,0.326441,0.477467,0.322347,0.449918,1291360000,17910816754
2018-09-19,0.320324,0.334734,0.313853,0.326053,489609000,12979866409
2018-09-18,0.271452,0.332653,0.27101,0.32186,600216000,12812946983
2018-09-17,0.281545,0.283361,0.268184,0.272251,246489000,10838058873
2018-09-16,0.281723,0.281846,0.276549,0.281166,197009000,11192956724
2018-09-15,0.277006,0.283564,0.276765,0.282008,205361000,11226475960
2018-09-14,0.281184,0.284941,0.273855,0.277159,269029000,11033441784
2018-09-13,0.270783,0.284655,0.267846,0.280583,311799000,11142751261
2018-09-12,0.263166,0.272626,0.255756,0.270087,298449000,10725925163
2018-09-11,0.270167,0.274917,0.255917,0.26371,200330000,10472676303
2018-09-10,0.280237,0.282113,0.26382,0.270321,204958000,10735217970
2018-09-09,0.278661,0.291261,0.274478,0.27868,168991000,11049704672
2018-09-08,0.291119,0.296207,0.273789,0.279333,169208000,11075596222
2018-09-07,0.301431,0.305307,0.287287,0.291435,213961000,11555442375
2018-09-06,0.2835,0.305327,0.276112,0.30271,329763000,12002497851
2018-09-05,0.331465,0.3341,0.283601,0.283601,344488000,11244823075
2018-09-04,0.335184,0.34032,0.330305,0.331652,241419000,13150052583
2018-09-03,0.343137,0.343684,0.334542,0.335961,201147000,13320905093
2018-09-02,0.347323,0.349541,0.338393,0.342523,240907000,13581089398
2018-09-01,0.335313,0.352657,0.334467,0.347721,257267000,13787190893
2018-08-31,0.335474,0.338988,0.328373,0.335332,219139000,13295965146
2018-08-30,0.344546,0.34664,0.325641,0.335444,263925000,13300405964
2018-08-29,0.350833,0.353745,0.341238,0.344803,275908000,13671491747
2018-08-28,0.337527,0.356798,0.334971,0.351837,329550000,13939151831
2018-08-27,0.323643,0.337781,0.323066,0.336903,227284000,13347493496
2018-08-26,0.328162,0.328327,0.320571,0.323776,168718000,12797087412
2018-08-25,0.32765,0.33153,0.324468,0.32823,167363000,12973129575
2018-08-24,0.32739,0.328584,0.318217,0.327606,244571000,12948466281
2018-08-23,0.319573,0.328813,0.319176,0.327709,217578000,12952537306
2018-08-22,0.334434,0.350122,0.316613,0.319803,286845000,12640056538
2018-08-21,0.318219,0.3381,0.316983,0.335177,248735000,13196722736
2018-08-20,0.344451,0.351689,0.317692,0.319283,311144000,12570937819
2018-08-19,0.327363,0.353079,0.321945,0.343978,327300000,13543239224
2018-08-18,0.363027,0.369954,0.317115,0.3271,434332000,12878711866
2018-08-17,0.292808,0.373619,0.292766,0.366676,497206000,14436913947
2018-08-16,0.282034,0.300958,0.278203,0.292436,238219000,11513907011
2018-08-15,0.276797,0.301744,0.276797,0.282005,332432000,11103213512
2018-08-14,0.278738,0.279615,0.253983,0.274272,276768000,10798746747
2018-08-13,0.297572,0.31068,0.276544,0.277466,235117000,10924502191
2018-08-12,0.300604,0.309376,0.297057,0.29787,178827000,11706253644
2018-08-11,0.321122,0.32121,0.291582,0.301262,284423000,11839558819
2018-08-10,0.346167,0.347973,0.316909,0.320426,249264000,12592701615
2018-08-09,0.333771,0.359654,0.332608,0.346771,325775000,13628056811
2018-08-08,0.380875,0.380875,0.326996,0.331944,360857000,13045357571
2018-08-07,0.413776,0.415917,0.379526,0.381006,244448000,14973488018
2018-08-06,0.433886,0.435794,0.40668,0.414081,242075000,16273331370
2018-08-05,0.42858,0.434594,0.427522,0.433638,186848000,17041919018
2018-08-04,0.441039,0.443058,0.427125,0.428507,185678000,16840271361
2018-08-03,0.430397,0.443633,0.426481,0.440571,278870000,17314385048
2018-08-02,0.447016,0.447645,0.429939,0.430254,204898000,16915730078
2018-08-01,0.435562,0.459134,0.427168,0.445852,323200000,17528976109
2018-07-31,0.445892,0.446124,0.427753,0.435225,228767000,17111168341
2018-07-30,0.453469,0.454549,0.436964,0.446107,247714000,17539001608
2018-07-29,0.456606,0.45714,0.450249,0.453306,191966000,17822035214
2018-07-28,0.454599,0.45617,0.449695,0.453667,157346000,17836228176
2018-07-27,0.449623,0.459486,0.445224,0.453635,203720992,17834970074
2018-07-26,0.459447,0.466983,0.446849,0.44992,199587008,17688912310
2018-07-25,0.455842,0.465526,0.450719,0.459829,255872000,18078491417
2018-07-24,0.445559,0.466819,0.438565,0.457623,319956000,17991761019
2018-07-23,0.449121,0.461783,0.444498,0.445276,194542000,17506330276
2018-07-22,0.455002,0.460989,0.44914,0.449311,158906000,17664969058
2018-07-21,0.446219,0.458755,0.438318,0.45541,180339008,17904755412
2018-07-20,0.476485,0.476485,0.436483,0.446994,295403008,17573874620
2018-07-19,0.487577,0.491237,0.471724,0.476433,293942016,18731289026
2018-07-18,0.505118,0.51956,0.477234,0.486389,367988992,19096821224
2018-07-17,0.481301,0.516604,0.470048,0.505587,347700000,19850581637
2018-07-16,0.446413,0.483401,0.444505,0.483401,269283008,18979505039
2018-07-15,0.439095,0.448987,0.437194,0.445894,152903008,17506888525
2018-07-14,0.438561,0.441646,0.433895,0.439271,134840992,17246853353
2018-07-13,0.436514,0.444508,0.434805,0.438741,179403008,17226044258
2018-07-12,0.449882,0.449972,0.428033,0.435364,182139008,17093454982
2018-07-11,0.445127,0.452545,0.443574,0.450233,183887008,17677248272
2018-07-10,0.473855,0.474336,0.443261,0.445042,230418000,17473436922
2018-07-09,0.477291,0.480774,0.472653,0.47427,206344992,18620999656
2018-07-08,0.492319,0.494895,0.475966,0.477749,226644000,18757593701
2018-07-07,0.478617,0.492477,0.467716,0.492477,214979008,19335850987
2018-07-06,0.480579,0.481473,0.462414,0.479151,245003008,18812639649
2018-07-05,0.490422,0.497402,0.472966,0.481625,279999008,18909774937
2018-07-04,0.485584,0.503604,0.475774,0.490043,313828992,19240115961
2018-07-03,0.486259,0.515696,0.480843,0.485223,410225984,19050872652
2018-07-02,0.461606,0.488924,0.453839,0.486122,335919008,19086169278
2018-07-01,0.465944,0.46628,0.450816,0.461358,267224992,18113882700
2018-06-30,0.454112,0.480147,0.454112,0.466245,345528992,18305756569
2018-06-29,0.448354,0.45834,0.427302,0.45308,309777984,17788871058
2018-06-28,0.47033,0.471683,0.44575,0.448458,220566000,17607401644
2018-06-27,0.455551,0.472758,0.45196,0.47037,215618000,18467712721
2018-06-26,0.482381,0.482872,0.456001,0.456001,179426000,17903549770
2018-06-25,0.477106,0.49111,0.47556,0.481753,231728992,18914626969
2018-06-24,0.491773,0.493725,0.450048,0.47738,369520000,18734923547
2018-06-23,0.487309,0.496713,0.480874,0.491284,204927008,19280590263
2018-06-22,0.535091,0.535091,0.477286,0.486947,339428992,19110383377
2018-06-21,0.539228,0.547007,0.530697,0.534775,194312000,20987407809
2018-06-20,0.549738,0.550554,0.525859,0.539286,256920000,21164443378
2018-06-19,0.538614,0.558059,0.534595,0.549621,255400000,21570043602
2018-06-18,0.52882,0.547794,0.511833,0.537495,276527008,21094155037
2018-06-17,0.535536,0.538881,0.525215,0.528216,166028000,20729997855
2018-06-16,0.537106,0.539293,0.523588,0.534784,202682000,20987761016
2018-06-15,0.560062,0.560062,0.534301,0.537707,241684992,21102475042
2018-06-14,0.535435,0.57059,0.526614,0.561306,379824992,22028624987
2018-06-13,0.562845,0.564642,0.517036,0.534663,359864992,20982481909
2018-06-12,0.602136,0.602139,0.556653,0.562933,309544000,22091918627
2018-06-11,0.586198,0.604066,0.568721,0.604066,336547008,23706154937
2018-06-10,0.659514,0.659514,0.561237,0.588126,492555008,23080600594
2018-06-09,0.674778,0.678893,0.659755,0.659755,175990000,25891631461
2018-06-08,0.677586,0.679668,0.660804,0.674343,221887008,26464127494
2018-06-07,0.675313,0.688223,0.673146,0.678128,244568000,26612667217
2018-06-06,0.677901,0.681668,0.660059,0.674797,273966016,26480063918
2018-06-05,0.661898,0.68384,0.641428,0.677015,386328000,26567101622
2018-06-04,0.692466,0.703623,0.644603,0.661425,558131008,25955326234
2018-06-03,0.643412,0.673594,0.640891,0.671205,327804000,26339108357
2018-06-02,0.623462,0.648982,0.619477,0.643451,315206016,25249999048
2018-06-01,0.612893,0.624824,0.609069,0.623364,263088000,24461754519
2018-05-31,0.603452,0.621636,0.596089,0.612622,283328000,24008636723
2018-05-30,0.603769,0.627679,0.590058,0.605817,320604992,23741948989
2018-05-29,0.556084,0.610749,0.551635,0.601241,380744000,23562615694
2018-05-28,0.608368,0.609781,0.552299,0.552299,327903008,21644580268
2018-05-27,0.61204,0.612884,0.603328,0.607881,186963008,23822837083
2018-05-26,0.610118,0.626494,0.6038,0.612708,213242000,24012007060
2018-05-25,0.632924,0.636208,0.603334,0.611001,289816000,23945109784
2018-05-24,0.599207,0.640258,0.589272,0.631997,440532992,24767942357
2018-05-23,0.648634,0.649121,0.586997,0.599594,482480992,23498069816
2018-05-22,0.682151,0.682933,0.644588,0.645567,234712992,25299750226
2018-05-21,0.700441,0.703051,0.676203,0.681587,250480992,26711372882
2018-05-20,0.677258,0.704614,0.673348,0.700244,275614016,27442540120
2018-05-19,0.680759,0.69045,0.665896,0.676713,249039008,26520360977
2018-05-18,0.6654,0.685625,0.65339,0.680294,344944000,26660700253
2018-05-17,0.713388,0.714618,0.661213,0.66731,337999008,26151857706
2018-05-16,0.69592,0.714081,0.669438,0.714081,429641984,27984811710
2018-05-15,0.738938,0.752269,0.692667,0.698588,422980000,27377641532
2018-05-14,0.744701,0.756983,0.707693,0.740898,613462016,29035769088
2018-05-13,0.698085,0.758977,0.680971,0.745748,532488000,29225840434
2018-05-12,0.685772,0.714918,0.639771,0.696735,596684992,27305022521
2018-05-11,0.756578,0.761326,0.656026,0.684948,991409024,26843090365
2018-05-10,0.803212,0.808914,0.757342,0.758237,399324000,29706405924
2018-05-09,0.813393,0.819969,0.7703,0.802043,611574976,31422648759
2018-05-08,0.833086,0.846992,0.803568,0.81397,465040992,31889927859
2018-05-07,0.871214,0.871236,0.812933,0.832641,602534976,32621425142
2018-05-06,0.904235,0.918675,0.855972,0.871424,640057024,34140875579
2018-05-05,0.895562,0.922354,0.895562,0.905103,668800000,35460360179
2018-05-04,0.881536,0.927695,0.866922,0.895442,1007609984,35081859015
2018-05-03,0.85898,0.892916,0.847319,0.884466,725228992,34651838439
2018-05-02,0.839355,0.86428,0.831713,0.859094,544425984,33636838508
2018-05-01,0.838355,0.842069,0.797826,0.841407,630809024,32944324345
2018-04-30,0.871404,0.876788,0.831208,0.837938,575363968,32802091383
2018-04-29,0.864399,0.904945,0.83448,0.872778,896313984,34165945109
2018-04-28,0.812063,0.887591,0.812063,0.863804,788718976,33814647080
2018-04-27,0.851139,0.859641,0.813885,0.813885,673793024,31860507753
2018-04-26,0.801774,0.852414,0.771787,0.852414,1028590016,33368771823
2018-04-25,0.932771,0.932771,0.779231,0.800607,1614050048,31340724464
2018-04-24,0.876012,0.96561,0.873566,0.934781,1572930048,36593127159
2018-04-23,0.866578,0.88629,0.863304,0.876657,674545024,34317793232
2018-04-22,0.86682,0.911901,0.848091,0.869995,946398976,34036636008
2018-04-21,0.925021,0.925021,0.821113,0.873103,1563970048,34158229655
2018-04-20,0.791172,0.938354,0.791172,0.924465,2344069888,36167654650
2018-04-19,0.712059,0.791976,0.706841,0.791976,878328000,30984314668
2018-04-18,0.657052,0.721426,0.657052,0.708932,624049024,27735401282
2018-04-17,0.66489,0.677356,0.654346,0.656933,442352992,25701055067
2018-04-16,0.682296,0.687165,0.63861,0.663297,531996000,25950032534
2018-04-15,0.634883,0.682534,0.634143,0.682534,609636992,26702637741
2018-04-14,0.63738,0.661508,0.616307,0.632184,626268032,24732805014
2018-04-13,0.630093,0.693112,0.605816,0.638087,1245170048,24963746873
2018-04-12,0.538657,0.644518,0.506543,0.628737,1346739968,24597948740
2018-04-11,0.492568,0.548455,0.489026,0.539506,341707008,21091728443
2018-04-10,0.492134,0.493645,0.482839,0.491931,154495008,19231806625
2018-04-09,0.501201,0.512142,0.482573,0.491855,271775008,19228835441
2018-04-08,0.488227,0.501418,0.487591,0.500398,137548000,19562819931
2018-04-07,0.476851,0.495667,0.474575,0.487867,209076000,19072926493
2018-04-06,0.494781,0.49809,0.465615,0.476431,218156000,18625841555
2018-04-05,0.50195,0.505882,0.48449,0.495801,358755008,19383102419
2018-04-04,0.554569,0.563117,0.498487,0.501631,415257984,19611023475
2018-04-03,0.501533,0.562698,0.499658,0.558044,578238976,21816462667
2018-04-02,0.486067,0.510446,0.478596,0.500688,262342000,19574157342
2018-04-01,0.513854,0.515437,0.466223,0.485081,297868992,18964009158
2018-03-31,0.510617,0.529406,0.505167,0.512353,293208000,20030194925
2018-03-30,0.513268,0.531276,0.484362,0.509565,518219008,19921199401
2018-03-29,0.577767,0.57864,0.511511,0.511511,420550016,19997127300
2018-03-28,0.577511,0.594023,0.572828,0.578002,258298000,22596541567
2018-03-27,0.599026,0.604332,0.565132,0.577917,351380992,22593218558
2018-03-26,0.642683,0.644121,0.585922,0.599463,384504992,23435542779
2018-03-25,0.638632,0.657213,0.631901,0.641875,229352000,25093607148
2018-03-24,0.646214,0.679608,0.640516,0.641265,390740000,25069759669
2018-03-23,0.663111,0.663111,0.625258,0.643174,387164000,25144390549
2018-03-22,0.693145,0.701351,0.636741,0.662743,449041984,25909425483
2018-03-21,0.713055,0.72061,0.679162,0.693664,527324000,27118166203
2018-03-20,0.736759,0.736759,0.673427,0.709808,814275968,27749301270
2018-03-19,0.672126,0.74908,0.640012,0.74908,1096930048,29284604563
2018-03-18,0.634466,0.677591,0.548815,0.658777,923606016,25752723731
2018-03-17,0.687745,0.689434,0.626709,0.637856,319824000,24934885930
2018-03-16,0.699063,0.71178,0.674463,0.68926,502740000,26944356526
2018-03-15,0.702913,0.730673,0.643845,0.697269,888345024,27257442083
2018-03-14,0.789569,0.79908,0.67601,0.701902,479148992,27438554006
2018-03-13,0.798451,0.805729,0.778471,0.789711,279679008,30871158542
2018-03-12,0.832127,0.838328,0.787882,0.801048,355031008,31314533735
2018-03-11,0.795765,0.840407,0.775737,0.831122,472972000,32490185241
2018-03-10,0.854872,0.860443,0.793736,0.796627,402670016,31141708195
2018-03-09,0.826122,0.856182,0.751485,0.849761,989203008,33218820222
2018-03-08,0.872508,0.888562,0.825387,0.825857,499496000,32284366089
2018-03-07,0.924378,0.930659,0.824895,0.87121,809598016,34057303602
2018-03-06,0.954448,0.991306,0.916863,0.922887,875180032,36077458649
2018-03-05,1.01,1.08,0.956116,0.959368,1706819968,37503572321
2018-03-04,0.906008,1.03,0.895618,1.01,797225984,39308526146
2018-03-03,0.908786,0.926512,0.903604,0.907804,280852992,35487834666
2018-03-02,0.926638,0.933912,0.902286,0.910144,271036000,35579309844
2018-03-01,0.904131,0.953796,0.89063,0.928347,475256992,36293542331
2018-02-28,0.944697,0.95555,0.903787,0.904583,329529984,35364493451
2018-02-27,0.959302,0.97258,0.944977,0.947305,312712992,37034701591
2018-02-26,0.943704,0.970906,0.913403,0.956859,458612992,37408213331
2018-02-25,0.951977,0.967597,0.915279,0.943487,360271008,36885437636
2018-02-24,0.997659,1.01,0.929456,0.954402,489920000,37312157402
2018-02-23,0.934176,1.03,0.898286,0.998855,896403968,39050038644
2018-02-22,1.01,1.05,0.922458,0.941788,889707008,36738411366
2018-02-21,1.08,1.1,0.998881,1.02,871526016,39609567670
2018-02-20,1.14,1.17,1.08,1.09,806673024,42498980287
2018-02-19,1.12,1.17,1.12,1.14,556304000,44642926789
2018-02-18,1.2,1.21,1.09,1.12,1113650048,43708265978
2018-02-17,1.14,1.22,1.13,1.2,1186729984,47005324901
2018-02-16,1.14,1.15,1.11,1.14,568339008,44393657900
2018-02-15,1.14,1.16,1.11,1.15,1188530048,44738109276
2018-02-14,1.03,1.17,1.02,1.14,1457600000,44533700985
2018-02-13,1.08,1.08,1.01,1.03,921100032,40078458444
2018-02-12,1.01,1.11,1.01,1.08,1756290048,42169352413
2018-02-11,1.07,1.08,0.929767,1,2555310080,39171494176
2018-02-10,0.947251,1.3,0.947251,1.07,4682010112,41768727766
2018-02-09,0.79714,0.954428,0.77154,0.954428,1690339968,37231487854
2018-02-08,0.729252,0.80697,0.722611,0.805263,947315008,31412678173
2018-02-07,0.774576,0.805478,0.70695,0.723895,1133369984,28238576299
2018-02-06,0.705121,0.786004,0.58836,0.776393,2361139968,30286482112
2018-02-05,0.825943,0.833866,0.675827,0.691799,1286179968,26986536508
2018-02-04,0.913418,0.952947,0.796821,0.815703,1190960000,31819934387
2018-02-03,0.891992,0.974799,0.761635,0.924043,1988960000,36046192831
2018-02-02,0.960642,0.960642,0.635185,0.884784,3529760000,34514730026
2018-02-01,1.16,1.16,0.930378,0.96253,1410419968,37547540521
2018-01-31,1.13,1.19,1.04,1.16,1264029952,45029992212
2018-01-30,1.33,1.33,1.13,1.14,1134640000,44106838439
2018-01-29,1.4,1.41,1.3,1.32,1073680000,51289462908
2018-01-28,1.22,1.44,1.22,1.4,1327360000,54219304278
2018-01-27,1.22,1.24,1.19,1.22,689100992,47227276392
2018-01-26,1.31,1.33,1.13,1.22,2037570048,47155996370
2018-01-25,1.36,1.38,1.29,1.31,986067968,50834665371
2018-01-24,1.35,1.42,1.31,1.36,1853440000,52574827666
2018-01-23,1.35,1.43,1.2,1.34,2977080064,51796945678
2018-01-22,1.39,1.43,1.16,1.36,2642510080,52582575495
2018-01-21,1.58,1.58,1.34,1.38,2840750080,53461566645
2018-01-20,1.56,1.63,1.5,1.58,2346449920,61154385624
2018-01-19,1.58,1.7,1.5,1.55,3697430016,60125086600
2018-01-18,1.31,1.73,1.26,1.6,9110439936,61850140629
2018-01-17,1.18,1.38,0.897797,1.31,7251210240,50606491820
2018-01-16,1.68,1.7,0.909313,1.18,5687960064,45682746768
2018-01-15,1.86,1.9,1.67,1.68,1838460032,64955082926
2018-01-14,2.02,2.02,1.81,1.86,1978200064,72100905208
2018-01-13,2.05,2.12,1.98,2.02,2130169984,78305366321
2018-01-12,1.94,2.16,1.87,2.04,3330810112,79152978766
2018-01-11,1.98,2.25,1.62,1.95,6296119808,75572319796
2018-01-10,2.13,2.16,1.7,1.97,4833639936,76506707920
2018-01-09,2.44,2.53,1.98,2.1,3694700032,81421159857
2018-01-08,3.36,3.36,2.07,2.46,3315259904,95151474965
2018-01-07,3.09,3.49,3.08,3.38,2395150080,1.30853E+11
2018-01-06,3.02,3.24,2.99,3.09,2777560064,1.19858E+11
2018-01-05,3.3,3.56,2.83,3.05,6288500224,1.18104E+11
2018-01-04,3.12,3.84,3.12,3.2,8103660032,1.23835E+11
2018-01-03,2.46,3.28,2.44,3.11,6635879936,1.20299E+11
2018-01-02,2.37,2.49,2.25,2.48,3171010048,96107944451
2018-01-01,2.3,2.39,2.15,2.39,1894230016,92626457504
2017-12-31,2.1,2.39,1.87,2.3,4642079744,89122114461
2017-12-30,2.2,2.85,2.04,2.16,8108389888,83638588508
2017-12-29,1.44,2.27,1.44,2.21,7545739776,85791710178
2017-12-28,1.39,1.5,1.26,1.43,2843300096,55431067579
2017-12-27,1.18,1.47,1.18,1.4,2854259968,54220856694
2017-12-26,1.12,1.19,1.09,1.19,938846976,46079825404
2017-12-25,1.05,1.13,1,1.12,686014016,43477717045
2017-12-24,1.18,1.18,0.911226,1.04,754958976,40441730263
2017-12-23,1.17,1.21,1.08,1.17,1497590016,45492927360
2017-12-22,1.17,1.38,0.741013,1.14,4644700160,44095993796
2017-12-21,0.782515,1.24,0.782515,1.19,3626109952,46218124151
2017-12-20,0.787171,0.789044,0.730953,0.775964,1007420032,30060181792
2017-12-19,0.777447,0.863536,0.756724,0.791257,1449670016,30652619534
2017-12-18,0.728036,0.792014,0.689323,0.778407,1342720000,30154821523
2017-12-17,0.754125,0.765981,0.719929,0.728366,805200000,28216275976
2017-12-16,0.755493,0.815923,0.741667,0.758642,1334770048,29389142325
2017-12-15,0.86176,0.86176,0.666114,0.756181,3194210048,29293805290
2017-12-14,0.470648,0.892267,0.466401,0.864263,6358700032,33480809543
2017-12-13,0.372689,0.513768,0.342964,0.471063,2738759936,18248577789
2017-12-12,0.252258,0.434102,0.250961,0.373541,1555040000,14470658905
2017-12-11,0.236574,0.252777,0.235804,0.251691,176100992,9750294106
2017-12-10,0.245548,0.245548,0.229304,0.237333,198174000,9194077464
2017-12-09,0.252162,0.255684,0.240073,0.244708,205288992,9479778657
2017-12-08,0.223636,0.278673,0.222168,0.252125,660172032,9767106895
2017-12-07,0.232623,0.23376,0.22134,0.222823,275204992,8631972508
2017-12-06,0.245416,0.245705,0.227742,0.232544,274526016,9008555737
2017-12-05,0.253598,0.253988,0.245234,0.246101,174591008,9533742326
2017-12-04,0.252919,0.255362,0.24716,0.253571,104650000,9814930420
2017-12-03,0.25553,0.263072,0.247391,0.252558,134710000,9754514905
2017-12-02,0.255656,0.259218,0.250756,0.255492,118250000,9867834407
2017-12-01,0.250352,0.258828,0.239438,0.255699,182992000,9875829341
2017-11-30,0.246433,0.261524,0.229586,0.250878,270907008,9689628483
2017-11-29,0.297867,0.297867,0.239409,0.243064,541177984,9387829374
2017-11-28,0.254037,0.301084,0.253415,0.299152,720742976,11554108929
2017-11-27,0.248305,0.254733,0.247861,0.253927,196735008,9807389615
2017-11-26,0.252914,0.252914,0.248589,0.248818,133297000,9610065370
2017-11-25,0.244178,0.2557,0.243584,0.252393,212592992,9748142132
2017-11-24,0.242851,0.245388,0.238421,0.244642,211486000,9448776263
2017-11-23,0.238991,0.250096,0.237304,0.242402,240684992,9362261033
2017-11-22,0.232642,0.240848,0.232317,0.238859,167078000,9225420204
2017-11-21,0.237978,0.240974,0.2272,0.233271,217851008,9009595604
2017-11-20,0.231336,0.24343,0.230917,0.238759,214663008,9221563181
2017-11-19,0.22814,0.236231,0.226037,0.231016,193808000,8922506124
2017-11-18,0.226547,0.230399,0.222399,0.228627,144298000,8830236034
2017-11-17,0.224768,0.239409,0.220273,0.226581,397071008,8751213596
2017-11-16,0.212655,0.27179,0.209287,0.227107,1022579968,8771529238
2017-11-15,0.208937,0.213105,0.208058,0.212956,100294000,8224976687
2017-11-14,0.203679,0.213693,0.203679,0.209825,127361000,8104043784
2017-11-13,0.197472,0.204081,0.197456,0.203442,132567000,7857514002
2017-11-12,0.210214,0.210214,0.195389,0.197339,251175008,7603775359
2017-11-11,0.205948,0.214456,0.205459,0.21043,134503008,8108191735
2017-11-10,0.218256,0.219068,0.20526,0.206483,141032992,7956107751
2017-11-09,0.217911,0.221791,0.214866,0.217488,147916992,8380147337
2017-11-08,0.210675,0.221458,0.20806,0.217437,156959008,8378182229
2017-11-07,0.205103,0.211375,0.203978,0.210354,114073000,8105263338
2017-11-06,0.201967,0.208662,0.20141,0.20599,102233000,7937111703
2017-11-05,0.203274,0.205124,0.201117,0.202055,46959000,7785490097
2017-11-04,0.208083,0.208479,0.202133,0.20375,74013200,7850801055
2017-11-03,0.206205,0.228026,0.201728,0.208133,373401984,8019684790
2017-11-02,0.194596,0.211848,0.183815,0.205861,197770000,7932141134
2017-11-01,0.200247,0.201501,0.193613,0.194124,67921000,7479896462
2017-10-31,0.202405,0.203778,0.200461,0.200558,43875700,7727808383
2017-10-30,0.203076,0.204135,0.201946,0.202711,34835100,7810766786
2017-10-29,0.201358,0.205209,0.200075,0.202785,62511100,7813618120
2017-10-28,0.202592,0.203476,0.201401,0.201835,26864900,7777013158
2017-10-27,0.203668,0.204492,0.201771,0.202785,29623000,7813618120
2017-10-26,0.204444,0.206289,0.20266,0.203628,38193100,7846100208
2017-10-25,0.207113,0.208237,0.201803,0.204604,75017504,7883706990
2017-10-24,0.195567,0.217508,0.190455,0.206644,220080992,7962311329
2017-10-23,0.203504,0.203919,0.190729,0.196928,99914800,7587938897
2017-10-22,0.210958,0.211901,0.200722,0.204177,75849504,7867254022
2017-10-21,0.210189,0.212381,0.200774,0.211016,116807000,8130771217
2017-10-20,0.215086,0.223822,0.208754,0.210549,182704000,8112776988
2017-10-19,0.218229,0.23179,0.208317,0.21515,304542016,8290060599
2017-10-18,0.231216,0.23815,0.207265,0.21852,354224992,8419911885
2017-10-17,0.256098,0.263147,0.222939,0.232064,411264992,8941783048
2017-10-16,0.263386,0.291359,0.24901,0.256232,963158016,9873013281
2017-10-15,0.257537,0.268419,0.249048,0.263983,280211008,10171671239
2017-10-14,0.26115,0.267721,0.25732,0.25732,211160000,9914935595
2017-10-13,0.248285,0.26425,0.238867,0.260489,398688992,10037042042
2017-10-12,0.265046,0.267468,0.248414,0.248414,245004000,9588892546
2017-10-11,0.260658,0.267843,0.25908,0.264439,161206000,10207464780
2017-10-10,0.252825,0.26656,0.241193,0.260733,384048992,10064411507
2017-10-09,0.278758,0.278758,0.24043,0.251825,610110016,9719725410
2017-10-08,0.238312,0.279944,0.237532,0.279944,529838016,10805038460
2017-10-07,0.233963,0.239336,0.233478,0.23861,77950200,9209664172
2017-10-06,0.237726,0.242424,0.233533,0.234039,167492000,9033236633
2017-10-05,0.215583,0.241023,0.215583,0.237016,404299008,9088104028
2017-10-04,0.203218,0.217024,0.202647,0.214774,123573000,8235260297
2017-10-03,0.203209,0.204808,0.19873,0.203318,48703100,7795993244
2017-10-02,0.206077,0.206556,0.199444,0.202676,77412304,7771376497
2017-10-01,0.197622,0.207185,0.19617,0.206532,51345500,7919230352
2017-09-30,0.193824,0.199826,0.193497,0.197529,54729300,7574020743
2017-09-29,0.196105,0.196203,0.187172,0.193606,72291200,7423597852
2017-09-28,0.202532,0.203271,0.191344,0.196131,117962000,7520416052
2017-09-27,0.185297,0.207687,0.185098,0.203299,249934000,7795264711
2017-09-26,0.181968,0.191247,0.180085,0.186119,70000704,7136517507
2017-09-25,0.175519,0.183665,0.174939,0.181487,35622600,6958908832
2017-09-24,0.178175,0.178939,0.174165,0.175787,20566500,6740348933
2017-09-23,0.173371,0.178672,0.171527,0.177882,32476700,6820679282
2017-09-22,0.171567,0.17587,0.169291,0.17351,37244700,6653040005
2017-09-21,0.180981,0.182109,0.171148,0.171754,43583200,6585708219
2017-09-20,0.18371,0.186229,0.180333,0.182078,34521600,6981570042
2017-09-19,0.189819,0.19068,0.181334,0.184041,54046100,7056839004
2017-09-18,0.178309,0.190019,0.178309,0.189768,88397904,7276434186
2017-09-17,0.178377,0.181121,0.171017,0.178393,49161100,6840272985
2017-09-16,0.181925,0.187417,0.172279,0.179082,84495200,6866691892
2017-09-15,0.165035,0.189184,0.150973,0.181358,289414016,6953962476
2017-09-14,0.200427,0.20201,0.164167,0.164167,152532992,6294793490
2017-09-13,0.20963,0.209674,0.196179,0.200778,105471000,7698599886
2017-09-12,0.21486,0.220623,0.207608,0.209303,94519504,8025481138
2017-09-11,0.212513,0.220057,0.210353,0.214441,138339008,8222491797
2017-09-10,0.209606,0.216529,0.197605,0.213031,117091000,8168426980
2017-09-09,0.211293,0.211892,0.206395,0.209995,51185500,8052015076
2017-09-08,0.223615,0.224308,0.206103,0.211518,151328992,8110412747
2017-09-07,0.226382,0.22721,0.219618,0.22364,103080000,8575216799
2017-09-06,0.214951,0.22686,0.214805,0.226186,163296992,8672840220
2017-09-05,0.20511,0.218674,0.190232,0.215189,242636000,8251172991
2017-09-04,0.228781,0.228781,0.19596,0.204968,239612992,7859260583
2017-09-03,0.227229,0.236443,0.218662,0.228811,186526000,8773492805
2017-09-02,0.249348,0.24968,0.217774,0.226669,329928000,8691360296
2017-09-01,0.255803,0.256162,0.243833,0.248479,283576000,9527639487
2017-08-31,0.227558,0.261038,0.225907,0.25563,432574016,9801836301
2017-08-30,0.218871,0.229805,0.217476,0.228006,181186000,8742626012
2017-08-29,0.224026,0.225926,0.214867,0.218564,269769984,8380583457
2017-08-28,0.203425,0.23626,0.19661,0.224508,542467968,8608499253
2017-08-27,0.212617,0.212617,0.197717,0.202995,193971008,7783608183
2017-08-26,0.218256,0.229086,0.210324,0.212577,184120992,8151018876
2017-08-25,0.2172,0.232184,0.203022,0.217828,504484000,8352362390
2017-08-24,0.252371,0.288783,0.212543,0.218958,1342360064,8395690931
2017-08-23,0.240987,0.297662,0.219992,0.246827,1770400000,9464295460
2017-08-22,0.194971,0.254659,0.171483,0.239286,1450040064,9175144549
2017-08-21,0.15841,0.205684,0.154856,0.191918,447088992,7358873447
2017-08-20,0.154569,0.161205,0.153432,0.158735,68542800,6086509741
2017-08-19,0.159553,0.162348,0.152305,0.155057,87062096,5945481091
2017-08-18,0.157117,0.168716,0.154162,0.158883,146539008,6092184630
2017-08-17,0.160787,0.161001,0.155909,0.157498,56084300,6039078409
2017-08-16,0.161238,0.161726,0.153087,0.160431,107920000,6151540897
2017-08-15,0.16979,0.16979,0.158244,0.161221,100614000,6181832532
2017-08-14,0.168376,0.180054,0.165289,0.169991,84388304,6518108026
2017-08-13,0.173545,0.174147,0.162625,0.168092,110199000,6446772326
2017-08-12,0.179221,0.182599,0.173242,0.173853,65229300,6667721897
2017-08-11,0.180175,0.182631,0.177627,0.179307,54059700,6876897208
2017-08-10,0.183168,0.1835,0.180013,0.180399,48162800,6918778293
2017-08-09,0.192527,0.192914,0.180629,0.182947,97805400,7014890841
2017-08-08,0.179602,0.194391,0.178487,0.192586,180028000,7384487133
2017-08-07,0.179716,0.181847,0.177605,0.179021,58052100,6864352918
2017-08-06,0.185398,0.189486,0.180298,0.180444,74161600,6918916205
2017-08-05,0.173865,0.187844,0.173267,0.184737,114270000,7083526318
2017-08-04,0.174555,0.176053,0.172224,0.173743,45170000,6661974120
2017-08-03,0.173218,0.175969,0.17173,0.174612,31479000,6695294919
2017-08-02,0.177531,0.179655,0.171618,0.173113,53441400,6635956326
2017-08-01,0.168024,0.178332,0.166124,0.177053,119957000,6786988703
2017-07-31,0.16505,0.169535,0.162002,0.167386,57273800,6416422716
2017-07-30,0.169494,0.170411,0.164094,0.165082,40621700,6328103275
2017-07-29,0.165218,0.171566,0.155475,0.169871,80897000,6511680446
2017-07-28,0.173211,0.174078,0.162183,0.165937,74649800,6360878067
2017-07-27,0.17521,0.176602,0.17198,0.173457,34575100,6649142909
2017-07-26,0.177582,0.180872,0.16906,0.173822,76584600,6662995240
2017-07-25,0.19228,0.192734,0.169797,0.178104,166807008,6827134104
2017-07-24,0.194979,0.195279,0.189835,0.192002,56632800,7359876265
2017-07-23,0.193568,0.204121,0.188722,0.195058,195682000,7469041520
2017-07-22,0.182168,0.195009,0.181447,0.19332,83913800,7402491088
2017-07-21,0.18943,0.190708,0.181098,0.182608,104722000,6992313742
2017-07-20,0.170017,0.192918,0.167718,0.188295,183292000,7210076864
2017-07-19,0.188498,0.188533,0.158188,0.168388,147778000,6447810207
2017-07-18,0.179668,0.195807,0.165966,0.188718,295840992,7226274121
2017-07-17,0.150146,0.179604,0.141425,0.177889,312684992,6811616683
2017-07-16,0.16948,0.172575,0.11977,0.148056,257944000,5669269711
2017-07-15,0.190976,0.191167,0.167118,0.170589,131779000,6532089552
2017-07-14,0.200819,0.201156,0.183369,0.190769,97037600,7304809757
2017-07-13,0.205873,0.230452,0.193357,0.200809,216750000,7689255291
2017-07-12,0.184198,0.205898,0.177162,0.205354,153023008,7863289648
2017-07-11,0.196415,0.20332,0.168265,0.185019,271415008,7084634278
2017-07-10,0.234067,0.234067,0.185418,0.203165,119367000,7779469800
2017-07-09,0.236884,0.248501,0.233416,0.233416,82755000,8937822572
2017-07-08,0.239741,0.239741,0.221769,0.236134,124578000,9041898564
2017-07-07,0.254858,0.255431,0.238892,0.23948,88408000,9170021548
2017-07-06,0.256374,0.257148,0.253303,0.254641,43845800,9750557278
2017-07-05,0.255125,0.261713,0.254275,0.256523,73292096,9822621670
2017-07-04,0.259841,0.262258,0.254387,0.254709,56008900,9753161093
2017-07-03,0.258977,0.262354,0.255666,0.259959,60367800,9954190879
2017-07-02,0.254512,0.259951,0.250944,0.259449,54095000,9934662271
2017-07-01,0.262855,0.263053,0.252966,0.254744,53611000,9754501291
2017-06-30,0.26606,0.26916,0.262242,0.26293,67764496,10067954592
2017-06-29,0.280565,0.280873,0.264175,0.265421,89745296,10163338439
2017-06-28,0.275391,0.28149,0.26784,0.280455,126278000,10739011163
2017-06-27,0.277288,0.27881,0.251052,0.276306,186951008,10580140195
2017-06-26,0.29877,0.30198,0.260819,0.277288,280100000,10617742338
2017-06-25,0.310816,0.311157,0.289148,0.298423,158844992,11427030819
2017-06-24,0.319188,0.327117,0.306487,0.31111,313710016,11912833655
2017-06-23,0.297718,0.320751,0.295551,0.319978,177220992,12252401682
2017-06-22,0.299886,0.305852,0.291519,0.297848,194551008,11405013271
2017-06-21,0.324623,0.32776,0.283614,0.296366,358492992,11347934563
2017-06-20,0.292194,0.339533,0.290147,0.324427,793609984,12422397868
2017-06-19,0.283977,0.296068,0.280233,0.296068,164955008,11336524062
2017-06-18,0.268085,0.289468,0.265078,0.2846,232512000,10897411230
2017-06-17,0.262358,0.270717,0.258105,0.268351,121948000,10275232611
2017-06-16,0.259473,0.266211,0.252408,0.262068,88152400,10034654836
2017-06-15,0.278196,0.278923,0.240868,0.259266,191548000,9927365495
2017-06-14,0.265823,0.307854,0.263202,0.278447,431096000,10671865889
2017-06-13,0.253823,0.274659,0.2522,0.266153,111937000,10200681358
2017-06-12,0.273075,0.28329,0.247476,0.253964,149942000,9733521096
2017-06-11,0.259445,0.277735,0.259113,0.272759,114566000,10453865432
2017-06-10,0.285806,0.288991,0.257879,0.260874,156720992,9998356391
2017-06-09,0.289695,0.299493,0.285884,0.286019,102482000,10962073248
2017-06-08,0.280902,0.29857,0.276441,0.289678,103152000,11115200953
2017-06-07,0.284677,0.298379,0.278874,0.279783,145839008,10805693394
2017-06-06,0.294028,0.294537,0.276248,0.284548,132720000,10989725765
2017-06-05,0.299862,0.302394,0.2846,0.294003,78433504,11354893881
2017-06-04,0.298386,0.313944,0.277185,0.299413,153488000,11563837246
2017-06-03,0.30046,0.310863,0.277563,0.29458,155454000,11377178599
2017-06-02,0.333645,0.335809,0.29071,0.303448,293676992,11719675781
2017-06-01,0.243946,0.336797,0.243946,0.333657,588819008,12886398533
2017-05-31,0.20536,0.247677,0.193839,0.24659,160620000,9431903616
2017-05-30,0.232191,0.237367,0.205324,0.205324,92808704,7853506542
2017-05-29,0.227189,0.24282,0.214777,0.23207,86555600,8876523266
2017-05-28,0.212887,0.242395,0.204652,0.229554,122253000,8780287938
2017-05-27,0.272697,0.283363,0.162345,0.212549,255532000,8129857990
2017-05-26,0.245083,0.327812,0.245083,0.271808,253935008,10396475356
2017-05-25,0.291834,0.303467,0.238308,0.246065,237804992,9411822715
2017-05-24,0.325054,0.357358,0.293009,0.29589,166168000,11401392713
2017-05-23,0.313347,0.354014,0.291893,0.323368,153050000,12460189796
2017-05-22,0.338403,0.345412,0.270091,0.317954,265699008,12251574635
2017-05-21,0.353164,0.367636,0.332222,0.336201,129765000,12954677858
2017-05-20,0.328631,0.370361,0.303941,0.351634,237792000,13549350520
2017-05-19,0.363505,0.363505,0.300794,0.327801,269894016,12631004538
2017-05-18,0.394931,0.408012,0.331116,0.364869,237644000,14059328662
2017-05-17,0.355124,0.43517,0.326358,0.394132,470974016,15097570678
2017-05-16,0.269824,0.349861,0.269824,0.349861,440881984,13401731336
2017-05-15,0.220069,0.27072,0.220069,0.27072,223923008,10370166173
2017-05-14,0.215179,0.223486,0.211186,0.220223,69732000,8435834460
2017-05-13,0.206697,0.223602,0.18698,0.214878,117101000,8231089564
2017-05-12,0.18276,0.209535,0.180984,0.206068,123635000,7893614816
2017-05-11,0.185035,0.194828,0.162431,0.183135,103699000,7015146210
2017-05-10,0.158471,0.201207,0.156363,0.186066,138792000,7062242804
2017-05-09,0.199198,0.21689,0.134406,0.160074,214002000,6075701389
2017-05-08,0.14162,0.237587,0.135105,0.198212,402611008,7523251269
2017-05-07,0.101929,0.148274,0.098938,0.141763,249028992,5380696778
2017-05-06,0.093429,0.106144,0.093429,0.101791,88394200,3863536365
2017-05-05,0.080229,0.106935,0.078704,0.093551,184430000,3550763414
2017-05-04,0.061062,0.085499,0.059283,0.078914,153374000,2995241761
2017-05-03,0.053905,0.061435,0.052283,0.06049,42869000,2291657723
2017-05-02,0.054646,0.055639,0.05071,0.053908,33814700,2042306875
2017-05-01,0.05158,0.057779,0.049317,0.055115,61730100,2088015009
2017-04-30,0.052807,0.054646,0.049574,0.051607,41974200,1955141293
2017-04-29,0.044558,0.057719,0.044558,0.052868,114359000,2002906577
2017-04-28,0.034843,0.045111,0.034784,0.044475,81121600,1684931017
2017-04-27,0.032827,0.035377,0.032157,0.034816,16661600,1319000749
2017-04-26,0.03239,0.033509,0.032183,0.032797,11921700,1242504322
2017-04-25,0.031409,0.033826,0.031297,0.032346,13469200,1225440952
2017-04-24,0.031236,0.031436,0.030739,0.031384,6333250,1188991865
2017-04-23,0.031878,0.031974,0.030742,0.031278,4976320,1184979852
2017-04-22,0.033122,0.033279,0.031422,0.03177,9020550,1203588927
2017-04-21,0.029727,0.034044,0.029216,0.032779,28245700,1241848913
2017-04-20,0.030259,0.030611,0.027493,0.029984,25650400,1135930239
2017-04-19,0.033181,0.033387,0.029687,0.030173,13265600,1132470540
2017-04-18,0.033638,0.034021,0.032866,0.033184,8970210,1245454117
2017-04-17,0.0334,0.03406,0.032955,0.033655,7933260,1263146858
2017-04-16,0.03388,0.034002,0.033194,0.033462,5980280,1255906871
2017-04-15,0.033528,0.034281,0.033276,0.033955,4972610,1274421570
2017-04-14,0.034262,0.035127,0.032986,0.033779,8869300,1267808374
2017-04-13,0.034459,0.035574,0.033461,0.034383,15872400,1290474148
2017-04-12,0.033002,0.034794,0.032477,0.034336,13437000,1288159076
2017-04-11,0.033677,0.034576,0.032035,0.032952,11301000,1236217783
2017-04-10,0.034123,0.035091,0.032806,0.033598,12012700,1260475812
2017-04-09,0.035799,0.035799,0.032327,0.03402,15695600,1276311434
2017-04-08,0.036355,0.036895,0.034932,0.035849,14782600,1344932467
2017-04-07,0.03274,0.036935,0.030789,0.03632,36825000,1362572623
2017-04-06,0.035672,0.036843,0.029463,0.032665,48264600,1225461865
2017-04-05,0.037386,0.040178,0.035214,0.035544,42360300,1333433170
2017-04-04,0.033032,0.040702,0.028324,0.037455,78538096,1405100818
2017-04-03,0.060291,0.061594,0.027447,0.033023,155550000,1238821670
2017-04-02,0.021938,0.071441,0.021696,0.061159,230622000,2294347627
2017-04-01,0.021743,0.022798,0.019664,0.021892,30657700,818500435
2017-03-31,0.013049,0.021776,0.013049,0.020889,72699400,781029219
2017-03-30,0.010125,0.014126,0.010125,0.013276,19821800,496357149
2017-03-29,0.009526,0.010101,0.00952,0.010101,3344230,377677110
2017-03-28,0.009568,0.009644,0.00928,0.009514,3111280,355714086
2017-03-27,0.009482,0.010053,0.009155,0.009597,6336150,358830082
2017-03-26,0.009159,0.00984,0.009079,0.009545,5475230,356889221
2017-03-25,0.010502,0.010711,0.00904,0.009116,11334900,340825428
2017-03-24,0.010528,0.010825,0.009135,0.010518,24493700,393260829
2017-03-23,0.007284,0.010582,0.007258,0.010582,12315100,395649983
2017-03-22,0.006908,0.00746,0.006882,0.007301,4652530,272603337
2017-03-21,0.006996,0.007075,0.006792,0.006909,3021440,257975383
2017-03-20,0.006915,0.007112,0.006761,0.006975,3423710,260445300
2017-03-19,0.006736,0.007198,0.006556,0.006912,4241970,258098226
2017-03-18,0.006137,0.007396,0.006118,0.00671,7223300,250547339
2017-03-17,0.006406,0.006406,0.00597,0.006116,3442010,228362151
2017-03-16,0.006319,0.006409,0.006213,0.006394,3860210,238733559
2017-03-15,0.00637,0.0065,0.006301,0.006314,1376090,235454225
2017-03-14,0.006346,0.006406,0.006277,0.006381,1358830,237960156
2017-03-13,0.006271,0.006429,0.006156,0.006385,2561890,238098132
2017-03-12,0.006214,0.006313,0.006086,0.006255,1531030,233249975
2017-03-11,0.006229,0.006383,0.00613,0.006238,1818590,232626476
2017-03-10,0.006503,0.006546,0.00605,0.006227,3144440,232222991
2017-03-09,0.006485,0.006606,0.006423,0.006498,2064660,242319059
2017-03-08,0.006551,0.006776,0.006363,0.006509,3432500,243479929
2017-03-07,0.006057,0.006577,0.005974,0.006534,2901920,244428566
2017-03-06,0.006129,0.006221,0.006047,0.006057,1023500,226571294
2017-03-05,0.00629,0.006389,0.006129,0.006129,1044760,229273937
2017-03-04,0.006354,0.006497,0.006278,0.006299,1372440,235639831
2017-03-03,0.005988,0.006346,0.005968,0.006339,2703850,237138723
2017-03-02,0.005419,0.006217,0.005408,0.005991,3811500,224099076
2017-03-01,0.005525,0.005547,0.005372,0.005408,1630460,200868980
2017-02-28,0.005608,0.005631,0.005438,0.005536,1693350,205616367
2017-02-27,0.005665,0.005696,0.005608,0.005609,641126,208327144
2017-02-26,0.005664,0.005733,0.005651,0.005671,258373,210650136
2017-02-25,0.0057,0.005743,0.005628,0.005665,684577,210432471
2017-02-24,0.005883,0.005919,0.005644,0.005701,1343690,211743658
2017-02-23,0.005856,0.005943,0.005798,0.005895,750533,218956299
2017-02-22,0.005849,0.005887,0.005817,0.00586,500712,217065184
2017-02-21,0.005871,0.005909,0.005735,0.005832,653081,216037936
2017-02-20,0.005879,0.005949,0.00574,0.005873,880117,217573065
2017-02-19,0.005589,0.005892,0.00557,0.005878,896856,217744953
2017-02-18,0.005949,0.006014,0.005427,0.005569,1866850,206294830
2017-02-17,0.005939,0.006095,0.005872,0.005935,1160600,219877982
2017-02-16,0.006138,0.006244,0.005988,0.006027,1355840,223279049
2017-02-15,0.006279,0.006302,0.006095,0.006147,813299,227727196
2017-02-14,0.00624,0.006352,0.00624,0.006278,671150,232582623
2017-02-13,0.006267,0.006338,0.006228,0.006251,462843,231580939
2017-02-12,0.006328,0.006364,0.006269,0.006269,230479,232223661
2017-02-11,0.00629,0.006395,0.006273,0.006333,334607,234593030
2017-02-10,0.006367,0.0067,0.006192,0.006289,808768,232977147
2017-02-09,0.006433,0.006484,0.006193,0.006374,1700680,236118153
2017-02-08,0.006407,0.007833,0.006402,0.006438,860217,237281127
2017-02-07,0.006437,0.006509,0.006378,0.006407,945440,236127887
2017-02-06,0.006439,0.006494,0.006397,0.00645,386766,237707557
2017-02-05,0.006494,0.006563,0.006403,0.006442,367001,237439242
2017-02-04,0.006487,0.006528,0.006429,0.006492,314187,239277644
2017-02-03,0.006466,0.00651,0.006401,0.006474,548263,238606119
2017-02-02,0.00654,0.00663,0.006381,0.006469,670888,238429576
2017-02-01,0.006311,0.006642,0.006249,0.00654,1836820,241024345
2017-01-31,0.00639,0.006411,0.006297,0.006314,661444,232723519
2017-01-30,0.006402,0.006468,0.006353,0.006381,391822,235163421
2017-01-29,0.006356,0.006493,0.006287,0.006402,325176,235949571
2017-01-28,0.006409,0.006419,0.006323,0.006342,241491,233731913
2017-01-27,0.006686,0.006815,0.006331,0.006415,924745,236445291
2017-01-26,0.006511,0.007073,0.006425,0.00669,1446950,246557247
2017-01-25,0.006527,0.006594,0.00649,0.006513,522497,240038824
2017-01-24,0.006708,0.006718,0.006534,0.00654,509262,241037252
2017-01-23,0.006718,0.006735,0.006662,0.006697,309838,246835064
2017-01-22,0.006706,0.006759,0.006653,0.006713,362422,247414439
2017-01-21,0.006694,0.006824,0.006678,0.006706,553724,247138388
2017-01-20,0.007032,0.00716,0.00661,0.006675,620052,246023864
2017-01-19,0.006713,0.00704,0.006671,0.007034,760684,259231566
2017-01-18,0.00679,0.007125,0.006659,0.006709,1342730,246714248
2017-01-17,0.006772,0.006848,0.006612,0.0068,1842150,250063012
2017-01-16,0.006747,0.006836,0.006717,0.006788,699284,249604106
2017-01-15,0.006867,0.006925,0.006726,0.006726,780822,247328329
2017-01-14,0.00661,0.006872,0.006585,0.006863,1307810,252379605
2017-01-13,0.006434,0.006664,0.006396,0.006596,2059340,242560559
2017-01-12,0.006417,0.006851,0.006351,0.006423,5013190,236179631
2017-01-11,0.006708,0.006721,0.006312,0.006411,3436270,232965876
2017-01-10,0.006157,0.006815,0.006148,0.006698,2510530,243404745
2017-01-09,0.006239,0.006294,0.006127,0.006167,702255,224080102
2017-01-08,0.006383,0.006383,0.006232,0.006233,554133,226499134
2017-01-07,0.006351,0.006404,0.006133,0.006366,1351030,231335019
2017-01-06,0.006197,0.006394,0.006109,0.006315,1746150,229462513
2017-01-05,0.006572,0.00658,0.006031,0.006201,4058170,225333042
2017-01-04,0.006385,0.006656,0.006385,0.00657,1642730,238734599
2017-01-03,0.00629,0.006392,0.006278,0.006386,1014830,232046355
2017-01-02,0.006386,0.006437,0.006281,0.006311,1046250,229312700
2017-01-01,0.006523,0.006702,0.006334,0.006368,418978,231408636
2016-12-31,0.006417,0.006538,0.006387,0.006449,272884,234334879
2016-12-30,0.006352,0.006455,0.006338,0.006426,1379470,233518379
2016-12-29,0.00618,0.006354,0.006167,0.006341,1345050,230400639
2016-12-28,0.006193,0.006336,0.006126,0.006173,2064130,222244080
2016-12-27,0.006326,0.006326,0.006188,0.006199,2471000,223193135
2016-12-26,0.006443,0.006481,0.006323,0.006326,1640840,227749030
2016-12-25,0.00635,0.006453,0.006334,0.006444,2188780,232006456
2016-12-24,0.006275,0.006371,0.006234,0.006349,2495670,228603756
2016-12-23,0.006362,0.006436,0.006281,0.006286,3514540,226316807
2016-12-22,0.006452,0.006466,0.006324,0.006363,2897110,229098085
2016-12-21,0.006498,0.006498,0.006417,0.006445,2300840,230703575
2016-12-20,0.00654,0.006543,0.006481,0.0065,2284690,232649010
2016-12-19,0.006582,0.006582,0.006534,0.006545,1109670,234261556
2016-12-18,0.006541,0.00658,0.006533,0.006574,1194400,235319644
2016-12-17,0.006704,0.006711,0.006535,0.006541,1838990,234116946
2016-12-16,0.006662,0.006791,0.006661,0.00671,2575390,240187706
2016-12-15,0.006699,0.006699,0.006606,0.006662,1050570,238465987
2016-12-14,0.006704,0.006753,0.00669,0.006705,2002770,241329460
2016-12-13,0.00678,0.006781,0.006678,0.006708,1946660,241460120
2016-12-12,0.006744,0.006809,0.006743,0.006778,1449640,243965345
2016-12-11,0.006816,0.006998,0.006731,0.006744,978511,242740088
2016-12-10,0.007138,0.007145,0.006816,0.006816,1297860,245331700
2016-12-09,0.007091,0.007162,0.007007,0.007135,2421860,256809661
2016-12-08,0.006849,0.007156,0.006829,0.007097,2789540,255463823
2016-12-07,0.006653,0.006851,0.006565,0.006851,2805260,246553161
2016-12-06,0.006435,0.006655,0.006417,0.006655,1396500,239510358
2016-12-05,0.006525,0.006761,0.006419,0.006434,867666,231528275
2016-12-04,0.006592,0.006595,0.006519,0.006527,1167110,234887732
2016-12-03,0.006712,0.00689,0.006588,0.006588,1213480,237099899
2016-12-02,0.006707,0.006906,0.006615,0.00666,1756030,239694615
2016-12-01,0.006723,0.006737,0.006702,0.006702,1142000,241195305
2016-11-30,0.006779,0.006784,0.00672,0.006723,1495310,241184506
2016-11-29,0.007009,0.007042,0.00678,0.00678,1551670,243251358
2016-11-28,0.007082,0.007114,0.006947,0.007008,1818750,251422257
2016-11-27,0.007385,0.007499,0.00707,0.007074,525140,253777557
2016-11-26,0.006895,0.00739,0.006847,0.00739,560816,265121385
2016-11-25,0.006948,0.006979,0.006888,0.006902,995869,247621847
2016-11-24,0.007062,0.007069,0.006945,0.00695,1845880,249325628
2016-11-23,0.007434,0.007435,0.007035,0.007061,3730650,253252040
2016-11-22,0.007567,0.007567,0.007431,0.007434,2400100,266617526
2016-11-21,0.007649,0.007651,0.007566,0.007566,2594010,271366065
2016-11-20,0.007799,0.007806,0.007626,0.007651,1875290,274408501
2016-11-19,0.007778,0.007809,0.007753,0.007799,1296770,279719046
2016-11-18,0.007722,0.007778,0.007709,0.007778,2487390,278954043
2016-11-17,0.007851,0.007867,0.007721,0.007727,2401030,277116674
2016-11-16,0.007888,0.007944,0.007842,0.007842,2905840,280456216
2016-11-15,0.008099,0.008115,0.007876,0.007881,3078090,281847837
