Date,Open*,High,Low,Close**,Volume,Market Cap
2020-03-01,0.002233,0.002297,0.002223,0.002275,162437207,281031073
2020-02-29,0.002286,0.00232,0.00223,0.002235,146635830,276061992
2020-02-28,0.002323,0.002373,0.002226,0.002289,153544453,282688554
2020-02-27,0.002337,0.002403,0.002298,0.002324,162813946,286998185
2020-02-26,0.002475,0.002487,0.002211,0.002339,201370789,288866739
2020-02-25,0.00259,0.002591,0.002436,0.002476,178541404,305747427
2020-02-24,0.002679,0.002687,0.002557,0.00259,159143744,319712946
2020-02-23,0.0026,0.002682,0.002596,0.00268,180747902,330869855
2020-02-22,0.00265,0.002655,0.002577,0.002601,156145895,321103020
2020-02-21,0.002656,0.002703,0.002614,0.002648,157652567,326850965
2020-02-20,0.002625,0.002673,0.002569,0.002659,187866681,328108479
2020-02-19,0.002839,0.002874,0.002624,0.002624,136889052,323790854
2020-02-18,0.002677,0.002846,0.002655,0.002839,144188844,350309552
2020-02-17,0.00274,0.002772,0.002547,0.002712,149622002,334603231
2020-02-16,0.002917,0.002965,0.002626,0.002774,149831933,342218087
2020-02-15,0.003098,0.003181,0.002839,0.00292,144726029,360091410
2020-02-14,0.002999,0.003147,0.002981,0.00313,140849233,385983126
2020-02-13,0.003064,0.003216,0.002973,0.003026,168543942,373121830
2020-02-12,0.003041,0.003173,0.003013,0.003093,181406960,381325935
2020-02-11,0.003011,0.003085,0.002864,0.003041,169747135,374865845
2020-02-10,0.003234,0.003303,0.002904,0.002986,195582003,368116092
2020-02-09,0.003156,0.003531,0.003152,0.003232,218861527,398390042
2020-02-08,0.002767,0.003209,0.002722,0.003159,203803814,389267351
2020-02-07,0.002654,0.00277,0.002647,0.002769,130273878,341181361
2020-02-06,0.002583,0.002677,0.002574,0.002653,108711614,326893710
2020-02-05,0.002503,0.00263,0.002492,0.002582,105741619,318098840
2020-02-04,0.002438,0.002503,0.002402,0.002503,89790002,308369226
2020-02-03,0.002466,0.002517,0.002427,0.00244,78856631,300519839
2020-02-02,0.002421,0.002506,0.002395,0.002468,91552515,304011347
2020-02-01,0.002391,0.002431,0.002382,0.002422,78730830,298258839
2020-01-31,0.00244,0.002458,0.002369,0.002394,76519295,294719511
2020-01-30,0.002391,0.002446,0.002371,0.00244,83967914,300452707
2020-01-29,0.002451,0.002471,0.00239,0.00239,80676219,294177532
2020-01-28,0.002365,0.00245,0.002363,0.00245,91528771,301513933
2020-01-27,0.002304,0.002413,0.002283,0.002368,89023414,291399495
2020-01-26,0.002258,0.002307,0.00224,0.002305,73458474,283609273
2020-01-25,0.002276,0.002276,0.002235,0.002257,82421399,277757847
2020-01-24,0.002268,0.002293,0.002211,0.002276,86865882,280006237
2020-01-23,0.002323,0.002358,0.002238,0.002268,91866620,278962448
2020-01-22,0.002376,0.002399,0.00232,0.002323,82852580,285795825
2020-01-21,0.002374,0.002403,0.002335,0.002376,84321565,292280593
2020-01-20,0.002405,0.002423,0.002359,0.002374,92022277,291955767
2020-01-19,0.002514,0.00257,0.002359,0.002405,108085147,295732371
2020-01-18,0.00249,0.002538,0.002452,0.002507,108133943,308242055
2020-01-17,0.002346,0.002516,0.00231,0.00249,117752841,306098384
2020-01-16,0.002372,0.002424,0.002293,0.002345,98124199,288233513
2020-01-15,0.002468,0.002541,0.002363,0.002369,128940321,291129905
2020-01-14,0.002358,0.002514,0.00234,0.00247,128635383,303552342
2020-01-13,0.002381,0.002407,0.002327,0.002358,83849846,289722805
2020-01-12,0.002313,0.002413,0.002313,0.002381,79426215,292507504
2020-01-11,0.002351,0.002373,0.002296,0.002314,94203409,284228141
2020-01-10,0.002255,0.002361,0.002199,0.002356,87683356,289375371
2020-01-09,0.002291,0.002314,0.002145,0.002256,70690571,277106183
2020-01-08,0.002433,0.002465,0.002265,0.002293,77251526,281594191
2020-01-07,0.002485,0.002497,0.002354,0.002433,52767343,298738083
2020-01-06,0.002418,0.002564,0.002379,0.002463,54562409,302412673
2020-01-05,0.00224,0.002491,0.002117,0.002419,52631740,296989930
2020-01-04,0.002144,0.00249,0.00205,0.002241,94227582,275114093
2020-01-03,0.002008,0.002177,0.001991,0.002145,62619988,263328862
2020-01-02,0.002034,0.00211,0.001983,0.002009,65071106,246518479
2020-01-01,0.002028,0.002052,0.002021,0.002033,51180941,249432497
2019-12-31,0.002056,0.002056,0.002022,0.002028,69469785,248883034
2019-12-30,0.00207,0.002077,0.002043,0.002054,73171188,252057916
2019-12-29,0.002063,0.002114,0.002056,0.002068,67109832,253718796
2019-12-28,0.002053,0.00209,0.002051,0.002064,64539193,253200406
2019-12-27,0.002059,0.002075,0.002032,0.002053,75486740,251737594
2019-12-26,0.002086,0.002098,0.002047,0.002058,71906467,252331534
2019-12-25,0.002072,0.002098,0.002036,0.002088,79207264,256078593
2019-12-24,0.002073,0.002114,0.002052,0.002073,71860410,254131324
2019-12-23,0.002113,0.002137,0.002055,0.002073,77708509,254110241
2019-12-22,0.002082,0.00212,0.00207,0.002115,70976748,259272041
2019-12-21,0.002077,0.002088,0.002044,0.002084,66682998,255384098
2019-12-20,0.002127,0.002141,0.002048,0.002075,67083802,254253746
2019-12-19,0.002182,0.002199,0.002049,0.002123,79064574,260179866
2019-12-18,0.002025,0.002192,0.002008,0.002183,98147109,267456561
2019-12-17,0.00212,0.002152,0.001997,0.002018,85349928,247187445
2019-12-16,0.002154,0.002184,0.002112,0.002121,68370095,259756535
2019-12-15,0.002171,0.002171,0.00208,0.002154,66491990,263792777
2019-12-14,0.002175,0.002204,0.00215,0.00217,71849717,265712614
2019-12-13,0.002187,0.002208,0.002165,0.002175,65851726,266326829
2019-12-12,0.002185,0.002198,0.002167,0.002188,66238690,267889467
2019-12-11,0.002202,0.00224,0.002181,0.002185,64108062,267452542
2019-12-10,0.002208,0.002222,0.002185,0.002204,69802464,269760521
2019-12-09,0.002237,0.002251,0.002198,0.002208,62696753,270249023
2019-12-08,0.00223,0.002341,0.002207,0.002238,55442239,273855019
2019-12-07,0.00223,0.002248,0.002201,0.00223,62933099,272923284
2019-12-06,0.002221,0.00228,0.00218,0.002226,66932958,272363965
2019-12-05,0.002209,0.002305,0.002172,0.002223,66757792,271958843
2019-12-04,0.002217,0.002241,0.002165,0.002208,73151442,270124716
2019-12-03,0.002234,0.002256,0.002167,0.002217,62508732,271179199
2019-12-02,0.002293,0.002312,0.002204,0.002235,66782510,273321735
2019-12-01,0.00232,0.002394,0.002257,0.002292,77007809,280260602
2019-11-30,0.002456,0.002474,0.002314,0.00232,89565611,283632278
2019-11-29,0.002315,0.002458,0.002305,0.002456,97859845,300286977
2019-11-28,0.002337,0.00238,0.002313,0.002313,97959428,282749816
2019-11-27,0.002291,0.002358,0.002229,0.002339,100345294,285878920
2019-11-26,0.002287,0.002342,0.002265,0.002291,100273990,280017042
2019-11-25,0.002369,0.002369,0.002128,0.002286,129591062,279365755
2019-11-24,0.002509,0.00251,0.002298,0.002365,101469803,289036446
2019-11-23,0.002364,0.002507,0.002327,0.002505,112247814,306003875
2019-11-22,0.002426,0.002519,0.002239,0.002362,109619351,288557852
2019-11-21,0.002555,0.002566,0.002378,0.002426,95999426,296327209
2019-11-20,0.002548,0.002698,0.002543,0.002556,77286260,312212810
2019-11-19,0.002576,0.002608,0.002519,0.002548,85557575,311165409
2019-11-18,0.002648,0.002715,0.002549,0.002576,72521449,314572759
2019-11-17,0.002669,0.002718,0.002641,0.002648,74498787,323291534
2019-11-16,0.002657,0.002675,0.002636,0.002669,71531457,325863006
2019-11-15,0.002682,0.002689,0.002609,0.002657,78888251,324279637
2019-11-14,0.002694,0.002698,0.002642,0.00268,77359949,327123523
2019-11-13,0.002723,0.002725,0.002665,0.002698,80974477,329198491
2019-11-12,0.002714,0.002735,0.002679,0.002725,72506822,332513142
2019-11-11,0.002775,0.00278,0.002669,0.002715,84608148,331233144
2019-11-10,0.002712,0.002785,0.002687,0.002775,96734959,338534498
2019-11-09,0.002654,0.002742,0.00265,0.002713,93120071,330918440
2019-11-08,0.002723,0.002731,0.002603,0.002653,88039087,323568240
2019-11-07,0.002628,0.002734,0.002608,0.002725,97141368,332378117
2019-11-06,0.002623,0.00265,0.002615,0.002628,88212203,320462936
2019-11-05,0.002613,0.002651,0.002575,0.002624,78458702,319899214
2019-11-04,0.002635,0.002645,0.00259,0.002614,64040500,318630213
2019-11-03,0.002627,0.002674,0.002622,0.002637,57894711,321384942
2019-11-02,0.002631,0.002651,0.002597,0.002627,63232423,320192885
2019-11-01,0.002617,0.002639,0.002591,0.00263,78282711,320557236
2019-10-31,0.002618,0.002675,0.002586,0.002615,72101942,318711696
2019-10-30,0.002656,0.002682,0.002597,0.002616,88132224,318792235
2019-10-29,0.002647,0.002728,0.002644,0.002655,84394749,323421852
2019-10-28,0.002656,0.002722,0.002629,0.002646,92231650,322352881
2019-10-27,0.002621,0.002747,0.002595,0.002654,99551356,323238308
2019-10-26,0.002684,0.002858,0.002591,0.002622,118574429,319273922
2019-10-25,0.002539,0.002714,0.002502,0.002684,98533278,326793804
2019-10-24,0.002491,0.002553,0.002451,0.002538,81190106,309068054
2019-10-23,0.002564,0.002587,0.002389,0.002495,79141247,303741402
2019-10-22,0.002773,0.002776,0.00256,0.002565,75521553,312300057
2019-10-21,0.002732,0.002813,0.002618,0.002774,82888436,337678500
2019-10-20,0.002742,0.002775,0.002685,0.00273,73744712,332308205
2019-10-19,0.002704,0.002795,0.002668,0.002743,69804524,333752702
2019-10-18,0.002757,0.002863,0.002668,0.002706,60909633,329253022
2019-10-17,0.002604,0.002932,0.00259,0.002755,69269500,335163409
2019-10-16,0.002509,0.002619,0.002506,0.002607,50405533,317190469
2019-10-15,0.002546,0.002565,0.002495,0.00251,50979959,305248061
2019-10-14,0.002449,0.002636,0.002428,0.002545,62460324,309575031
2019-10-13,0.002339,0.002618,0.002323,0.002447,63249479,297629962
2019-10-12,0.002328,0.002383,0.00231,0.00234,45487600,284518006
2019-10-11,0.002332,0.002383,0.00229,0.002345,40769657,285091460
2019-10-10,0.002392,0.0024,0.00233,0.002332,49414270,283471138
2019-10-09,0.00234,0.002402,0.002317,0.002388,39868870,290246474
2019-10-08,0.00239,0.002418,0.002324,0.002346,49622640,285114082
2019-10-07,0.002342,0.002408,0.002305,0.00239,48117979,290494971
2019-10-06,0.002323,0.002362,0.00229,0.002346,40093923,285110218
2019-10-05,0.002355,0.002377,0.002307,0.002322,39360096,282153893
2019-10-04,0.002323,0.002363,0.002283,0.00236,42842902,286684075
2019-10-03,0.002349,0.002365,0.00229,0.002325,36788344,282370083
2019-10-02,0.002391,0.002411,0.002314,0.002351,42121830,285590696
2019-10-01,0.002393,0.002497,0.002381,0.002388,40563787,290007971
2019-09-30,0.002227,0.002416,0.002171,0.002387,56920760,289882719
2019-09-29,0.002238,0.002336,0.002185,0.002223,41861530,269929126
2019-09-28,0.002222,0.002248,0.002202,0.002234,36239557,271215845
2019-09-27,0.002155,0.002228,0.002121,0.002221,47659680,269545634
2019-09-26,0.002202,0.002229,0.002076,0.002155,46965571,261563927
2019-09-25,0.002229,0.002243,0.00211,0.002197,58992978,266601413
2019-09-24,0.002489,0.002502,0.002077,0.002228,56048353,270292235
2019-09-23,0.002587,0.0026,0.002482,0.002486,35603401,301618719
2019-09-22,0.002595,0.002609,0.002546,0.002592,37997883,314478667
2019-09-21,0.002667,0.002672,0.002556,0.002586,47801585,313689747
2019-09-20,0.00271,0.002716,0.002645,0.002672,45337416,324135091
2019-09-19,0.002718,0.002734,0.002589,0.002709,46463665,328562682
2019-09-18,0.002607,0.002993,0.002582,0.002719,45526972,329649837
2019-09-17,0.002454,0.002615,0.002443,0.002608,38934662,316212958
2019-09-16,0.002462,0.002491,0.00243,0.002455,31115288,297647426
2019-09-15,0.002443,0.002486,0.002438,0.00246,35862686,298246050
2019-09-14,0.002427,0.002451,0.002405,0.002441,36253840,295798966
2019-09-13,0.002425,0.002432,0.002398,0.002426,34172204,293959646
2019-09-12,0.002398,0.002446,0.002366,0.002425,38515673,293854226
2019-09-11,0.002432,0.002451,0.00239,0.002399,30308813,290629360
2019-09-10,0.002461,0.002489,0.00241,0.002437,29851957,295224766
2019-09-09,0.002509,0.00251,0.002418,0.002461,34582212,298135096
2019-09-08,0.002511,0.00256,0.002469,0.002501,31506514,302972061
2019-09-07,0.002515,0.002569,0.002479,0.002515,34744018,304626897
2019-09-06,0.002529,0.00264,0.00246,0.002509,29577777,303870100
2019-09-05,0.00269,0.002692,0.002505,0.002531,32285101,306473460
2019-09-04,0.002596,0.002695,0.002541,0.00269,27623103,325624543
2019-09-03,0.002598,0.002724,0.00256,0.002595,40548612,314163634
2019-09-02,0.002492,0.002616,0.002462,0.002596,25999239,314174809
2019-09-01,0.002512,0.002533,0.002443,0.002492,22742519,301547449
2019-08-31,0.002482,0.002529,0.002459,0.002511,23927277,303898754
2019-08-30,0.002451,0.002487,0.002427,0.002482,23809187,300273834
2019-08-29,0.002523,0.002524,0.002392,0.00245,28641509,296353533
2019-08-28,0.002622,0.002633,0.002511,0.002524,23602879,305281911
2019-08-27,0.00268,0.002788,0.0026,0.00262,21250034,316922333
2019-08-26,0.002652,0.002829,0.00264,0.002679,22974750,324057575
2019-08-25,0.002663,0.002888,0.002625,0.002662,22727727,321922165
2019-08-24,0.002713,0.002725,0.002614,0.002661,22299027,321787503
2019-08-23,0.002709,0.002899,0.002657,0.002713,21615807,328052057
2019-08-22,0.002676,0.002731,0.002617,0.0027,21813055,326418779
2019-08-21,0.002764,0.00277,0.00262,0.002675,21056919,323282143
2019-08-20,0.002798,0.002807,0.002714,0.002763,19682454,333973894
2019-08-19,0.002723,0.002827,0.002716,0.002797,20301072,338022974
2019-08-18,0.002647,0.00273,0.002622,0.002723,20832602,328961191
2019-08-17,0.002684,0.00269,0.002619,0.002646,18747565,319657988
2019-08-16,0.002641,0.002714,0.002561,0.002681,19795789,323821638
2019-08-15,0.00272,0.002753,0.002584,0.00264,32124644,318849059
2019-08-14,0.002823,0.00283,0.002715,0.002722,34384340,328706637
2019-08-13,0.002883,0.00289,0.002804,0.002825,27308535,341124652
2019-08-12,0.002896,0.002901,0.002869,0.00288,21554919,347750297
2019-08-11,0.002845,0.002902,0.002839,0.002898,16229246,349886911
2019-08-10,0.002905,0.002929,0.002796,0.002842,17920883,343120072
2019-08-09,0.002929,0.002933,0.002869,0.002904,21528298,350568745
2019-08-08,0.003005,0.003012,0.002858,0.002928,16993741,353408334
2019-08-07,0.002951,0.00305,0.002938,0.003006,26551305,362745386
2019-08-06,0.003089,0.003316,0.002919,0.00295,19786133,355991866
2019-08-05,0.002938,0.003162,0.002936,0.003087,31037239,372477433
2019-08-04,0.002913,0.002984,0.002864,0.002938,19238655,354483149
2019-08-03,0.002908,0.00296,0.0029,0.002912,15813943,351275678
2019-08-02,0.002957,0.002975,0.002897,0.002909,18550954,350830677
2019-08-01,0.0029,0.002959,0.00286,0.002957,20206543,356641798
2019-07-31,0.002816,0.002908,0.002816,0.002899,21310977,349610538
2019-07-30,0.002831,0.002888,0.002801,0.002817,16899416,339690583
2019-07-29,0.002859,0.002897,0.002809,0.00284,19054200,342396265
2019-07-28,0.002822,0.002887,0.002792,0.002859,19878103,344666083
2019-07-27,0.002923,0.00303,0.002797,0.002823,20901185,340210524
2019-07-26,0.002921,0.002949,0.002882,0.002921,19438979,351972411
2019-07-25,0.00291,0.003018,0.002905,0.002921,20653975,351999833
2019-07-24,0.00288,0.002917,0.002816,0.002915,23840681,351265072
2019-07-23,0.003,0.003003,0.002874,0.00288,21006916,346989162
2019-07-22,0.003076,0.0031,0.002966,0.002997,19174676,360973874
2019-07-21,0.003118,0.003166,0.002983,0.003076,18349874,370439303
2019-07-20,0.003064,0.003187,0.003038,0.003118,23424227,375496389
2019-07-19,0.00312,0.003135,0.002971,0.003059,20956541,368322123
2019-07-18,0.003031,0.003145,0.002876,0.003121,40218356,375802425
2019-07-17,0.002819,0.003177,0.002772,0.00303,41838001,364796543
2019-07-16,0.003093,0.003125,0.002802,0.002825,40980833,340039853
2019-07-15,0.00302,0.003133,0.002922,0.003092,43028086,372153997
2019-07-14,0.00325,0.003259,0.00301,0.003014,36339861,362718199
2019-07-13,0.003343,0.003351,0.003174,0.003249,27243201,390920284
2019-07-12,0.003241,0.003368,0.003207,0.00334,35428239,401865726
2019-07-11,0.003417,0.003426,0.003189,0.003243,43609123,390119795
2019-07-10,0.003551,0.0036,0.003364,0.003424,49078577,411846678
2019-07-09,0.003556,0.003615,0.003459,0.003549,42613827,426861436
2019-07-08,0.003635,0.003644,0.003513,0.003559,41682712,427975399
2019-07-07,0.003553,0.003658,0.003495,0.003633,44379649,436892154
2019-07-06,0.003872,0.003968,0.00347,0.003547,65031784,426421766
2019-07-05,0.003226,0.004471,0.00313,0.003867,187924151,464839136
2019-07-04,0.003314,0.003357,0.003131,0.003229,36433330,388085563
2019-07-03,0.003207,0.003336,0.003172,0.003313,37586127,398204901
2019-07-02,0.003237,0.00336,0.00308,0.003204,41581109,385000908
2019-07-01,0.00325,0.003325,0.003093,0.003238,42771993,389069551
2019-06-30,0.003418,0.003446,0.003247,0.003258,43549174,391423318
2019-06-29,0.003479,0.003486,0.003314,0.003405,46594481,409063099
2019-06-28,0.003332,0.003523,0.003315,0.00349,65310778,419171360
2019-06-27,0.00339,0.003495,0.00299,0.003329,76165577,399859153
2019-06-26,0.003391,0.00345,0.003252,0.003379,64528905,405826744
2019-06-25,0.003367,0.003395,0.00327,0.003392,41001826,407366309
2019-06-24,0.003314,0.003431,0.003234,0.003368,42747865,404420401
2019-06-23,0.003285,0.003496,0.00325,0.003304,44229340,396730843
2019-06-22,0.003229,0.003354,0.003185,0.003279,57373528,393654485
2019-06-21,0.003167,0.003251,0.003128,0.003223,42423841,386823956
2019-06-20,0.003143,0.003204,0.003095,0.003161,36102126,379320132
2019-06-19,0.003123,0.003154,0.003097,0.00313,35562598,375562335
2019-06-18,0.003193,0.003199,0.00311,0.003125,54908991,374976171
2019-06-17,0.003188,0.003225,0.003125,0.00319,60386666,382759058
2019-06-16,0.003145,0.003336,0.003135,0.003186,68789112,382232243
2019-06-15,0.003135,0.003204,0.003097,0.003157,63436423,378704192
2019-06-14,0.003075,0.003142,0.003037,0.003124,59252853,374713827
2019-06-13,0.003063,0.003168,0.00303,0.003074,66973694,368689737
2019-06-12,0.003061,0.003094,0.003019,0.003067,69543166,367743216
2019-06-11,0.00309,0.003143,0.002998,0.003058,65070888,366598994
2019-06-10,0.003014,0.003135,0.002992,0.003091,69822843,370527383
2019-06-09,0.003077,0.003218,0.002978,0.003012,69438950,361011751
2019-06-08,0.003115,0.003191,0.003017,0.003084,69699426,369623512
2019-06-07,0.003088,0.003195,0.003059,0.00311,71288069,372741941
2019-06-06,0.003072,0.003124,0.003005,0.003087,71608123,369884382
2019-06-05,0.003039,0.003098,0.00298,0.00307,72561329,367856968
2019-06-04,0.003213,0.003213,0.002986,0.003042,77725735,364362598
2019-06-03,0.003397,0.00341,0.003194,0.003198,76817043,383067694
2019-06-02,0.003426,0.003448,0.003342,0.003398,74315769,406924035
2019-06-01,0.003443,0.00352,0.00336,0.003419,85093279,409426094
2019-05-31,0.003256,0.003443,0.003172,0.003441,85204091,412039595
2019-05-30,0.003125,0.0036,0.00311,0.003258,97252491,390104147
2019-05-29,0.003149,0.003151,0.003083,0.003127,74244761,374342903
2019-05-28,0.003142,0.003168,0.003071,0.003148,67850692,376838964
2019-05-27,0.003099,0.003207,0.003086,0.003141,76858482,375920686
2019-05-26,0.002987,0.003115,0.002935,0.003092,68909916,370079612
2019-05-25,0.002996,0.003011,0.002958,0.002991,58214409,357860014
2019-05-24,0.00296,0.003022,0.002932,0.002995,61767497,358281102
2019-05-23,0.002937,0.00298,0.002795,0.002961,55428477,354207199
2019-05-22,0.003082,0.003091,0.002912,0.002939,60016531,351505520
2019-05-21,0.003042,0.003112,0.002968,0.003086,54845691,369138170
2019-05-20,0.003179,0.003186,0.002933,0.003041,56440462,363688982
2019-05-19,0.003011,0.003195,0.003,0.003178,63883932,380056299
2019-05-18,0.002966,0.003054,0.002897,0.003005,54849676,359326116
2019-05-17,0.003169,0.003186,0.002831,0.002962,66495399,354120288
2019-05-16,0.00331,0.003521,0.003114,0.003168,68128483,378701249
2019-05-15,0.003073,0.003317,0.003052,0.003308,57673254,395364529
2019-05-14,0.002758,0.003199,0.002747,0.003068,58434920,366618101
2019-05-13,0.002663,0.002823,0.002649,0.002756,47011255,329298474
2019-05-12,0.002757,0.00282,0.002612,0.002665,44577097,318441125
2019-05-11,0.002515,0.002799,0.002513,0.002754,48521874,328986275
2019-05-10,0.002503,0.002559,0.002449,0.002522,32480633,301197111
2019-05-09,0.002536,0.002554,0.002467,0.0025,30720237,298547819
2019-05-08,0.002534,0.002572,0.002505,0.002537,32200704,302952530
2019-05-07,0.002544,0.002632,0.002536,0.002536,38143865,302868567
2019-05-06,0.002633,0.002661,0.002515,0.002542,37020800,303508481
2019-05-05,0.002709,0.002709,0.002622,0.002653,33161934,316696677
2019-05-04,0.002698,0.002783,0.002608,0.00268,39814872,319848588
2019-05-03,0.00261,0.002753,0.002595,0.002721,40969776,324719935
2019-05-02,0.002525,0.002656,0.002516,0.002611,34506272,311635238
2019-05-01,0.00251,0.002551,0.002477,0.002521,30316782,300837224
2019-04-30,0.002469,0.002519,0.002443,0.002513,34753261,299790179
2019-04-29,0.002527,0.002551,0.002443,0.002466,32974056,294229866
2019-04-28,0.00252,0.002563,0.002502,0.002531,25600272,301935051
2019-04-27,0.002515,0.002545,0.002489,0.002516,27194224,300095058
2019-04-26,0.002499,0.002526,0.002453,0.002519,33070494,300449792
2019-04-25,0.002595,0.00262,0.00249,0.002506,33422071,298780219
2019-04-24,0.002775,0.002779,0.002549,0.002599,43229277,309878403
2019-04-23,0.002804,0.002856,0.002767,0.002772,37261547,330508960
2019-04-22,0.002758,0.002824,0.002726,0.002798,36334621,333525284
2019-04-21,0.0029,0.002906,0.002724,0.00276,37077986,328896048
2019-04-20,0.002892,0.002903,0.00286,0.002902,35542377,345812689
2019-04-19,0.002945,0.002948,0.002875,0.002893,36059338,344694916
2019-04-18,0.002816,0.002958,0.002806,0.002946,42590190,350965938
2019-04-17,0.002837,0.002861,0.002759,0.00281,32027922,334723161
2019-04-16,0.00279,0.002856,0.002738,0.002835,31946320,337688746
2019-04-15,0.002884,0.002923,0.002743,0.00279,36669437,332280603
2019-04-14,0.002873,0.002903,0.002837,0.002882,30693264,343200438
2019-04-13,0.002852,0.002906,0.00282,0.002872,34870866,342015736
2019-04-12,0.002791,0.002873,0.002725,0.002856,42878877,339977667
2019-04-11,0.003019,0.003031,0.002738,0.002789,45881209,332037825
2019-04-10,0.002881,0.00308,0.002872,0.003021,50718761,359651120
2019-04-09,0.003044,0.00307,0.002812,0.002884,53210703,343234839
2019-04-08,0.003428,0.003437,0.003012,0.003045,62195173,362309890
2019-04-07,0.00344,0.003517,0.003256,0.003418,50224984,406652917
2019-04-06,0.003594,0.003594,0.003415,0.003439,46343810,409155293
2019-04-05,0.003679,0.003755,0.003409,0.00359,63331136,427026548
2019-04-04,0.003158,0.004096,0.003134,0.003697,164634741,439749414
2019-04-03,0.002777,0.003656,0.002771,0.003164,89863287,376346599
2019-04-02,0.002459,0.002863,0.002394,0.002795,60298362,332358223
2019-04-01,0.002082,0.002532,0.002078,0.002461,49116894,292641811
2019-03-31,0.002081,0.0021,0.00207,0.00208,18785300,247350012
2019-03-30,0.002091,0.002166,0.002065,0.00208,19212788,247321175
2019-03-29,0.002076,0.002102,0.002056,0.002087,21582049,248123447
2019-03-28,0.002087,0.002092,0.00206,0.002074,20558761,246454838
2019-03-27,0.00205,0.002089,0.002042,0.002085,23194502,247769700
2019-03-26,0.002041,0.002061,0.002026,0.002054,19354498,244056902
2019-03-25,0.002058,0.002066,0.002026,0.002043,17555818,242770806
2019-03-24,0.002062,0.00208,0.002026,0.002054,16541721,243962932
2019-03-23,0.002057,0.00208,0.002047,0.002064,15724762,245183328
2019-03-22,0.002051,0.002074,0.002045,0.002052,17243548,243742933
2019-03-21,0.002065,0.002074,0.00204,0.002054,18961937,243873315
2019-03-20,0.002084,0.002092,0.002054,0.002061,17912276,244693571
2019-03-19,0.002083,0.002106,0.002073,0.002091,20549162,248260771
2019-03-18,0.002076,0.002094,0.002063,0.002083,21958793,247277160
2019-03-17,0.002081,0.00209,0.002057,0.002081,17683010,246984847
2019-03-16,0.002047,0.002099,0.00204,0.002077,17262660,246562176
2019-03-15,0.002041,0.002058,0.002015,0.002048,14469793,243069198
2019-03-14,0.002022,0.002044,0.002009,0.002039,12675418,241919027
2019-03-13,0.002015,0.002053,0.002005,0.002025,17366462,240262326
2019-03-12,0.001969,0.00203,0.00195,0.002012,20817165,238641759
2019-03-11,0.002001,0.002006,0.001947,0.001966,20212258,233158765
2019-03-10,0.002,0.002004,0.001979,0.001999,14597178,237074916
2019-03-09,0.001982,0.002015,0.001972,0.001998,17348833,236946257
2019-03-08,0.001992,0.001998,0.001968,0.00198,17551404,234803751
2019-03-07,0.001982,0.002015,0.001966,0.001991,17976088,236034181
2019-03-06,0.001985,0.001992,0.001967,0.001983,17375079,235065672
2019-03-05,0.001981,0.002003,0.001961,0.001985,19420739,235312822
2019-03-04,0.002004,0.002011,0.001968,0.001982,16744533,234927106
2019-03-03,0.002002,0.002024,0.001991,0.001999,15753983,236922047
2019-03-02,0.001992,0.002013,0.00198,0.002003,17330550,237292659
2019-03-01,0.001976,0.00202,0.001976,0.001994,18777567,236294434
2019-02-28,0.002018,0.002024,0.001968,0.001976,18191276,234089209
2019-02-27,0.002024,0.002033,0.001954,0.002019,19512740,239107350
2019-02-26,0.002029,0.00205,0.001992,0.002023,19292966,239562466
2019-02-25,0.001973,0.002045,0.00193,0.00203,20965852,240373595
2019-02-24,0.002088,0.002125,0.001955,0.001974,25171947,233678259
2019-02-23,0.002055,0.002111,0.002034,0.002083,20487004,246661869
2019-02-22,0.00203,0.002071,0.002024,0.002056,19850028,243372976
2019-02-21,0.002066,0.002078,0.002022,0.002028,18308575,240071970
2019-02-20,0.002065,0.002081,0.002044,0.002079,20976083,246042747
2019-02-19,0.002116,0.002139,0.002056,0.002067,26883836,244633573
2019-02-18,0.001993,0.002124,0.001993,0.002114,26457493,250094072
2019-02-17,0.001923,0.001993,0.001915,0.001992,19208659,235719871
2019-02-16,0.001907,0.001929,0.001895,0.001924,14351257,227597790
2019-02-15,0.001896,0.001915,0.001889,0.001908,14754160,225621219
2019-02-14,0.001891,0.001909,0.001885,0.001897,16879422,224325154
2019-02-13,0.001894,0.00191,0.001885,0.001893,15440451,223902917
2019-02-12,0.001904,0.001911,0.001873,0.001894,16971098,223946349
2019-02-11,0.001946,0.001946,0.001899,0.001906,15220889,225276851
2019-02-10,0.001951,0.001953,0.001912,0.001946,15828371,229995070
2019-02-09,0.001952,0.001996,0.001923,0.001949,14455529,230403927
2019-02-08,0.001847,0.001957,0.001835,0.001956,17956052,231202756
2019-02-07,0.001869,0.00189,0.001839,0.001845,14228248,218008800
2019-02-06,0.001886,0.001902,0.001837,0.001866,15246340,220417140
2019-02-05,0.001899,0.001913,0.00188,0.001888,13983316,223012093
2019-02-04,0.001904,0.001932,0.001877,0.001896,13169126,223945017
2019-02-03,0.001932,0.001957,0.00189,0.001904,15354409,224849259
2019-02-02,0.001914,0.001956,0.001896,0.001936,13184663,228611251
2019-02-01,0.001926,0.001928,0.001893,0.001916,17411751,226308067
2019-01-31,0.001963,0.001987,0.001912,0.001925,13824059,227283335
2019-01-30,0.001925,0.00197,0.001914,0.001961,11813018,231532343
2019-01-29,0.001947,0.00197,0.001917,0.001927,14809844,227482733
2019-01-28,0.002026,0.002028,0.001927,0.001944,16265136,229396886
2019-01-27,0.002082,0.002096,0.002009,0.002027,16233338,239272756
2019-01-26,0.002094,0.002152,0.00203,0.002083,15588079,245748560
2019-01-25,0.002057,0.002183,0.002027,0.002118,15953121,249905438
2019-01-24,0.002045,0.002073,0.002013,0.002039,15825805,240547776
2019-01-23,0.002055,0.002068,0.002021,0.002043,15672115,240979399
2019-01-22,0.002099,0.002112,0.002033,0.002057,18971837,242632498
2019-01-21,0.002106,0.002122,0.002066,0.002101,17205921,247737175
2019-01-20,0.002153,0.002153,0.002082,0.002119,16178008,249843275
2019-01-19,0.002104,0.00216,0.002089,0.002153,16088820,253903206
2019-01-18,0.002093,0.002117,0.002084,0.002106,12471672,248304914
2019-01-17,0.002133,0.002147,0.00208,0.002094,13882217,246798932
2019-01-16,0.002108,0.002141,0.002084,0.002138,13656181,251931605
2019-01-15,0.002178,0.002188,0.002098,0.002111,15986348,248720213
2019-01-14,0.002102,0.002198,0.002097,0.002183,18534843,257213741
2019-01-13,0.002137,0.002171,0.002083,0.002094,18059306,246733656
2019-01-12,0.00213,0.002158,0.002115,0.002148,14167258,253082186
2019-01-11,0.002129,0.002149,0.002105,0.002129,17187243,250754770
2019-01-10,0.002263,0.002295,0.002085,0.002132,21174109,251103615
2019-01-09,0.002278,0.002307,0.002255,0.002266,17010797,266854314
2019-01-08,0.002298,0.002321,0.002261,0.002276,20994417,267977607
2019-01-07,0.002328,0.002335,0.002275,0.002285,15899004,269018283
2019-01-06,0.002313,0.002371,0.002291,0.002328,18175111,274056601
2019-01-05,0.00232,0.00235,0.00228,0.002319,17148586,272996564
2019-01-04,0.002364,0.002397,0.002274,0.002315,19530100,272494770
2019-01-03,0.002404,0.002414,0.002356,0.00236,17619234,277679885
2019-01-02,0.002388,0.002458,0.002372,0.002407,18015392,283171751
2019-01-01,0.002346,0.002392,0.002322,0.002392,17364744,281442717
2018-12-31,0.00237,0.002395,0.002325,0.002346,18724788,275928512
2018-12-30,0.00238,0.002402,0.002341,0.002367,16846019,278470304
2018-12-29,0.002439,0.002446,0.002388,0.002403,16985015,282658119
2018-12-28,0.002362,0.002447,0.002304,0.002434,19439895,286240348
2018-12-27,0.002477,0.002486,0.002364,0.002364,19224932,277947392
2018-12-26,0.002402,0.002496,0.002394,0.002474,17477619,290868131
2018-12-25,0.002555,0.002555,0.002318,0.002404,19340547,282621316
2018-12-24,0.00255,0.002638,0.00254,0.00254,24536966,298584294
2018-12-23,0.002502,0.002589,0.0025,0.002542,20041491,298792070
2018-12-22,0.002539,0.002561,0.002416,0.002502,18456616,294025343
2018-12-21,0.002722,0.002745,0.00251,0.002545,22399777,299000804
2018-12-20,0.002707,0.002779,0.00261,0.002731,23713034,320894679
2018-12-19,0.002674,0.002771,0.002562,0.00272,29874095,319482826
2018-12-18,0.002536,0.00269,0.002471,0.002684,39838880,315219760
2018-12-17,0.002125,0.002716,0.002119,0.002533,38633067,297529700
2018-12-16,0.002106,0.002145,0.002101,0.002125,16084725,249589839
2018-12-15,0.00207,0.002121,0.002063,0.002113,13579048,248156317
2018-12-14,0.002067,0.002085,0.002056,0.00207,16163454,243041742
2018-12-13,0.002118,0.002119,0.002045,0.002065,17660417,242442810
2018-12-12,0.002089,0.002137,0.002077,0.002111,18564007,247778497
2018-12-11,0.002097,0.002101,0.002065,0.002088,16096640,245087586
2018-12-10,0.002098,0.002119,0.002074,0.0021,15898038,246427924
2018-12-09,0.002113,0.002144,0.002089,0.002102,16961970,246649040
2018-12-08,0.002096,0.002157,0.002068,0.00212,18741868,248738484
2018-12-07,0.002104,0.002139,0.002031,0.002104,27761895,246818848
2018-12-06,0.002178,0.002227,0.002097,0.002097,24766152,245980363
2018-12-05,0.002194,0.002258,0.002143,0.00218,20634689,255697625
2018-12-04,0.00237,0.002379,0.002171,0.002196,17851389,257494595
2018-12-03,0.002247,0.002386,0.002144,0.002371,12481724,278040470
2018-12-02,0.002252,0.002271,0.002216,0.002246,9346514,263285351
2018-12-01,0.002175,0.002279,0.002155,0.00225,9596327,263750542
2018-11-30,0.00224,0.002255,0.00213,0.002165,11289729,253728206
2018-11-29,0.002251,0.002277,0.002186,0.002241,12848617,262631886
2018-11-28,0.002089,0.002302,0.002083,0.002246,14675800,263216105
2018-11-27,0.002095,0.002106,0.002006,0.002087,11737900,244511715
2018-11-26,0.002218,0.002254,0.00204,0.002099,11991200,245848748
2018-11-25,0.00223,0.002262,0.002073,0.00222,11793900,260041720
2018-11-24,0.002364,0.00239,0.002194,0.002224,11318100,260499268
2018-11-23,0.002408,0.002419,0.00229,0.002361,11322000,276466211
2018-11-22,0.002454,0.002481,0.002344,0.002412,13264200,282441634
2018-11-21,0.002266,0.002505,0.002174,0.002448,28366700,286620432
2018-11-20,0.002414,0.002437,0.002184,0.002254,20588800,263932882
2018-11-19,0.002641,0.002717,0.002415,0.002418,16481100,283005651
2018-11-18,0.002597,0.002645,0.002575,0.002643,11556400,309369879
2018-11-17,0.002746,0.002771,0.002563,0.002595,18533300,303689776
2018-11-16,0.002803,0.002819,0.002667,0.002746,24758900,321325361
2018-11-15,0.002703,0.002816,0.002511,0.0028,22776600,327645999
2018-11-14,0.002947,0.002954,0.002612,0.002695,15358000,315331726
2018-11-13,0.003066,0.003087,0.002943,0.002945,7309800,344531571
2018-11-12,0.003164,0.003173,0.003039,0.003064,10401200,358414070
2018-11-11,0.003278,0.003286,0.003142,0.003162,8201330,369745370
2018-11-10,0.003135,0.003347,0.003092,0.003285,15996900,384068861
2018-11-09,0.003369,0.003373,0.003095,0.00314,18644000,367129457
2018-11-08,0.003637,0.00366,0.003377,0.003384,13533900,395578770
2018-11-07,0.003698,0.003719,0.003625,0.003637,10603600,425182385
2018-11-06,0.003632,0.003732,0.003616,0.003696,15554100,433467772
2018-11-05,0.003664,0.003744,0.003616,0.003622,11645300,423301553
2018-11-04,0.003749,0.003788,0.003676,0.003676,8992540,429511053
2018-11-03,0.003776,0.003786,0.00373,0.003733,7815160,436195624
2018-11-02,0.003778,0.00381,0.003745,0.003773,11323400,440812519
2018-11-01,0.003759,0.003951,0.003753,0.003777,10034100,441152745
2018-10-31,0.003835,0.003873,0.00369,0.003764,14273900,439603254
2018-10-30,0.003857,0.003908,0.003819,0.00385,11828900,449643133
2018-10-29,0.004048,0.004064,0.003835,0.003847,14051900,449242891
2018-10-28,0.004188,0.004188,0.004035,0.004063,11694700,474359842
2018-10-27,0.004011,0.004256,0.004011,0.004195,23286000,489681080
2018-10-26,0.003703,0.003984,0.003703,0.003984,16214900,465080941
2018-10-25,0.003912,0.003921,0.003676,0.003717,12336100,433818659
2018-10-24,0.004162,0.004163,0.003859,0.003911,17832300,456437857
2018-10-23,0.004373,0.004401,0.004136,0.004172,12913100,486756513
2018-10-22,0.004508,0.004535,0.004357,0.004366,10602500,509318217
2018-10-21,0.004552,0.004602,0.004509,0.004517,7521080,526968561
2018-10-20,0.004501,0.004558,0.004443,0.004551,7574780,530881311
2018-10-19,0.004389,0.004566,0.004273,0.00447,17274700,521344520
2018-10-18,0.004605,0.004729,0.004336,0.004386,22842600,511469870
2018-10-17,0.00501,0.005025,0.004493,0.004599,24144600,536231883
2018-10-16,0.005222,0.005222,0.004966,0.005017,11794600,584946754
2018-10-15,0.005153,0.005457,0.005124,0.005218,18579800,608254396
2018-10-14,0.005174,0.005223,0.005145,0.005158,7930760,601233349
2018-10-13,0.005245,0.005272,0.005163,0.005182,8095130,603905182
2018-10-12,0.004982,0.005283,0.004957,0.005247,9635600,611427695
2018-10-11,0.005547,0.005547,0.004901,0.005,18770800,582635155
2018-10-10,0.005628,0.005648,0.005531,0.005552,10274400,646790165
2018-10-09,0.005594,0.005639,0.005574,0.005635,8996090,656416571
2018-10-08,0.005573,0.005652,0.00555,0.005578,12177400,649726470
2018-10-07,0.005559,0.005575,0.005512,0.005562,7755690,647783090
2018-10-06,0.005686,0.00577,0.005483,0.005545,13055500,645695893
2018-10-05,0.005647,0.005744,0.005625,0.005669,12566200,660047445
2018-10-04,0.005712,0.005767,0.005576,0.005645,14529600,657223864
2018-10-03,0.005813,0.005826,0.005655,0.005704,15933900,663984391
2018-10-02,0.005927,0.005964,0.005789,0.005824,15357200,677834331
2018-10-01,0.005901,0.006024,0.005881,0.005942,20096400,691491512
2018-09-30,0.005867,0.00591,0.005828,0.005906,13396600,687215143
2018-09-29,0.005832,0.005898,0.005765,0.005865,15626800,682339782
2018-09-28,0.005864,0.005965,0.005783,0.005831,14461600,678300466
2018-09-27,0.005702,0.00591,0.005693,0.005879,15096200,683838581
2018-09-26,0.005692,0.005753,0.005662,0.005695,11673600,662329725
2018-09-25,0.00568,0.005794,0.005587,0.005686,17598700,661194576
2018-09-24,0.005904,0.006067,0.005659,0.005677,17243600,660168122
2018-09-23,0.005765,0.005907,0.005736,0.005901,12445100,686080917
2018-09-22,0.005682,0.005817,0.005604,0.005758,14917600,669390105
2018-09-21,0.005695,0.005961,0.005553,0.005684,22345300,660681858
2018-09-20,0.005605,0.0059,0.005605,0.005695,25354400,661896910
2018-09-19,0.005984,0.006031,0.00536,0.005609,38645300,651826831
2018-09-18,0.006231,0.00628,0.005789,0.005981,39689500,694945887
2018-09-17,0.00654,0.006547,0.006156,0.006243,26385900,725299657
2018-09-16,0.006191,0.006531,0.006141,0.006531,21598600,758705131
2018-09-15,0.006187,0.006267,0.006134,0.006165,16956400,716133149
2018-09-14,0.006558,0.006658,0.006095,0.00618,41910000,717737373
2018-09-13,0.006468,0.006609,0.00641,0.006554,45785700,761150295
2018-09-12,0.006325,0.006457,0.006193,0.006455,59824100,749563102
2018-09-11,0.006931,0.006931,0.005953,0.006329,89882900,734786915
2018-09-10,0.00584,0.006933,0.00584,0.006892,76891600,800113779
2018-09-09,0.00571,0.005843,0.005702,0.005829,32572000,676577705
2018-09-08,0.005298,0.005858,0.005298,0.005692,48248300,660574628
2018-09-07,0.004996,0.005442,0.004996,0.005307,37618700,615880470
2018-09-06,0.004926,0.005092,0.004665,0.00501,32481300,581271400
2018-09-05,0.005259,0.005394,0.004809,0.004931,50536000,572046224
2018-09-04,0.005279,0.005323,0.005055,0.005269,32495100,611181289
2018-09-03,0.005026,0.00555,0.004985,0.005266,57158800,610853685
2018-09-02,0.00631,0.006554,0.004548,0.004999,139429000,579769447
2018-09-01,0.004741,0.006753,0.004337,0.006278,193826000,727970620
2018-08-31,0.003216,0.004849,0.003213,0.004794,77150500,555832504
2018-08-30,0.002598,0.003269,0.002596,0.003206,33967500,371736148
2018-08-29,0.002607,0.00262,0.002516,0.002606,4588400,302033242
2018-08-28,0.002475,0.002619,0.002451,0.002607,5215460,302144270
2018-08-27,0.002404,0.002468,0.002387,0.002462,3618660,285305949
2018-08-26,0.002368,0.002413,0.002288,0.002404,2912230,278624233
2018-08-25,0.002423,0.002439,0.002355,0.00237,4028740,274615435
2018-08-24,0.002391,0.002436,0.002354,0.002426,3251910,281064242
2018-08-23,0.002315,0.002397,0.002313,0.002385,2596260,276305563
2018-08-22,0.002423,0.002517,0.002312,0.002315,5962320,268075742
2018-08-21,0.002364,0.002431,0.002362,0.002424,2134170,280772183
2018-08-20,0.002464,0.002485,0.00236,0.002369,2424120,274272438
2018-08-19,0.002413,0.002473,0.002366,0.002473,2665100,286367576
2018-08-18,0.002477,0.002499,0.002368,0.002394,6738940,277170288
2018-08-17,0.002316,0.002478,0.002285,0.002455,5233940,284151789
2018-08-16,0.002299,0.00237,0.002227,0.002292,5860370,265235124
2018-08-15,0.002256,0.002412,0.002248,0.002303,5379460,266549316
2018-08-14,0.00232,0.002325,0.002143,0.00226,7512400,261534677
2018-08-13,0.002407,0.002451,0.002285,0.002331,4981090,269736329
2018-08-12,0.002396,0.00244,0.00236,0.002404,3433940,278123345
2018-08-11,0.00238,0.00246,0.002345,0.002404,5083850,278022865
2018-08-10,0.002554,0.002609,0.002365,0.002392,4693290,276653726
2018-08-09,0.002408,0.002593,0.002381,0.002555,7374010,295514406
2018-08-08,0.002669,0.002669,0.002396,0.002415,4879040,279185556
2018-08-07,0.002775,0.002827,0.00266,0.002671,5725520,308809411
2018-08-06,0.002872,0.002909,0.00274,0.002779,5668670,321265095
2018-08-05,0.002783,0.002915,0.002733,0.002837,11384200,327938540
2018-08-04,0.002896,0.002965,0.002737,0.002745,7980110,317270338
2018-08-03,0.002959,0.002969,0.002846,0.002918,9546950,337172279
2018-08-02,0.00308,0.003163,0.002927,0.002946,6942240,340387652
2018-08-01,0.003018,0.00316,0.002828,0.00316,14829700,365019481
2018-07-31,0.003325,0.003325,0.002857,0.002945,14253600,340164809
2018-07-30,0.003313,0.003352,0.003031,0.003273,13732200,377999636
2018-07-29,0.003414,0.003477,0.003286,0.003307,5890530,381945739
2018-07-28,0.003408,0.00347,0.003389,0.0034,3341480,392607817
2018-07-27,0.003388,0.003461,0.003284,0.003418,5090340,394605475
2018-07-26,0.00353,0.003645,0.003354,0.003393,6916450,391735302
2018-07-25,0.003592,0.00366,0.003313,0.003543,13195600,408948842
2018-07-24,0.003446,0.003668,0.00339,0.00362,10829100,417763030
2018-07-23,0.003468,0.003638,0.003419,0.003431,8372820,395957342
2018-07-22,0.003339,0.003582,0.003278,0.003458,11356800,399040882
2018-07-21,0.00345,0.003531,0.003217,0.00327,13342900,377290410
2018-07-20,0.003829,0.003836,0.003294,0.00341,18017900,393392432
2018-07-19,0.003683,0.00395,0.003481,0.003844,25349600,443392195
2018-07-18,0.003222,0.004314,0.003189,0.003712,39281300,428178335
2018-07-17,0.002812,0.003261,0.002801,0.003228,15429200,372245952
2018-07-16,0.002366,0.002869,0.002366,0.002854,15576200,329148248
2018-07-15,0.00237,0.002415,0.00232,0.00238,3869860,274421956
2018-07-14,0.002304,0.002384,0.002187,0.002362,4179950,272285060
2018-07-13,0.002307,0.002356,0.002207,0.002332,6191910,268861136
2018-07-12,0.002395,0.002425,0.002244,0.002306,4220800,265785074
2018-07-11,0.002406,0.002475,0.002353,0.002425,9788650,279463345
2018-07-10,0.002606,0.002623,0.002242,0.002411,6741490,277864986
2018-07-09,0.002612,0.002649,0.002595,0.002603,4233540,299949050
2018-07-08,0.002642,0.002671,0.002573,0.002611,5004800,300734142
2018-07-07,0.002601,0.002646,0.002547,0.002645,4205310,304620169
2018-07-06,0.00261,0.002619,0.002551,0.002597,4306990,299049595
2018-07-05,0.002679,0.002695,0.002578,0.002599,3792270,299294780
2018-07-04,0.002637,0.002724,0.002587,0.00268,4781340,308602980
2018-07-03,0.002699,0.002764,0.002618,0.002638,5643560,303713117
2018-07-02,0.002486,0.002721,0.002429,0.002703,5812800,311174076
2018-07-01,0.002508,0.002554,0.002456,0.002489,8435030,286509504
2018-06-30,0.002435,0.002541,0.002421,0.002499,6122900,287630567
2018-06-29,0.002409,0.002492,0.002293,0.002427,3832380,279304722
2018-06-28,0.002406,0.002504,0.002333,0.002357,3678050,271187894
2018-06-27,0.002484,0.002508,0.002335,0.002437,5765380,280401350
2018-06-26,0.002501,0.002577,0.002457,0.002478,4070170,285041033
2018-06-25,0.00249,0.002576,0.002392,0.002485,5693670,285861158
2018-06-24,0.002635,0.002711,0.002331,0.00251,9879600,288641071
2018-06-23,0.002671,0.002714,0.002585,0.002641,9938440,303670220
2018-06-22,0.002983,0.003004,0.0026,0.002668,9291920,306702253
2018-06-21,0.003021,0.003031,0.002968,0.002988,3952000,343481918
2018-06-20,0.003035,0.003047,0.002944,0.003021,3245680,347206138
2018-06-19,0.003027,0.003074,0.002956,0.003033,4460270,348638115
2018-06-18,0.002916,0.00308,0.002831,0.003027,8143520,347923935
2018-06-17,0.002906,0.002945,0.002873,0.002873,6253640,330081698
2018-06-16,0.002892,0.002956,0.002829,0.002895,6642410,332593553
2018-06-15,0.002953,0.002982,0.002837,0.002901,12125600,333264840
2018-06-14,0.002816,0.003016,0.002811,0.002944,9869880,338168614
2018-06-13,0.003092,0.003115,0.002778,0.002817,11074900,323516474
2018-06-12,0.003237,0.003273,0.003075,0.003089,4965300,354758102
2018-06-11,0.00318,0.003247,0.003102,0.003234,4841840,371367950
2018-06-10,0.003595,0.003595,0.003151,0.003182,7439530,365371603
2018-06-09,0.003658,0.003711,0.003593,0.003593,4672910,412504966
2018-06-08,0.003746,0.003784,0.003633,0.003659,6921140,419946809
2018-06-07,0.003748,0.003836,0.003707,0.003732,6110720,428293524
2018-06-06,0.003655,0.0038,0.003573,0.003787,21273700,434554168
2018-06-05,0.003538,0.003722,0.003514,0.003654,18819700,419254906
2018-06-04,0.003691,0.00376,0.003512,0.003532,22162200,405239497
2018-06-03,0.003576,0.00375,0.003545,0.00369,19570200,423325479
2018-06-02,0.003418,0.003584,0.0034,0.003558,5918490,408089278
2018-06-01,0.003427,0.003469,0.003336,0.003423,5436780,392591613
2018-05-31,0.003429,0.003513,0.003317,0.003398,8971080,389661096
2018-05-30,0.003447,0.003506,0.003323,0.003354,7463910,384506684
2018-05-29,0.003226,0.003446,0.003168,0.003437,9244550,393979506
2018-05-28,0.003433,0.003447,0.003218,0.003226,7502800,369745371
2018-05-27,0.003464,0.00348,0.003401,0.003424,3494870,392428907
2018-05-26,0.00355,0.003569,0.003459,0.003463,6353660,396818057
2018-05-25,0.003474,0.003607,0.003376,0.003514,10613600,402683933
2018-05-24,0.00359,0.003713,0.003248,0.003499,10460200,400915452
2018-05-23,0.003858,0.004274,0.003435,0.003591,14899100,411345523
2018-05-22,0.004212,0.004281,0.003823,0.003851,10205700,441124252
2018-05-21,0.004397,0.004419,0.003947,0.004271,18454500,489159638
2018-05-20,0.00425,0.004476,0.003907,0.004423,15909900,506485164
2018-05-19,0.004217,0.004428,0.004005,0.004286,15007400,490735464
2018-05-18,0.003996,0.004377,0.003755,0.004017,13622000,459919190
2018-05-17,0.004368,0.00448,0.004173,0.004188,17314000,479446692
2018-05-16,0.004474,0.00455,0.00426,0.004385,9611630,501944871
2018-05-15,0.004443,0.004788,0.004418,0.004515,21076900,516726421
2018-05-14,0.004499,0.004559,0.004219,0.00446,12399700,510361318
2018-05-13,0.004307,0.004622,0.003965,0.004329,19823500,495286562
2018-05-12,0.00445,0.004668,0.003918,0.004473,27449400,511781761
2018-05-11,0.005036,0.005036,0.003997,0.004362,27582800,498921346
2018-05-10,0.004825,0.005296,0.004531,0.00487,34878500,557000639
2018-05-09,0.005273,0.005324,0.004652,0.005093,33562300,582406976
2018-05-08,0.004833,0.005356,0.004792,0.005303,40660100,606410324
2018-05-07,0.004966,0.005017,0.004632,0.004817,25891500,550808734
2018-05-06,0.005202,0.005259,0.004725,0.00497,33446900,568134218
2018-05-05,0.005267,0.005347,0.005026,0.00518,30335800,592172154
2018-05-04,0.005533,0.005555,0.005205,0.005269,14434200,602168795
2018-05-03,0.005334,0.005649,0.005212,0.005641,50484900,644659838
2018-05-02,0.005114,0.005415,0.005041,0.005273,49958400,602519225
2018-05-01,0.005272,0.005272,0.004899,0.005144,11657500,587750702
2018-04-30,0.005405,0.005534,0.005136,0.00521,36411800,595237179
2018-04-29,0.00547,0.005558,0.005222,0.005459,37883800,623566087
2018-04-28,0.005364,0.005622,0.005314,0.005357,35916600,611859890
2018-04-27,0.005583,0.005739,0.005296,0.005422,38969800,619127865
2018-04-26,0.005128,0.005676,0.004896,0.005627,41358700,642470068
2018-04-25,0.005879,0.005919,0.004947,0.005093,38270000,581482891
2018-04-24,0.005489,0.005908,0.005482,0.0058,36637000,662124918
2018-04-23,0.005545,0.005707,0.0054,0.005482,33576300,625700626
2018-04-22,0.005442,0.005773,0.005328,0.005539,18456900,632129664
2018-04-21,0.005878,0.005887,0.005194,0.005413,25007100,617731981
2018-04-20,0.005834,0.005958,0.005698,0.005893,23110700,672355879
2018-04-19,0.005397,0.005824,0.00532,0.005824,27012500,664427354
2018-04-18,0.004712,0.005468,0.004708,0.005412,21720200,617372188
2018-04-17,0.004588,0.004869,0.004515,0.004744,17139500,541044699
2018-04-16,0.004588,0.00492,0.004391,0.004585,22272600,522843971
2018-04-15,0.004135,0.004614,0.004135,0.004571,11867500,521261891
2018-04-14,0.003958,0.004218,0.003924,0.00415,13585900,473228673
2018-04-13,0.003782,0.004294,0.00375,0.003995,18150400,455430861
2018-04-12,0.003374,0.003798,0.003255,0.003798,13877700,432950912
2018-04-11,0.003039,0.003499,0.003013,0.003396,25292400,387108403
2018-04-10,0.002759,0.003073,0.00274,0.003043,10212100,346737261
2018-04-09,0.002855,0.002929,0.002724,0.002763,4827250,314807366
2018-04-08,0.002786,0.002907,0.002786,0.002843,3683180,323884729
2018-04-07,0.002682,0.002865,0.002669,0.002802,3034220,319168904
2018-04-06,0.002715,0.002737,0.002614,0.00267,2848290,304130896
2018-04-05,0.002785,0.002791,0.002654,0.002714,4829150,309054897
2018-04-04,0.002982,0.003006,0.002717,0.00277,5330250,315475248
2018-04-03,0.002794,0.002993,0.00278,0.00298,6618080,339266307
2018-04-02,0.002731,0.002814,0.002704,0.002797,5034000,318465574
2018-04-01,0.002818,0.002869,0.002595,0.002719,3373820,309485889
2018-03-31,0.002752,0.002897,0.002699,0.002819,3505010,320911092
2018-03-30,0.002811,0.00289,0.002648,0.002763,5378440,314463228
2018-03-29,0.003171,0.003177,0.002758,0.002827,5630550,321655144
2018-03-28,0.003134,0.003244,0.003114,0.003141,4912220,357344344
2018-03-27,0.003276,0.003283,0.003108,0.003145,5235300,357785687
2018-03-26,0.003498,0.003541,0.003141,0.003289,6061990,374176872
2018-03-25,0.00355,0.003576,0.003463,0.003505,3476340,398679314
2018-03-24,0.003597,0.003727,0.00351,0.00359,4461220,408301808
2018-03-23,0.003533,0.00356,0.003341,0.00356,6178530,404772685
2018-03-22,0.003666,0.003726,0.003443,0.003528,5210480,401139207
2018-03-21,0.003651,0.003833,0.003606,0.003659,6711100,415921725
2018-03-20,0.003466,0.003727,0.003388,0.003651,6638060,414990078
2018-03-19,0.003199,0.003504,0.003144,0.00344,8278910,390980328
2018-03-18,0.00328,0.00328,0.00279,0.00319,9029610,362543841
2018-03-17,0.003505,0.00355,0.003249,0.003299,6231110,374824967
2018-03-16,0.003542,0.003655,0.003441,0.00351,6407110,398839483
2018-03-15,0.003521,0.003619,0.003267,0.003536,9316740,401676595
2018-03-14,0.003954,0.004018,0.003423,0.003524,7532350,400229180
2018-03-13,0.00402,0.004234,0.003879,0.00396,6006560,449768151
2018-03-12,0.004207,0.004273,0.003835,0.004032,7601500,457816698
2018-03-11,0.003959,0.00432,0.003843,0.00421,9251440,477971379
2018-03-10,0.004137,0.004379,0.00395,0.003973,9880540,451032436
2018-03-09,0.004006,0.004146,0.003618,0.004146,13624400,470609046
2018-03-08,0.004015,0.004418,0.003895,0.004025,15499400,456837512
2018-03-07,0.004618,0.004704,0.004011,0.004024,17585500,456705754
2018-03-06,0.005122,0.005136,0.004558,0.00461,14766900,523141571
2018-03-05,0.005462,0.005535,0.005157,0.005218,13627700,591986388
2018-03-04,0.005234,0.005502,0.005164,0.005502,12133500,624158962
2018-03-03,0.005494,0.005756,0.005181,0.005301,21545000,601285949
2018-03-02,0.006174,0.006232,0.005447,0.005482,22498100,621726561
2018-03-01,0.006042,0.00632,0.005945,0.006215,15518400,704812282
2018-02-28,0.00627,0.006451,0.006006,0.006018,13227600,682419942
2018-02-27,0.006363,0.006574,0.00627,0.006291,12201900,713270307
2018-02-26,0.006169,0.006499,0.005962,0.006339,12068600,718603157
2018-02-25,0.006321,0.006411,0.005997,0.006142,11758800,696235030
2018-02-24,0.006666,0.006898,0.006131,0.006324,15687300,716769751
2018-02-23,0.006253,0.006949,0.006038,0.006648,19390500,753353115
2018-02-22,0.006568,0.006869,0.006082,0.006259,20365500,709168605
2018-02-21,0.007087,0.007391,0.006349,0.006581,36813100,745581440
2018-02-20,0.006679,0.008288,0.006399,0.007094,107911000,803659982
2018-02-19,0.00641,0.006938,0.006341,0.006697,13019200,758506771
2018-02-18,0.007114,0.007144,0.00633,0.006424,15291500,727588696
2018-02-17,0.007064,0.007322,0.006853,0.007049,18333100,798267106
2018-02-16,0.007295,0.007485,0.006529,0.007034,26553900,796386651
2018-02-15,0.006717,0.007948,0.006714,0.007347,43275000,831793418
2018-02-14,0.00563,0.006786,0.00563,0.00673,40527400,761914124
2018-02-13,0.005475,0.005678,0.005271,0.005638,14149700,638124005
2018-02-12,0.004964,0.005508,0.004964,0.005472,11124300,619304749
2018-02-11,0.004968,0.005183,0.004606,0.004956,11309800,560868396
2018-02-10,0.004982,0.005441,0.004744,0.004989,16717300,564542285
2018-02-09,0.00456,0.005011,0.004313,0.005,11190100,565681599
2018-02-08,0.004263,0.004872,0.004263,0.004566,9462680,516515304
2018-02-07,0.004314,0.0048,0.003934,0.004297,12990100,486004813
2018-02-06,0.003544,0.004421,0.003036,0.004361,19139100,493153304
2018-02-05,0.004397,0.00447,0.003376,0.003533,12489400,399524306
2018-02-04,0.005182,0.005317,0.004176,0.004399,12961600,497364799
2018-02-03,0.004501,0.005495,0.004159,0.005164,18018100,583800030
2018-02-02,0.005023,0.005023,0.00331,0.004475,29913700,505797136
2018-02-01,0.006021,0.00609,0.004791,0.005029,18748700,568402416
2018-01-31,0.006001,0.006219,0.005752,0.00601,14754700,679199153
2018-01-30,0.006969,0.006992,0.005942,0.006024,15855900,680637218
2018-01-29,0.007401,0.007522,0.006863,0.006967,13073100,787122893
2018-01-28,0.007409,0.007681,0.007337,0.007465,14070700,843237988
2018-01-27,0.00724,0.007545,0.007168,0.007373,11672900,832760567
2018-01-26,0.007702,0.007982,0.006795,0.007237,19572300,817296655
2018-01-25,0.007155,0.007763,0.007124,0.007667,21329400,865745131
2018-01-24,0.006642,0.007217,0.006473,0.007083,17449900,799755503
2018-01-23,0.006723,0.007049,0.006228,0.006673,17882700,753393585
2018-01-22,0.007199,0.007606,0.006318,0.006734,19968600,760095989
2018-01-21,0.008438,0.008438,0.006983,0.007131,22933100,804877210
2018-01-20,0.007957,0.008649,0.007957,0.008448,22974100,953343861
2018-01-19,0.007872,0.008435,0.007467,0.007871,30335700,888117577
2018-01-18,0.007641,0.008733,0.007195,0.007969,56599300,899102560
2018-01-17,0.006812,0.007741,0.005499,0.007648,58846200,862812720
2018-01-16,0.009863,0.009863,0.005672,0.006822,68099200,769558552
2018-01-15,0.011631,0.011779,0.009848,0.009857,62765500,1111760879
2018-01-14,0.013057,0.013187,0.011344,0.011684,65899000,1317716492
2018-01-13,0.013057,0.013653,0.012478,0.013023,55890600,1468529067
2018-01-12,0.011479,0.013339,0.011165,0.013056,56971300,1472034319
2018-01-11,0.01302,0.013153,0.010987,0.011469,62722000,1292966655
2018-01-10,0.013554,0.01356,0.011485,0.013102,100243000,1476852402
2018-01-09,0.015072,0.015569,0.013015,0.01342,115255000,1512508348
2018-01-08,0.017115,0.017664,0.013765,0.015045,235114000,1695430616
2018-01-07,0.014673,0.018773,0.014577,0.017088,288184000,1925382961
2018-01-06,0.012226,0.015788,0.012226,0.014863,283716992,1674491225
2018-01-05,0.00966,0.012283,0.009589,0.012167,212383008,1370604721
2018-01-04,0.009346,0.010036,0.008768,0.009644,108986000,1086239171
2018-01-03,0.009088,0.009584,0.008882,0.00932,66349900,1049588235
2018-01-02,0.008873,0.009598,0.008551,0.009145,89424096,1029797362
2018-01-01,0.009031,0.009063,0.008101,0.008909,50616900,1003050473
2017-12-31,0.007803,0.009274,0.007669,0.008972,62256400,1010010339
2017-12-30,0.009365,0.009446,0.007388,0.00786,56175300,884810743
2017-12-29,0.008513,0.009477,0.008155,0.009391,62474900,1056955586
2017-12-28,0.008856,0.008856,0.007717,0.008486,51201500,954963150
2017-12-27,0.009342,0.009609,0.008514,0.008872,63625500,998314075
2017-12-26,0.008935,0.009623,0.008173,0.009411,124427000,1058877173
2017-12-25,0.008649,0.010729,0.008582,0.008931,178008992,1004674178
2017-12-24,0.007282,0.008948,0.005974,0.008582,143767008,965364620
2017-12-23,0.006135,0.008076,0.00611,0.007259,70143104,816428067
2017-12-22,0.007386,0.007625,0.004742,0.006054,63693900,680766390
2017-12-21,0.006733,0.008768,0.006583,0.007425,159154000,834820435
2017-12-20,0.005619,0.007067,0.004892,0.006661,67820000,748907795
2017-12-19,0.006402,0.006693,0.005476,0.005666,38885700,636924902
2017-12-18,0.005938,0.006809,0.005622,0.006433,44158800,723023421
2017-12-17,0.005917,0.007628,0.005586,0.005984,99417200,672488067
2017-12-16,0.003767,0.006251,0.003638,0.005933,136352992,666727523
2017-12-15,0.00367,0.003809,0.003483,0.003762,19043800,422678524
2017-12-14,0.003449,0.003718,0.003419,0.003709,23426200,416683565
2017-12-13,0.003306,0.003884,0.003218,0.003461,31150900,388750770
2017-12-12,0.002794,0.003381,0.002665,0.003304,19228600,371078320
2017-12-11,0.002563,0.002894,0.002534,0.002798,7017140,314179916
2017-12-10,0.002607,0.002742,0.002307,0.002547,5614920,285960070
2017-12-09,0.002772,0.002846,0.002425,0.002617,6564530,293806517
2017-12-08,0.00273,0.002846,0.002326,0.002779,11797600,311978308
2017-12-07,0.002581,0.002858,0.002515,0.00272,15759300,305323590
2017-12-06,0.002495,0.002663,0.00244,0.002663,9047960,298826686
2017-12-05,0.002474,0.002676,0.002426,0.002479,8772420,278242796
2017-12-04,0.002206,0.002475,0.002178,0.002463,6307150,276409782
2017-12-03,0.002092,0.00234,0.002071,0.002223,4751640,249405607
2017-12-02,0.002122,0.002212,0.002017,0.002149,4978180,241024466
2017-12-01,0.002051,0.002237,0.001971,0.002148,5258110,240929705
2017-11-30,0.002048,0.002271,0.00189,0.002079,4919490,233164227
2017-11-29,0.002333,0.002581,0.001993,0.00208,11077200,233280395
2017-11-28,0.001991,0.002363,0.001949,0.002363,8317540,264879641
2017-11-27,0.001999,0.002036,0.001891,0.001988,6185790,222859152
2017-11-26,0.002073,0.002132,0.00188,0.002026,7670430,227138163
2017-11-25,0.001923,0.002072,0.001877,0.002072,5430930,232185059
2017-11-24,0.00194,0.001978,0.001788,0.001908,9585960,213828665
2017-11-23,0.001819,0.002246,0.001819,0.001891,26126500,211863702
2017-11-22,0.001401,0.002053,0.001373,0.001823,18841700,204237210
2017-11-21,0.00141,0.001446,0.001302,0.001389,3047660,155605422
2017-11-20,0.001374,0.001428,0.001348,0.001394,2141360,156086761
2017-11-19,0.001355,0.001421,0.00134,0.001376,1431720,154127620
2017-11-18,0.001308,0.001385,0.001254,0.001373,1648260,153733392
2017-11-17,0.001381,0.001394,0.001274,0.001313,2787480,147031148
2017-11-16,0.001348,0.001424,0.001286,0.00139,3423010,155643098
2017-11-15,0.001189,0.001351,0.001179,0.001339,2840180,149852218
2017-11-14,0.001201,0.001239,0.001131,0.001184,2660340,132549462
2017-11-13,0.001046,0.001212,0.001019,0.001211,2481270,135534682
2017-11-12,0.001189,0.00121,0.001002,0.001038,3288960,116147795
2017-11-11,0.001146,0.001257,0.001141,0.001201,2231080,134375658
2017-11-10,0.001421,0.001431,0.001125,0.001163,4246520,130061008
2017-11-09,0.001207,0.001415,0.001181,0.001415,6259550,158275567
2017-11-08,0.001175,0.00126,0.001148,0.001222,3528340,136644128
2017-11-07,0.001157,0.001214,0.00115,0.001177,2251920,131659738
2017-11-06,0.001171,0.001243,0.001145,0.001154,1997300,128985531
2017-11-05,0.001168,0.001236,0.001142,0.001182,1668270,132186840
2017-11-04,0.001143,0.001242,0.001098,0.001189,1986450,132880239
2017-11-03,0.001157,0.001215,0.001107,0.001121,2813240,125277849
2017-11-02,0.001109,0.001185,0.00105,0.001151,5326660,128673014
2017-11-01,0.001143,0.001175,0.00109,0.001138,2821950,127124958
2017-10-31,0.001143,0.001196,0.001106,0.001124,3075460,125608534
2017-10-30,0.001224,0.001228,0.001103,0.001151,2979150,128553236
2017-10-29,0.001037,0.001237,0.000993,0.001173,19651600,131042650
2017-10-28,0.00104,0.00116,0.000992,0.001037,1072410,115838085
2017-10-27,0.001052,0.001087,0.001024,0.001052,1414540,117507606
2017-10-26,0.001055,0.00109,0.001017,0.001051,1559670,117395796
2017-10-25,0.0011,0.0011,0.001009,0.001056,2198320,117863496
2017-10-24,0.001013,0.001139,0.000965,0.001092,5253740,121932279
2017-10-23,0.001022,0.001053,0.000959,0.001016,3524540,113352713
2017-10-22,0.001008,0.001077,0.000976,0.001023,2583310,114153274
2017-10-21,0.001048,0.001068,0.000959,0.001007,3157240,112344622
2017-10-20,0.001071,0.001098,0.001035,0.00105,3244930,117173990
2017-10-19,0.001056,0.001095,0.001045,0.001064,2189610,118646431
2017-10-18,0.001066,0.001079,0.000975,0.001047,2446530,116835650
2017-10-17,0.001161,0.00119,0.001063,0.001067,7260740,119044078
2017-10-16,0.001107,0.001254,0.001056,0.001164,6552920,129818631
2017-10-15,0.001097,0.001165,0.001045,0.001106,2164040,123350732
2017-10-14,0.001047,0.001115,0.001026,0.00111,2216010,123728892
2017-10-13,0.001064,0.001085,0.000976,0.001066,6885520,118811778
2017-10-12,0.001057,0.001096,0.001031,0.001062,3146680,118374302
2017-10-11,0.001035,0.00108,0.000996,0.001046,2390280,116589678
2017-10-10,0.00098,0.001047,0.000952,0.001036,1909730,115410505
2017-10-09,0.001056,0.001066,0.000963,0.000991,3065770,110386304
2017-10-08,0.001072,0.001136,0.001029,0.001056,2242630,117635323
2017-10-07,0.001079,0.001129,0.001021,0.001066,1488520,118755630
2017-10-06,0.001003,0.001085,0.000995,0.001056,1505160,117619217
2017-10-05,0.001016,0.001075,0.000979,0.001001,2656730,111512917
2017-10-04,0.001121,0.001121,0.000938,0.001024,2119210,114065546
2017-10-03,0.001085,0.001115,0.001004,0.001108,2044110,123407577
2017-10-02,0.001075,0.001133,0.001055,0.001085,3145110,120828186
2017-10-01,0.001142,0.001152,0.00105,0.001084,4295630,120619529
2017-09-30,0.001091,0.001169,0.001076,0.001145,4092970,127462556
2017-09-29,0.001105,0.001129,0.001001,0.001082,5674620,120442313
2017-09-28,0.001142,0.001172,0.001077,0.00108,4485170,120169039
2017-09-27,0.001132,0.00119,0.001113,0.001173,5371580,130487492
2017-09-26,0.001141,0.001194,0.001067,0.001151,9374910,128051587
2017-09-25,0.00089,0.001182,0.000889,0.001141,9597030,126867683
2017-09-24,0.00094,0.000983,0.000878,0.000892,4928520,99150921
2017-09-23,0.000771,0.000974,0.00076,0.000954,7670640,106075800
2017-09-22,0.000762,0.000783,0.000712,0.000772,3758470,85839983
2017-09-21,0.00085,0.000864,0.000736,0.000755,3157030,83953179
2017-09-20,0.000881,0.000888,0.000828,0.000862,4641920,95864199
2017-09-19,0.00094,0.000964,0.000852,0.00089,5206600,98960884
2017-09-18,0.000853,0.00096,0.000837,0.000947,7127750,105289092
2017-09-17,0.000867,0.000868,0.000767,0.000853,6776550,94759414
2017-09-16,0.000848,0.000921,0.000774,0.000867,13242000,96306792
2017-09-15,0.000852,0.00095,0.000626,0.000865,21413000,96132679
2017-09-14,0.001384,0.001397,0.000854,0.000854,13435300,94847806
2017-09-13,0.001442,0.001442,0.001333,0.001398,4788820,155284725
2017-09-12,0.001465,0.001578,0.001435,0.00144,8575960,159882603
2017-09-11,0.001397,0.001505,0.001387,0.001463,6644960,162461816
2017-09-10,0.001573,0.001581,0.001254,0.001395,10036300,154850998
2017-09-09,0.001586,0.001645,0.001534,0.001568,6441030,174031367
2017-09-08,0.00193,0.001956,0.001533,0.001596,10583000,177125057
2017-09-07,0.002016,0.002016,0.00192,0.001928,7589980,213910026
2017-09-06,0.001912,0.002042,0.001865,0.002019,11077100,223986648
2017-09-05,0.0018,0.001943,0.00154,0.001908,11565200,211642097
2017-09-04,0.002169,0.002169,0.001721,0.001786,11195900,198144548
2017-09-03,0.002263,0.002326,0.00209,0.002153,8700780,238765001
2017-09-02,0.002557,0.002701,0.002134,0.002226,23789600,246876828
2017-09-01,0.002064,0.002543,0.002049,0.002543,16681400,282046046
2017-08-31,0.002103,0.00215,0.002017,0.002064,12968400,228804389
2017-08-30,0.001862,0.002151,0.001817,0.002105,17500900,233398753
2017-08-29,0.001822,0.001924,0.001795,0.001867,6879110,206951990
2017-08-28,0.001764,0.001825,0.001751,0.001825,3210440,202245399
2017-08-27,0.001779,0.001784,0.001745,0.00176,2241620,194996480
2017-08-26,0.001787,0.001797,0.001735,0.001778,1935350,197004365
2017-08-25,0.001808,0.00183,0.001762,0.00179,2654040,198284912
2017-08-24,0.001731,0.001845,0.001722,0.001816,4796720,201223520
2017-08-23,0.001715,0.001791,0.0017,0.001732,5481120,191824059
2017-08-22,0.001713,0.001731,0.001616,0.001716,3645340,190062368
2017-08-21,0.001693,0.001712,0.001644,0.001712,3580650,189571337
2017-08-20,0.00167,0.001726,0.001636,0.001707,3050890,189031463
2017-08-19,0.001681,0.001709,0.001647,0.001678,3028000,185787198
2017-08-18,0.001711,0.001759,0.001654,0.001678,3190510,185762813
2017-08-17,0.001781,0.001799,0.001575,0.00171,3365590,189307023
2017-08-16,0.001732,0.001798,0.0017,0.001774,3874060,196376336
2017-08-15,0.001758,0.001827,0.001656,0.001738,7095620,192321528
2017-08-14,0.001807,0.00183,0.001711,0.001762,4321530,195005983
2017-08-13,0.001853,0.001874,0.001731,0.001807,4744330,199948813
2017-08-12,0.001877,0.001992,0.001828,0.001856,7282380,205262085
2017-08-11,0.001897,0.001897,0.001817,0.00188,5135210,207948541
2017-08-10,0.001939,0.001945,0.001891,0.001896,4006990,209656696
2017-08-09,0.001961,0.001974,0.001895,0.001937,4251240,214167442
2017-08-08,0.00195,0.001987,0.001929,0.001961,4784700,216822987
2017-08-07,0.001919,0.001974,0.001882,0.001949,5318800,215460298
2017-08-06,0.002086,0.00214,0.001901,0.001909,6541340,211048436
2017-08-05,0.001817,0.002087,0.001804,0.002087,8047780,230690211
2017-08-04,0.001794,0.001847,0.001784,0.00182,3828740,201162666
2017-08-03,0.001785,0.001807,0.001759,0.001795,3213770,198345142
2017-08-02,0.00179,0.001823,0.001746,0.001788,4626730,197572304
2017-08-01,0.001719,0.001803,0.001642,0.001792,4465920,197951948
2017-07-31,0.001713,0.001728,0.001632,0.001718,3841680,189798984
2017-07-30,0.001771,0.001773,0.001691,0.001719,2110290,189841584
2017-07-29,0.001772,0.001774,0.001662,0.001768,2728040,195262614
2017-07-28,0.001855,0.001871,0.001751,0.001782,4510970,196738456
2017-07-27,0.00181,0.001872,0.001778,0.001856,3369400,204889710
2017-07-26,0.001772,0.001814,0.001659,0.00181,3897040,199806282
2017-07-25,0.001997,0.002002,0.001703,0.001773,4078660,195723774
2017-07-24,0.001973,0.00201,0.001912,0.00198,3671250,218468436
2017-07-23,0.002097,0.002193,0.001889,0.001972,10407100,217635337
2017-07-22,0.001936,0.002102,0.001921,0.002095,6184110,231094037
2017-07-21,0.001954,0.002023,0.001898,0.001936,6889580,213594706
2017-07-20,0.001694,0.00201,0.001694,0.001935,7934090,213373670
2017-07-19,0.00187,0.001935,0.001687,0.001689,8549310,186252336
2017-07-18,0.001523,0.001888,0.001467,0.001864,10344200,205507620
2017-07-17,0.001303,0.001554,0.001303,0.00152,4765630,167556914
2017-07-16,0.001484,0.001524,0.00128,0.001307,4390690,144110351
2017-07-15,0.001675,0.001675,0.001477,0.001484,3788270,163558753
2017-07-14,0.001826,0.001851,0.001632,0.001681,3700410,185301423
2017-07-13,0.001958,0.002056,0.00178,0.001823,6931840,200871717
2017-07-12,0.001759,0.001938,0.001674,0.001938,9627830,213554221
2017-07-11,0.001956,0.002036,0.001768,0.001779,9803180,195983180
2017-07-10,0.002338,0.002373,0.001865,0.001952,7350820,215080219
2017-07-09,0.002442,0.002492,0.002326,0.00233,4122620,256657309
2017-07-08,0.002386,0.002461,0.002202,0.00244,8176760,268764834
2017-07-07,0.002629,0.002629,0.002388,0.002397,7367710,263978150
2017-07-06,0.002711,0.00282,0.002601,0.002636,10702300,290253630
2017-07-05,0.002504,0.002829,0.002423,0.002714,17293700,298730544
2017-07-04,0.002527,0.002612,0.00251,0.002518,5302360,277197171
2017-07-03,0.002467,0.002601,0.002395,0.002533,7488410,278765959
2017-07-02,0.002638,0.002645,0.002253,0.002481,6310430,272983974
2017-07-01,0.002601,0.002893,0.002418,0.002645,5623250,291030487
2017-06-30,0.002654,0.002682,0.002601,0.002602,4828560,286240722
2017-06-29,0.002787,0.002787,0.002599,0.002656,6596660,292156834
2017-06-28,0.002636,0.002822,0.002526,0.002793,9713640,307215582
2017-06-27,0.00275,0.002766,0.002245,0.002623,16548800,288432960
2017-06-26,0.002958,0.003041,0.002449,0.00275,19984800,302421460
2017-06-25,0.003129,0.003436,0.002873,0.002961,25808000,325563588
2017-06-24,0.003139,0.003294,0.003121,0.003135,12055500,344687037
2017-06-23,0.003101,0.003188,0.003044,0.003143,9479750,345466885
2017-06-22,0.003126,0.003141,0.003046,0.003104,9515860,341137156
2017-06-21,0.003219,0.003292,0.003095,0.003125,14635800,343387744
2017-06-20,0.003154,0.003287,0.003151,0.003218,15050400,353617215
2017-06-19,0.003219,0.003253,0.003141,0.003141,12364900,345103750
2017-06-18,0.003335,0.003336,0.003171,0.00323,9348420,354812176
2017-06-17,0.003135,0.003384,0.003135,0.003322,16275900,364943129
2017-06-16,0.003043,0.003207,0.002947,0.003163,13983500,347356322
2017-06-15,0.0031,0.00311,0.002764,0.003043,15751600,334136364
2017-06-14,0.003305,0.003379,0.003011,0.003092,14116100,339460162
2017-06-13,0.00325,0.003432,0.00325,0.003313,15386000,363714822
2017-06-12,0.003603,0.003603,0.003166,0.003253,20308300,357074637
2017-06-11,0.003307,0.003795,0.003276,0.003601,40179500,395265960
2017-06-10,0.00343,0.003483,0.003292,0.003313,22219500,363573700
2017-06-09,0.003576,0.003624,0.003418,0.003453,25259700,378848044
2017-06-08,0.003279,0.003591,0.003095,0.003575,30213200,392181330
2017-06-07,0.003764,0.003815,0.003302,0.003302,29591900,362183090
2017-06-06,0.003859,0.004036,0.003549,0.003741,44359200,410328884
2017-06-05,0.003191,0.003901,0.003169,0.003873,53883800,424751204
2017-06-04,0.003279,0.003496,0.003071,0.003179,47092000,348600600
2017-06-03,0.003022,0.003375,0.002814,0.003251,40595200,356480571
2017-06-02,0.002878,0.003101,0.002858,0.003026,34663300,331768244
2017-06-01,0.002665,0.002903,0.002655,0.002867,23980700,314238600
2017-05-31,0.002639,0.002739,0.002392,0.002657,19840600,291223324
2017-05-30,0.002734,0.002994,0.00257,0.002623,22734100,287491007
2017-05-29,0.00253,0.002843,0.002427,0.002732,19870300,299397082
2017-05-28,0.002583,0.002858,0.002304,0.002579,34751700,282586773
2017-05-27,0.002428,0.002571,0.0017,0.002541,51605800,278381109
2017-05-26,0.00295,0.003277,0.002302,0.002424,32173900,265467531
2017-05-25,0.003702,0.003712,0.002921,0.002994,47384900,327904155
2017-05-24,0.003543,0.004044,0.003524,0.003659,55427800,400696361
2017-05-23,0.003367,0.004031,0.003125,0.003562,69025696,390020192
2017-05-22,0.003095,0.003766,0.002487,0.003405,122287000,372790907
2017-05-21,0.00191,0.003062,0.00191,0.003062,105483000,335148585
2017-05-20,0.001511,0.001921,0.001478,0.0019,23947700,207936862
2017-05-19,0.001512,0.001594,0.001424,0.001518,15752100,166080690
2017-05-18,0.001318,0.001647,0.00129,0.001508,30426900,165053035
2017-05-17,0.001068,0.001396,0.001068,0.001318,19914100,144250618
2017-05-16,0.001123,0.001125,0.000995,0.001059,7799600,115902941
2017-05-15,0.001275,0.001277,0.001098,0.001128,5239470,123385340
2017-05-14,0.001198,0.001274,0.001188,0.001274,4752270,139315690
2017-05-13,0.001188,0.001212,0.001123,0.001184,5599360,129426581
2017-05-12,0.001215,0.001263,0.001182,0.001183,6218670,129385995
2017-05-11,0.001236,0.00125,0.001124,0.001212,7417150,132531385
2017-05-10,0.001253,0.001382,0.0012,0.001239,9734520,135432315
2017-05-09,0.001531,0.001531,0.001107,0.001239,18473100,135399786
2017-05-08,0.001335,0.001523,0.001249,0.001521,23381600,166179752
2017-05-07,0.001176,0.00143,0.001157,0.001305,34856400,142549286
2017-05-06,0.000837,0.001169,0.000809,0.001169,14651900,127767020
2017-05-05,0.000738,0.000932,0.000736,0.00084,9754900,91730012
2017-05-04,0.000686,0.000763,0.000675,0.000744,4638240,81302972
2017-05-03,0.000611,0.000695,0.000591,0.000678,4436450,74082831
2017-05-02,0.000689,0.000696,0.000573,0.00061,5211860,66664319
2017-05-01,0.000746,0.000765,0.000638,0.000686,5565600,74926988
2017-04-30,0.000736,0.000771,0.000727,0.000746,3614180,81479217
2017-04-29,0.000679,0.000771,0.000679,0.000734,5870990,80094405
2017-04-28,0.000625,0.000705,0.000617,0.000678,4437500,74001827
2017-04-27,0.000549,0.000672,0.000545,0.000632,4707330,68965795
2017-04-26,0.000534,0.000552,0.000527,0.000544,1349140,59334724
2017-04-25,0.000511,0.000546,0.000511,0.000527,1498410,57525560
2017-04-24,0.000526,0.00053,0.000498,0.000515,1427570,56170723
2017-04-23,0.000468,0.00054,0.000463,0.000522,3778280,56922937
2017-04-22,0.000456,0.00047,0.000441,0.000464,853796,50566745
2017-04-21,0.00044,0.000457,0.000438,0.000451,692528,49235653
2017-04-20,0.000448,0.000483,0.000438,0.000443,1828250,48304468
2017-04-19,0.000456,0.00046,0.000442,0.000448,940790,48798264
2017-04-18,0.000466,0.000467,0.000436,0.000459,1308510,50070362
2017-04-17,0.000453,0.00048,0.000447,0.000459,1791470,50046891
2017-04-16,0.000417,0.000462,0.000416,0.000454,1835340,49424546
2017-04-15,0.000425,0.000434,0.000412,0.000418,892718,45578832
2017-04-14,0.000431,0.000455,0.000421,0.000426,1462360,46461673
2017-04-13,0.000415,0.000438,0.000406,0.000425,1421850,46250889
2017-04-12,0.000388,0.000415,0.000387,0.000414,940905,45113671
2017-04-11,0.000396,0.0004,0.000381,0.00039,694146,42504567
2017-04-10,0.000381,0.0004,0.000368,0.0004,1181340,43521044
2017-04-09,0.00043,0.000431,0.000374,0.000381,1720980,41443401
2017-04-08,0.000398,0.000433,0.000398,0.000432,1249660,47043646
2017-04-07,0.000456,0.000458,0.000387,0.000398,2669470,43370835
2017-04-06,0.000437,0.000487,0.000436,0.00045,2738610,48965886
2017-04-05,0.000438,0.000445,0.000422,0.000442,1696750,48058058
2017-04-04,0.000432,0.00049,0.000409,0.000432,3070990,47016148
2017-04-03,0.00049,0.000633,0.000405,0.000427,8704480,46473420
2017-04-02,0.000336,0.000527,0.000328,0.000489,4276890,53237771
2017-04-01,0.000333,0.000349,0.000317,0.000335,1030280,36461689
2017-03-31,0.000304,0.00036,0.000299,0.000328,2525700,35689522
2017-03-30,0.000278,0.000329,0.000265,0.000304,1673200,33031133
2017-03-29,0.000279,0.000281,0.000264,0.000272,399763,29592634
2017-03-28,0.000247,0.000286,0.000245,0.000273,708276,29697573
2017-03-27,0.000278,0.000283,0.000238,0.000254,1082440,27636507
2017-03-26,0.000298,0.000309,0.000271,0.000272,1203110,29578947
2017-03-25,0.000264,0.000298,0.00025,0.000298,1274960,32339607
2017-03-24,0.000242,0.000305,0.000235,0.000264,1776640,28742562
2017-03-23,0.000239,0.000245,0.000235,0.000242,195765,26308842
2017-03-22,0.000245,0.000247,0.000235,0.000243,344528,26447698
2017-03-21,0.000227,0.000248,0.000227,0.000246,243988,26688541
2017-03-20,0.000235,0.000239,0.000226,0.000236,339899,25667421
2017-03-19,0.000219,0.00024,0.000215,0.000235,335532,25530620
2017-03-18,0.000223,0.000228,0.000207,0.000219,474001,23733953
2017-03-17,0.000235,0.000235,0.000218,0.000223,393182,24237031
2017-03-16,0.000241,0.000244,0.000228,0.000235,448480,25505568
2017-03-15,0.000238,0.000245,0.000231,0.000243,395931,26366682
2017-03-14,0.000241,0.000247,0.000236,0.000238,350586,25823123
2017-03-13,0.000227,0.000261,0.000223,0.000247,998448,26803461
2017-03-12,0.000212,0.000229,0.000207,0.000229,320578,24888451
2017-03-11,0.000205,0.000213,0.0002,0.000211,142059,22924270
2017-03-10,0.000211,0.000218,0.000198,0.000204,327829,22122295
2017-03-09,0.000207,0.000212,0.000202,0.000211,110162,22876686
2017-03-08,0.000209,0.000212,0.0002,0.000208,242738,22552762
2017-03-07,0.000206,0.000215,0.000205,0.000209,169049,22624812
2017-03-06,0.00021,0.000213,0.000205,0.00021,111585,22747588
2017-03-05,0.000204,0.000211,0.000202,0.000206,69489.8,22347509
2017-03-04,0.000211,0.000217,0.000195,0.000205,94177,22169040
2017-03-03,0.000205,0.000213,0.000202,0.000211,146345,22839080
2017-03-02,0.000205,0.00021,0.000202,0.000205,203994,22270265
2017-03-01,0.000206,0.000209,0.000201,0.000203,136870,21972152
2017-02-28,0.000204,0.00021,0.000199,0.000205,90931.8,22208026
2017-02-27,0.000206,0.000209,0.000202,0.000208,115816,22573291
2017-02-26,0.0002,0.000208,0.000199,0.000203,55007.4,21996681
2017-02-25,0.000204,0.000209,0.0002,0.0002,64485.2,21707442
2017-02-24,0.000208,0.000211,0.000202,0.000208,118202,22499641
2017-02-23,0.000202,0.000208,0.000198,0.000208,110405,22474554
2017-02-22,0.000208,0.00021,0.000197,0.000202,108610,21832090
2017-02-21,0.00021,0.000211,0.000202,0.000208,102673,22561942
2017-02-20,0.000208,0.000209,0.000204,0.000207,89140.6,22384370
2017-02-19,0.000197,0.00021,0.000196,0.000208,74856.2,22470801
2017-02-18,0.000209,0.00021,0.000196,0.000197,158688,21285033
2017-02-17,0.000207,0.000213,0.000202,0.000209,153199,22577051
2017-02-16,0.000209,0.000212,0.000202,0.000207,135279,22446000
2017-02-15,0.000208,0.000212,0.000203,0.000209,154245,22613929
2017-02-14,0.000208,0.000213,0.000205,0.000209,129514,22563243
2017-02-13,0.00021,0.000211,0.000204,0.000208,128635,22473383
2017-02-12,0.00021,0.000211,0.000205,0.000208,96617.9,22517018
2017-02-11,0.000208,0.000215,0.000203,0.00021,94779.2,22677809
2017-02-10,0.000204,0.000209,0.000201,0.000208,94676.6,22437403
2017-02-09,0.000208,0.000216,0.000201,0.000204,200542,22090589
2017-02-08,0.000212,0.000217,0.000207,0.000211,162662,22764406
2017-02-07,0.000212,0.000214,0.000207,0.000208,110704,22480560
2017-02-06,0.00021,0.000216,0.000208,0.000214,90883.8,23123110
2017-02-05,0.000211,0.000214,0.000207,0.000211,99077.8,22784027
2017-02-04,0.000213,0.000214,0.000206,0.000211,113546,22833924
2017-02-03,0.000211,0.000214,0.000207,0.000213,112018,23013631
2017-02-02,0.000212,0.000215,0.000207,0.000211,76733.6,22828497
2017-02-01,0.000211,0.000214,0.000206,0.000209,83191.5,22608246
2017-01-31,0.000208,0.000215,0.000203,0.000206,122078,22203338
2017-01-30,0.000204,0.00021,0.000203,0.000208,60615.9,22444027
2017-01-29,0.000209,0.000211,0.000204,0.000204,88538.2,22045159
2017-01-28,0.000209,0.00021,0.000203,0.000209,54079.5,22555027
2017-01-27,0.000208,0.00021,0.000204,0.000204,114996,22046164
2017-01-26,0.000204,0.00021,0.000201,0.000208,93096.2,22446321
2017-01-25,0.000203,0.000205,0.0002,0.000204,71636.1,21977953
2017-01-24,0.000208,0.000209,0.0002,0.000202,59544.7,21816184
2017-01-23,0.000205,0.000209,0.000203,0.000208,60872.6,22446879
2017-01-22,0.000208,0.000211,0.000203,0.000207,72922.6,22362119
2017-01-21,0.000206,0.000214,0.000204,0.000208,131115,22458718
2017-01-20,0.000209,0.000212,0.000205,0.000209,72039.8,22481310
2017-01-19,0.000206,0.000212,0.000206,0.000211,64430,22700763
2017-01-18,0.000215,0.000216,0.000205,0.000208,98052.3,22396382
2017-01-17,0.000207,0.000219,0.000202,0.000215,161002,23208938
2017-01-16,0.000206,0.000212,0.000203,0.000207,103512,22325304
2017-01-15,0.000207,0.00021,0.000202,0.000206,77839.2,22205669
2017-01-14,0.000209,0.000212,0.000206,0.000209,71387.8,22487114
2017-01-13,0.000208,0.000213,0.000202,0.000209,108930,22495996
2017-01-12,0.000203,0.000212,0.000195,0.000208,263155,22441532
2017-01-11,0.000225,0.000226,0.0002,0.000205,458200,22106894
2017-01-10,0.000229,0.000231,0.00022,0.000226,204249,24359576
2017-01-09,0.000221,0.00023,0.000216,0.000229,160173,24654599
2017-01-08,0.000224,0.00023,0.000219,0.000221,132159,23791268
2017-01-07,0.000222,0.000228,0.000216,0.000221,315096,23756791
2017-01-06,0.000228,0.000235,0.000218,0.00022,305084,23623828
2017-01-05,0.000233,0.000257,0.000221,0.000229,994730,24604462
2017-01-04,0.000227,0.000239,0.000225,0.000236,442095,25404851
2017-01-03,0.000224,0.000228,0.000222,0.000227,132352,24429772
2017-01-02,0.000228,0.00023,0.000222,0.000226,195520,24343484
2017-01-01,0.000223,0.000228,0.000221,0.000228,136829,24501969
2016-12-31,0.000227,0.000228,0.000223,0.000223,73495.5,24029221
2016-12-30,0.000234,0.000234,0.000222,0.000228,176730,24466629
2016-12-29,0.000223,0.000235,0.000221,0.000228,214764,24562380
2016-12-28,0.000227,0.000231,0.00022,0.000223,295278,24002519
2016-12-27,0.000232,0.000235,0.000223,0.000227,251069,24421177
2016-12-26,0.000231,0.000234,0.000229,0.000233,141805,25042136
2016-12-25,0.000234,0.000236,0.000225,0.00023,241911,24708695
2016-12-24,0.000238,0.000252,0.000232,0.000234,422843,25127151
2016-12-23,0.000225,0.000237,0.000222,0.000236,378406,25402760
2016-12-22,0.000228,0.00023,0.000222,0.000225,260272,24191691
2016-12-21,0.00022,0.000228,0.000218,0.000227,205205,24378198
2016-12-20,0.000219,0.00022,0.000216,0.000219,186803,23539492
2016-12-19,0.000216,0.000222,0.000216,0.000218,225757,23411276
2016-12-18,0.000219,0.00022,0.000215,0.000218,73406.9,23430700
2016-12-17,0.000217,0.00022,0.000212,0.000219,155943,23474266
2016-12-16,0.000215,0.000218,0.000213,0.000217,92083.1,23277388
2016-12-15,0.000215,0.00022,0.000214,0.000215,100360,23089163
2016-12-14,0.000215,0.00022,0.000214,0.000217,60083.6,23298469
2016-12-13,0.00022,0.000223,0.000215,0.000216,82531.4,23121990
2016-12-12,0.000224,0.000226,0.000218,0.000222,111702,23829104
2016-12-11,0.000214,0.000224,0.000213,0.000223,164021,23963512
2016-12-10,0.000211,0.000217,0.00021,0.000215,113819,23024970
2016-12-09,0.000215,0.000215,0.000211,0.000212,70555.5,22781380
2016-12-08,0.000212,0.000216,0.000211,0.000215,73483.3,23003642
2016-12-07,0.000212,0.000215,0.00021,0.000214,78009.3,22935891
2016-12-06,0.000215,0.000215,0.000208,0.000212,56770.9,22756302
2016-12-05,0.000216,0.000217,0.000208,0.000215,125542,23019111
2016-12-04,0.000215,0.000218,0.000213,0.000217,55311,23213390
2016-12-03,0.000216,0.000218,0.000214,0.000217,79711.8,23225588
2016-12-02,0.000214,0.000221,0.000212,0.000216,94691.5,23151253
2016-12-01,0.000215,0.000219,0.000213,0.000214,121422,22962293
2016-11-30,0.000216,0.000217,0.000213,0.000214,50524,22940550
2016-11-29,0.000219,0.000219,0.000214,0.000217,75058.7,23197819
2016-11-28,0.000217,0.000226,0.000216,0.000218,77058.2,23318708
2016-11-27,0.000219,0.000222,0.000216,0.000217,64760.3,23280831
2016-11-26,0.000221,0.000222,0.000216,0.000219,51449.6,23419241
2016-11-25,0.000218,0.000221,0.000216,0.00022,55052.3,23595379
2016-11-24,0.000216,0.000219,0.000213,0.000218,106697,23338934
2016-11-23,0.000223,0.000224,0.000215,0.000219,71915,23382363
2016-11-22,0.000222,0.000224,0.000219,0.000224,78701,23988312
2016-11-21,0.000218,0.000224,0.000216,0.000222,75165.4,23761952
2016-11-20,0.00022,0.000222,0.000215,0.000219,84047.1,23392329
2016-11-19,0.000221,0.000221,0.000217,0.00022,56455.8,23555623
2016-11-18,0.000223,0.000224,0.000217,0.000218,142607,23282183
2016-11-17,0.000222,0.000227,0.00022,0.000224,106863,23920780
2016-11-16,0.000222,0.000227,0.000219,0.000221,133220,23631268
2016-11-15,0.000223,0.000224,0.000219,0.000222,106308,23707518
