Date;Opens at:;Closes at:;Highest at:;Lowest at:;Volume Traded:;Market Cap:;
5/2/2020;2.74;2.87;2.73;2.85;157306879;995970095;
4/2/2020;2.77;2.80;2.69;2.74;134721884;959392205;
3/2/2020;2.83;2.86;2.76;2.77;128902317;971130674;
2/2/2020;2.84;2.89;2.74;2.83;135278751;991403500;
1/2/2020;2.82;2.87;2.76;2.84;121185567;993633620;
31/1/2020;2.92;2.92;2.78;2.82;132881059;988326980;
30/1/2020;2.78;2.94;2.72;2.91;189044589;1019545843;
29/1/2020;2.66;2.81;2.65;2.79;166469457;974863479;
28/1/2020;2.61;2.67;2.60;2.66;130829516;929368527;
27/1/2020;2.57;2.68;2.57;2.61;125100879;913378198;
26/1/2020;2.46;2.57;2.44;2.57;101906615;900053582;
25/1/2020;2.50;2.51;2.43;2.46;96793337;859784045;
24/1/2020;2.47;2.53;2.37;2.50;121390827;876536363;
23/1/2020;2.65;2.65;2.44;2.46;128284126;861738068;
22/1/2020;2.68;2.69;2.63;2.65;97214236;925953608;
21/1/2020;2.70;2.74;2.58;2.67;118493954;935742614;
20/1/2020;2.62;2.74;2.55;2.70;149645626;944054524;
19/1/2020;2.78;2.84;2.56;2.62;175287789;916632784;
18/1/2020;2.72;2.79;2.60;2.77;167529444;970936771;
17/1/2020;2.48;2.84;2.47;2.72;257924221;953438176;
16/1/2020;2.41;2.50;2.30;2.48;143515776;869567505;
15/1/2020;2.38;2.57;2.36;2.40;149371800;841742041;
14/1/2020;2.19;2.45;2.18;2.39;135612258;836474276;
13/1/2020;2.24;2.24;2.16;2.19;78803227;767358644;
12/1/2020;2.28;2.31;2.23;2.25;87342008;785817532;
11/1/2020;2.22;2.33;2.22;2.28;107902217;799136443;
10/1/2020;2.19;2.26;2.16;2.22;109888554;778385770;
9/1/2020;2.18;2.23;2.11;2.19;109938413;765117095;
8/1/2020;2.11;2.33;2.11;2.18;192821111;764262022;
7/1/2020;1.93;2.13;1.91;2.11;140921324;739934210;
6/1/2020;1.81;1.94;1.81;1.94;80941179;678112936;
5/1/2020;1.84;1.86;1.80;1.81;55235942;632725379;
4/1/2020;1.81;1.85;1.79;1.84;49108150;644046686;
3/1/2020;1.74;1.83;1.71;1.81;61298048;633397911;
2/1/2020;1.81;1.82;1.72;1.74;52729126;609400278;
1/1/2020;1.77;1.85;1.76;1.81;69723037;632324086;
31/12/2019;1.84;1.84;1.76;1.77;58903187;619314954;
30/12/2019;1.90;1.91;1.83;1.84;57136151;643640851;
29/12/2019;1.87;1.92;1.86;1.90;53574998;665841559;
28/12/2019;1.89;1.91;1.87;1.87;53567273;656018147;
27/12/2019;1.86;1.95;1.85;1.89;74031488;660276978;
26/12/2019;1.81;1.94;1.79;1.86;79180350;651630010;
25/12/2019;1.86;1.86;1.79;1.80;86020952;631665436;
24/12/2019;1.88;1.89;1.84;1.86;131772813;652092016;
23/12/2019;1.94;1.96;1.86;1.88;130569408;656897477;
22/12/2019;1.87;1.95;1.87;1.94;120076955;677398756;
21/12/2019;1.92;1.93;1.87;1.87;88336767;655789073;
20/12/2019;1.82;1.92;1.80;1.92;124354682;673201642;
19/12/2019;1.88;1.89;1.75;1.82;150914459;637172404;
18/12/2019;1.76;1.88;1.66;1.88;209932252;658252398;
17/12/2019;1.98;2.01;1.72;1.76;172213180;614723071;
16/12/2019;2.09;2.09;1.98;1.98;97454140;693554053;
15/12/2019;2.01;2.12;1.98;2.09;114518248;730394059;
14/12/2019;2.08;2.09;1.99;2.01;105295566;703740129;
13/12/2019;2.12;2.13;2.07;2.08;117843001;727058616;
12/12/2019;2.18;2.20;2.05;2.12;142758973;741674953;
11/12/2019;2.27;2.30;2.15;2.18;138162558;762317077;
10/12/2019;2.09;2.28;2.07;2.27;218763851;794729934;
9/12/2019;2.06;2.09;2.02;2.09;147696805;731861045;
8/12/2019;2.06;2.09;2.03;2.06;103114465;720652032;
7/12/2019;2.09;2.11;2.05;2.06;88418201;721417209;
6/12/2019;2.03;2.10;1.99;2.09;113399318;732354664;
5/12/2019;2.05;2.11;1.97;2.03;126219927;709032623;
4/12/2019;2.13;2.14;2.02;2.05;145162286;717028178;
3/12/2019;2.09;2.20;2.05;2.13;109854018;745494808;
2/12/2019;2.17;2.18;2.07;2.09;116492201;733241502;
1/12/2019;2.24;2.24;2.14;2.17;136819693;758496044;
30/11/2019;2.34;2.36;2.22;2.24;123021580;784726634;
29/11/2019;2.28;2.36;2.27;2.34;160656952;819917110;
28/11/2019;2.23;2.33;2.19;2.27;146006115;795173797;
27/11/2019;2.26;2.29;2.14;2.23;149542925;780208040;
26/11/2019;2.27;2.36;2.18;2.28;143568310;796749927;
25/11/2019;2.26;2.38;2.06;2.28;170091780;796272797;
24/11/2019;2.45;2.47;2.25;2.26;149929050;789526615;
23/11/2019;2.35;2.46;2.27;2.45;149356394;856598472;
22/11/2019;2.55;2.59;2.17;2.35;201718065;823152707;
21/11/2019;2.71;2.71;2.48;2.55;167317924;892383619;
20/11/2019;2.75;2.83;2.66;2.71;167970679;947893228;
19/11/2019;2.82;2.86;2.61;2.76;174284233;964799660;
18/11/2019;2.93;2.98;2.77;2.83;126598447;989313501;
17/11/2019;3.01;3.01;2.90;2.93;99099080;1026161955;
16/11/2019;3.03;3.05;2.94;3.01;95813206;1053615962;
15/11/2019;3.06;3.08;2.86;3.04;157665192;1062303298;
14/11/2019;3.02;3.18;2.96;3.06;198792071;1072062494;
13/11/2019;2.81;3.08;2.79;3.02;209362104;1056401597;
12/11/2019;2.75;2.87;2.74;2.82;148585749;986233985;
11/11/2019;2.78;2.78;2.69;2.75;94732322;962614077;
10/11/2019;2.80;2.85;2.73;2.78;145643657;973925991;
9/11/2019;2.72;2.86;2.71;2.80;152872881;981382996;
8/11/2019;2.69;2.73;2.64;2.72;133302910;950824378;
7/11/2019;2.74;2.75;2.63;2.69;139483618;941759562;
6/11/2019;2.68;2.81;2.66;2.74;152746471;959075304;
5/11/2019;2.68;2.70;2.64;2.68;119153856;938931715;
4/11/2019;2.67;2.73;2.65;2.69;122384989;940363180;
3/11/2019;2.71;2.72;2.65;2.67;106456374;935129239;
2/11/2019;2.72;2.76;2.69;2.71;88544063;948628146;
1/11/2019;2.74;2.80;2.66;2.72;118225225;952007823;
31/10/2019;2.62;2.76;2.56;2.74;118140976;958275491;
30/10/2019;2.67;2.68;2.53;2.62;101740209;918473995;
29/10/2019;2.67;2.77;2.65;2.67;109381921;934515459;
28/10/2019;2.68;2.89;2.67;2.67;157224840;935190881;
27/10/2019;2.75;2.77;2.62;2.68;135864814;936411528;
26/10/2019;2.84;2.99;2.67;2.75;231729603;963198914;
25/10/2019;2.75;2.93;2.65;2.84;210307337;993331438;
24/10/2019;2.62;2.79;2.61;2.75;175558916;963071165;
23/10/2019;2.61;2.69;2.43;2.61;190350548;914374505;
22/10/2019;2.63;2.82;2.58;2.61;172462583;911941836;
21/10/2019;2.44;2.67;2.44;2.63;174716569;921215529;
20/10/2019;2.36;2.44;2.30;2.44;86836834;854512429;
19/10/2019;2.36;2.40;2.30;2.36;85270342;825810063;
18/10/2019;2.42;2.51;2.34;2.36;105032862;825498606;
17/10/2019;2.39;2.48;2.29;2.42;139155340;848439470;
16/10/2019;2.40;2.42;2.20;2.39;158475686;836937086;
15/10/2019;2.54;2.60;2.35;2.39;110301011;838177179;
14/10/2019;2.50;2.67;2.47;2.54;116069815;888883511;
13/10/2019;2.60;2.65;2.46;2.50;107136821;874110354;
12/10/2019;2.78;2.78;2.57;2.61;120045685;912493135;
11/10/2019;2.64;2.81;2.59;2.77;200123734;970326221;
10/10/2019;2.81;2.81;2.50;2.64;249559325;922420687;
9/10/2019;2.58;2.94;2.52;2.80;329507431;981348417;
8/10/2019;2.40;2.63;2.28;2.58;224096110;902338849;
7/10/2019;2.19;2.49;2.13;2.40;202190935;840650623;
6/10/2019;1.97;2.27;1.96;2.19;126356581;765835879;
5/10/2019;1.98;1.98;1.92;1.97;96574706;688101396;
4/10/2019;1.95;2.00;1.91;1.98;77454029;692586222;
3/10/2019;2.02;2.03;1.90;1.95;101098441;682863179;
2/10/2019;1.84;2.02;1.83;2.02;102294409;705830998;
1/10/2019;1.76;1.90;1.76;1.84;91602849;643757763;
30/9/2019;1.72;1.77;1.65;1.76;84068855;617227495;
29/9/2019;1.69;1.75;1.67;1.72;85120108;601027004;
28/9/2019;1.67;1.71;1.66;1.69;71435514;590578652;
27/9/2019;1.66;1.68;1.58;1.67;90213617;584556447;
26/9/2019;1.76;1.76;1.56;1.66;112008341;580641588;
25/9/2019;1.74;1.93;1.65;1.76;161634833;616065986;
24/9/2019;1.81;2.06;1.59;1.74;218580528;607533240;
23/9/2019;1.82;1.89;1.79;1.81;76114156;632571593;
22/9/2019;1.89;1.89;1.78;1.82;63224058;637490132;
21/9/2019;1.83;1.89;1.80;1.89;76844379;661291923;
20/9/2019;1.88;1.88;1.77;1.83;75449475;639712666;
19/9/2019;1.81;1.91;1.75;1.88;133273165;656554430;
18/9/2019;1.63;1.85;1.63;1.81;112613412;633437288;
17/9/2019;1.58;1.66;1.56;1.63;74897534;570303195;
16/9/2019;1.62;1.64;1.55;1.58;62082506;553502262;
15/9/2019;1.57;1.65;1.57;1.62;64455918;566133842;
14/9/2019;1.58;1.64;1.54;1.57;82000174;547786749;
13/9/2019;1.71;1.71;1.53;1.58;95116689;553326582;
12/9/2019;1.74;1.75;1.68;1.71;61903495;597673768;
11/9/2019;1.80;1.83;1.72;1.73;67247430;607189371;
10/9/2019;1.79;1.83;1.79;1.80;66969746;630745598;
9/9/2019;1.83;1.87;1.77;1.80;96518480;628912446;
8/9/2019;1.78;1.90;1.78;1.83;88855921;640837508;
7/9/2019;1.73;1.81;1.72;1.78;71006363;621936130;
6/9/2019;1.80;1.82;1.71;1.73;72212080;606023566;
5/9/2019;1.78;1.86;1.77;1.80;69409152;629259272;
4/9/2019;1.85;1.86;1.75;1.79;70884788;624835582;
3/9/2019;1.83;1.93;1.82;1.85;80326910;649140668;
2/9/2019;1.77;1.89;1.74;1.83;63004422;641721122;
1/9/2019;1.79;1.80;1.73;1.78;43571942;621326044;
31/8/2019;1.80;1.85;1.75;1.79;51356763;626580727;
30/8/2019;1.78;1.89;1.75;1.81;57285240;632233170;
29/8/2019;1.90;1.90;1.75;1.78;83335306;624201412;
28/8/2019;2.11;2.11;1.89;1.90;59193724;665135295;
27/8/2019;2.08;2.16;2.03;2.11;62275881;737513471;
26/8/2019;2.09;2.16;2.06;2.08;54292215;726896842;
25/8/2019;2.18;2.19;2.04;2.09;59471445;729777073;
24/8/2019;2.25;2.26;2.17;2.19;50546812;764817282;
23/8/2019;2.23;2.31;2.19;2.25;85783321;788655768;
22/8/2019;2.22;2.29;2.16;2.23;71961706;780353505;
21/8/2019;2.38;2.39;2.17;2.22;94589329;775709885;
20/8/2019;2.50;2.54;2.36;2.38;71968212;833161949;
19/8/2019;2.50;2.59;2.45;2.51;81955471;876803143;
18/8/2019;2.39;2.55;2.37;2.50;74479050;874873977;
17/8/2019;2.32;2.40;2.31;2.39;45504193;837686344;
16/8/2019;2.41;2.44;2.25;2.32;71099710;812662694;
15/8/2019;2.28;2.43;2.22;2.41;78723315;844460611;
14/8/2019;2.41;2.56;2.21;2.27;117748508;794901897;
13/8/2019;2.38;2.44;2.32;2.41;61913129;844577979;
12/8/2019;2.41;2.46;2.35;2.38;53991936;832992225;
11/8/2019;2.32;2.47;2.28;2.40;75758084;838892496;
10/8/2019;2.18;2.38;2.15;2.32;88304426;812899281;
9/8/2019;2.29;2.30;2.17;2.18;49294449;762704421;
8/8/2019;2.40;2.40;2.29;2.29;56631921;801179369;
7/8/2019;2.46;2.49;2.37;2.39;69024403;837149418;
6/8/2019;2.48;2.52;2.35;2.46;95016633;861234531;
5/8/2019;2.50;2.63;2.48;2.48;87397910;869531173;
4/8/2019;2.42;2.60;2.42;2.50;95419755;874189201;
3/8/2019;2.40;2.72;2.34;2.43;158068000;848917776;
2/8/2019;2.18;2.45;2.15;2.40;88993103;839928316;
1/8/2019;2.20;2.23;2.12;2.18;46293195;763440117;
31/7/2019;2.09;2.22;2.08;2.20;59937401;768893256;
30/7/2019;2.14;2.18;2.01;2.09;63663046;731198581;
29/7/2019;2.22;2.24;2.13;2.14;41163755;749106534;
28/7/2019;2.26;2.29;2.13;2.22;37139642;776205287;
27/7/2019;2.40;2.46;2.23;2.26;57981370;790468087;
26/7/2019;2.38;2.43;2.35;2.40;38644891;841246588;
25/7/2019;2.41;2.52;2.38;2.38;60195321;834488658;
24/7/2019;2.37;2.46;2.30;2.41;78623000;841888630;
23/7/2019;2.42;2.50;2.26;2.37;66520544;829846812;
22/7/2019;2.55;2.59;2.40;2.43;48393920;849005263;
21/7/2019;2.64;2.67;2.50;2.55;48335818;892624348;
20/7/2019;2.61;2.72;2.60;2.64;67423557;925624353;
19/7/2019;2.68;2.75;2.52;2.61;71363583;913097864;
18/7/2019;2.38;2.79;2.35;2.68;142714502;937681898;
17/7/2019;2.19;2.57;2.07;2.38;135564356;832896515;
16/7/2019;2.73;2.77;2.18;2.20;82850036;769177557;
15/7/2019;2.79;2.84;2.60;2.73;95812874;954972344;
14/7/2019;3.17;3.24;2.78;2.79;95436164;975583149;
13/7/2019;3.18;3.27;3.05;3.17;144234535;1109669612;
12/7/2019;2.83;3.27;2.67;3.17;162546196;1110847783;
11/7/2019;3.12;3.14;2.78;2.83;118728040;989498969;
10/7/2019;3.11;3.22;2.88;3.12;172059406;1091411807;
9/7/2019;3.34;3.38;2.98;3.11;177238039;1089532123;
8/7/2019;3.31;3.55;3.27;3.34;111053367;1167515193;
7/7/2019;3.48;3.51;3.28;3.31;97053705;1160024637;
6/7/2019;3.63;3.63;3.46;3.48;100575087;1216907978;
5/7/2019;3.48;3.70;3.45;3.62;191209597;1267753706;
4/7/2019;3.53;3.62;3.31;3.48;178867441;1219711940;
3/7/2019;3.65;3.79;3.53;3.53;204354523;1236607323;
2/7/2019;3.59;3.82;3.23;3.65;424338055;1275902459;
1/7/2019;3.45;3.76;2.95;3.59;377055673;1257190706;
30/6/2019;3.71;4.09;3.39;3.45;434865872;1206411075;
29/6/2019;2.96;4.54;2.90;3.70;953804527;1296103164;
28/6/2019;2.27;2.98;2.17;2.96;229612906;1036638992;
27/6/2019;2.26;2.52;2.07;2.27;136956672;793662091;
26/6/2019;2.19;2.42;2.01;2.26;179571545;791545865;
25/6/2019;1.86;2.41;1.86;2.19;199041263;766399120;
24/6/2019;1.80;1.88;1.79;1.86;30278025;651116941;
23/6/2019;1.84;1.90;1.76;1.80;47203299;630481077;
22/6/2019;1.69;1.93;1.69;1.84;65320899;643493677;
21/6/2019;1.77;1.79;1.62;1.70;56871937;596004725;
20/6/2019;1.84;1.88;1.69;1.77;40500786;617942688;
19/6/2019;1.82;1.90;1.80;1.84;38209064;643454346;
18/6/2019;1.97;2.02;1.77;1.82;117480216;636487947;
17/6/2019;1.67;2.03;1.67;1.97;158900877;690072343;
16/6/2019;1.72;1.78;1.62;1.67;119199289;585701350;
15/6/2019;1.68;1.79;1.63;1.72;149453818;602456049;
14/6/2019;1.85;1.88;1.47;1.68;344143609;586795264;
13/6/2019;1.14;1.95;1.13;1.85;318719301;646771978;
12/6/2019;1.14;1.16;1.11;1.14;27563661;399965629;
11/6/2019;1.19;1.19;1.10;1.14;25861024;398406699;
10/6/2019;1.07;1.19;1.06;1.19;25489176;417100427;
9/6/2019;1.15;1.16;1.04;1.07;20498196;375638528;
8/6/2019;1.18;1.20;1.14;1.15;18457927;403416987;
7/6/2019;1.11;1.24;1.08;1.18;50396874;412164418;
6/6/2019;1.08;1.24;1.06;1.12;74387222;391871524;
5/6/2019;0.883250;1.08;0.883250;1.08;62912027;376991267;
4/6/2019;0.908429;0.931625;0.857405;0.883250;25054880;309137609;
3/6/2019;1.01;1.01;0.903734;0.910969;19415847;318839080;
2/6/2019;0.965132;1.04;0.948151;1.01;23376401;354351973;
1/6/2019;1.02;1.05;0.964412;0.965132;29166848;337796271;
31/5/2019;1.02;1.05;0.962933;1.02;48729261;357531895;
30/5/2019;1.18;1.22;0.971370;1.02;71072187;358662835;
29/5/2019;1.28;1.28;1.16;1.18;41812375;413975944;
28/5/2019;1.21;1.33;1.15;1.28;55908377;446386194;
27/5/2019;1.09;1.27;1.09;1.21;58681258;423853821;
26/5/2019;1.13;1.18;1.04;1.09;43379101;380472881;
25/5/2019;1.34;1.34;1.11;1.13;52065174;395259087;
24/5/2019;1.34;1.42;1.24;1.34;52112753;467935969;
23/5/2019;1.22;1.36;1.17;1.34;62796580;470746721;
22/5/2019;1.18;1.47;1.16;1.22;118738675;427015235;
21/5/2019;1.12;1.23;1.07;1.19;98438799;415073110;
20/5/2019;0.993931;1.13;0.953604;1.13;28566429;395128179;
19/5/2019;0.935665;1.04;0.929430;0.994350;39610667;348022497;
18/5/2019;0.887731;0.957590;0.861204;0.934154;20589987;326954044;
17/5/2019;0.926456;0.978760;0.815716;0.887731;39447831;310705812;
16/5/2019;0.844518;0.936100;0.773683;0.926125;33573495;324143612;
15/5/2019;0.825101;0.877251;0.786645;0.845574;20109177;295950928;
14/5/2019;0.646799;0.923087;0.637336;0.823082;42446071;288078581;
13/5/2019;0.657990;0.684658;0.641344;0.646697;10869526;226343857;
12/5/2019;0.680490;0.697553;0.632952;0.657990;11180413;230296513;
11/5/2019;0.671543;0.731236;0.654661;0.678823;17115294;237588178;
10/5/2019;0.639472;0.723333;0.639021;0.671460;17084493;235011049;
9/5/2019;0.591537;0.697156;0.588824;0.639849;23088642;223947011;
8/5/2019;0.544176;0.611642;0.525372;0.591537;9757958;207038074;
7/5/2019;0.578788;0.612012;0.544724;0.544724;16169094;190653521;
6/5/2019;0.506408;0.584150;0.492072;0.578120;11999352;202342028;
5/5/2019;0.495140;0.520908;0.491470;0.506979;4844367;177442700;
4/5/2019;0.512165;0.514780;0.481348;0.494995;4501322;173248139;
3/5/2019;0.463472;0.521838;0.460731;0.512165;6755514;179257760;
2/5/2019;0.476051;0.477187;0.462566;0.463421;3212373;162197465;
1/5/2019;0.473559;0.489426;0.467288;0.476025;4255127;166608665;
30/4/2019;0.433853;0.473625;0.432954;0.473170;6117527;165609469;
29/4/2019;0.448739;0.451101;0.428721;0.433501;5230685;151725351;
28/4/2019;0.441522;0.457403;0.440225;0.448218;4170835;156876126;
27/4/2019;0.437170;0.459038;0.433999;0.441571;3901156;154549706;
26/4/2019;0.445525;0.457116;0.425930;0.436926;5505480;152924256;
25/4/2019;0.478279;0.500135;0.440754;0.445506;6760468;155927053;
24/4/2019;0.481483;0.481483;0.446669;0.478313;7281840;167409434;
23/4/2019;0.495666;0.503501;0.481483;0.481483;6260080;168519003;
22/4/2019;0.499349;0.518363;0.489451;0.496664;5966146;173832277;
21/4/2019;0.515529;0.516346;0.481099;0.499498;5015660;174824315;
20/4/2019;0.514467;0.531926;0.508351;0.515661;4637764;180481253;
19/4/2019;0.523920;0.538236;0.510728;0.514270;5918321;179994496;
18/4/2019;0.499840;0.524362;0.499840;0.524362;4816738;183526781;
17/4/2019;0.503032;0.507384;0.492098;0.500259;4224360;175090817;
16/4/2019;0.491902;0.515620;0.491823;0.503054;4307086;176068779;
15/4/2019;0.528740;0.528740;0.485267;0.492214;6369018;172274842;
14/4/2019;0.539316;0.546824;0.512053;0.528740;5680703;185059171;
13/4/2019;0.495333;0.541624;0.494792;0.539208;7063057;188722677;
12/4/2019;0.485395;0.515451;0.460543;0.495350;6616811;173372567;
11/4/2019;0.520977;0.522058;0.460694;0.486123;7966598;170142918;
10/4/2019;0.534443;0.538690;0.517878;0.520257;8226906;182089916;
9/4/2019;0.568899;0.568899;0.525419;0.534680;7970929;187137933;
8/4/2019;0.577537;0.588704;0.545413;0.568899;9889748;199114822;
7/4/2019;0.569635;0.587925;0.568781;0.577119;6038857;201991507;
6/4/2019;0.577593;0.586439;0.562890;0.570110;7641845;199538351;
5/4/2019;0.541969;0.581019;0.541719;0.577468;7928035;202113893;
4/4/2019;0.564471;0.583761;0.524932;0.542240;11153064;189784007;
3/4/2019;0.583602;0.605350;0.547110;0.565453;13494096;197908509;
2/4/2019;0.555760;0.600143;0.538438;0.584279;16414974;204497754;
1/4/2019;0.508822;0.559010;0.502701;0.556138;11605651;194648237;
31/3/2019;0.494278;0.535640;0.488088;0.507613;9259723;177664598;
30/3/2019;0.498974;0.517915;0.484092;0.494278;3395827;172997221;
29/3/2019;0.503459;0.504325;0.490940;0.499502;4239835;174825731;
28/3/2019;0.500018;0.515897;0.492195;0.503459;6329645;176210776;
27/3/2019;0.464117;0.503666;0.461459;0.499871;6237410;174954769;
26/3/2019;0.475201;0.482013;0.453718;0.463601;6231819;162260295;
25/3/2019;0.457155;0.488948;0.450330;0.476395;8467627;166738405;
24/3/2019;0.463184;0.463754;0.452962;0.456405;3100039;159741728;
23/3/2019;0.466228;0.467981;0.459142;0.463084;2494600;162079235;
22/3/2019;0.460479;0.469147;0.452950;0.466446;3835633;163256018;
21/3/2019;0.485800;0.486737;0.449624;0.461061;4652789;161371279;
20/3/2019;0.485134;0.493797;0.478777;0.486086;3511170;170130073;
19/3/2019;0.480655;0.485468;0.474479;0.485391;2894766;169886753;
18/3/2019;0.484230;0.486447;0.471952;0.480714;3415764;168249917;
17/3/2019;0.485642;0.488046;0.477323;0.483685;7196927;169289685;
16/3/2019;0.490123;0.495906;0.477491;0.485599;7199555;169959638;
15/3/2019;0.490593;0.497047;0.487662;0.490087;3912307;171530373;
14/3/2019;0.484472;0.498457;0.480215;0.491097;10961574;171884118;
13/3/2019;0.488498;0.489492;0.473605;0.484510;6203981;169578470;
12/3/2019;0.468989;0.506671;0.461123;0.488552;9177232;170993152;
11/3/2019;0.502303;0.514857;0.462762;0.467490;11191637;163621430;
10/3/2019;0.477753;0.546149;0.471680;0.501768;14548536;175618843;
9/3/2019;0.465638;0.483478;0.457612;0.477456;7457248;167109642;
8/3/2019;0.456038;0.513961;0.456038;0.466202;14303158;163170755;
7/3/2019;0.433013;0.477540;0.430243;0.455832;7330127;159541169;
6/3/2019;0.432834;0.440171;0.424048;0.431821;4082793;151137385;
5/3/2019;0.407985;0.432997;0.406767;0.432997;6561919;151549045;
4/3/2019;0.422797;0.427474;0.400721;0.407811;3710145;142733863;
3/3/2019;0.426864;0.432958;0.422492;0.424169;1849996;148459049;
2/3/2019;0.431073;0.438003;0.423016;0.427787;2339649;149725369;
1/3/2019;0.427210;0.442263;0.423619;0.431785;3667815;151124739;
28/2/2019;0.431167;0.445228;0.422652;0.427421;3941979;149597202;
27/2/2019;0.438511;0.447849;0.422632;0.431479;3696949;151017630;
26/2/2019;0.472764;0.475703;0.435920;0.437432;6553450;153101366;
25/2/2019;0.408956;0.470638;0.407175;0.470638;7817871;164723462;
24/2/2019;0.463182;0.464864;0.404810;0.410640;6649844;143724138;
23/2/2019;0.451517;0.462867;0.444993;0.461889;4318600;161661081;
22/2/2019;0.444680;0.459443;0.442613;0.452029;4048573;158210223;
21/2/2019;0.466101;0.475834;0.442442;0.445463;6437539;155911935;
20/2/2019;0.458220;0.474131;0.449128;0.466110;6379429;163138410;
19/2/2019;0.473187;0.479299;0.458156;0.458156;6259916;160354681;
18/2/2019;0.460618;0.482621;0.454602;0.474333;6753508;166016565;
17/2/2019;0.439879;0.472939;0.430112;0.457499;6623800;160124725;
16/2/2019;0.433277;0.444838;0.433277;0.440511;2715140;154178777;
15/2/2019;0.428067;0.442391;0.421697;0.432969;3006564;151539099;
14/2/2019;0.443295;0.445445;0.422198;0.428376;3914369;149931672;
13/2/2019;0.426152;0.444044;0.419635;0.444044;4517365;155415427;
12/2/2019;0.427962;0.434029;0.421859;0.425395;4205375;148888416;
11/2/2019;0.452691;0.452691;0.423454;0.429451;5928665;150307799;
10/2/2019;0.464839;0.480033;0.439995;0.452186;7950326;158265149;
9/2/2019;0.438646;0.479012;0.433020;0.464334;6382735;162516967;
8/2/2019;0.401928;0.443174;0.398690;0.436519;6900024;152781612;
7/2/2019;0.399709;0.406291;0.393330;0.401474;3171282;140515984;
6/2/2019;0.422242;0.422242;0.393226;0.399620;5378906;139866994;
5/2/2019;0.393349;0.430440;0.390430;0.421776;5865307;147621682;
4/2/2019;0.397265;0.409227;0.388080;0.394452;4850155;138058129;
3/2/2019;0.416137;0.416226;0.391219;0.396142;3856282;138649652;
2/2/2019;0.418132;0.431468;0.401940;0.414927;4128147;145224462;
1/2/2019;0.387798;0.428248;0.383756;0.419263;5696881;146742214;
31/1/2019;0.429458;0.440094;0.386335;0.387690;7507124;135691624;
30/1/2019;0.453444;0.453444;0.421108;0.426929;8965899;149425068;
29/1/2019;0.413458;0.462636;0.412659;0.455235;18998440;159332250;
28/1/2019;0.434140;0.434650;0.357930;0.413490;13461911;144721540;
27/1/2019;0.469769;0.469769;0.430183;0.433749;10244607;151812147;
26/1/2019;0.479245;0.491413;0.468378;0.472149;5982204;165252211;
25/1/2019;0.508690;0.518510;0.477191;0.479549;8985719;167842286;
24/1/2019;0.509978;0.511099;0.479080;0.504242;8538515;176484747;
23/1/2019;0.540244;0.551630;0.507175;0.509976;10344545;178491610;
22/1/2019;0.501980;0.565396;0.501980;0.540335;13998683;189117145;
21/1/2019;0.490262;0.524284;0.476899;0.503412;9503123;176194054;
20/1/2019;0.490917;0.497290;0.471904;0.490123;7018434;171542899;
19/1/2019;0.500851;0.500851;0.475322;0.491470;7015260;172014468;
18/1/2019;0.482481;0.507996;0.469729;0.500732;8659548;175256028;
17/1/2019;0.495978;0.498681;0.473998;0.483012;11096121;169054158;
16/1/2019;0.520065;0.541322;0.482514;0.497374;18011677;174080781;
15/1/2019;0.487361;0.557111;0.465549;0.518795;26829916;181578132;
14/1/2019;0.441589;0.498074;0.424715;0.485660;17594771;169981024;
13/1/2019;0.410553;0.451917;0.381357;0.444261;9558626;155491200;
12/1/2019;0.444803;0.469002;0.407561;0.412244;15375000;144285540;
11/1/2019;0.354977;0.463850;0.353391;0.444193;14491941;155467564;
10/1/2019;0.400968;0.406695;0.346560;0.354604;5524822;124111323;
9/1/2019;0.428384;0.435931;0.401065;0.401805;8182734;140631739;
8/1/2019;0.377736;0.424596;0.365395;0.424198;6481963;148469448;
7/1/2019;0.397072;0.409975;0.371402;0.376474;5182374;131765950;
6/1/2019;0.396251;0.402905;0.373846;0.397010;7628848;138953564;
5/1/2019;0.439706;0.443555;0.387636;0.395948;13064911;138581888;
4/1/2019;0.368733;0.450038;0.367064;0.437175;24652793;153011387;
3/1/2019;0.316530;0.372249;0.315525;0.365974;10890273;128091007;
2/1/2019;0.300770;0.318269;0.297464;0.316489;1637715;110771092;
1/1/2019;0.289458;0.301980;0.289407;0.299371;1522529;104779850;
31/12/2018;0.299919;0.302193;0.285003;0.289444;1427065;101305557;
30/12/2018;0.299537;0.314664;0.295080;0.298643;1852488;104525175;
29/12/2018;0.298933;0.318848;0.290561;0.299970;2630385;104989447;
28/12/2018;0.281154;0.301622;0.257564;0.298379;3236126;104432787;
27/12/2018;0.306720;0.310779;0.273160;0.275171;3696029;96309875;
26/12/2018;0.316293;0.318841;0.296311;0.307583;4251937;107654193;
25/12/2018;0.308042;0.321722;0.288652;0.317662;4949793;111181784;
24/12/2018;0.314183;0.331237;0.300437;0.307952;3333646;107783370;
23/12/2018;0.313058;0.320195;0.301084;0.313261;2828792;109641510;
22/12/2018;0.298164;0.311306;0.286961;0.311306;3110687;108957073;
21/12/2018;0.340056;0.341128;0.292681;0.298483;4301773;104469142;
20/12/2018;0.295162;0.345179;0.292810;0.338506;9490875;118477117;
19/12/2018;0.272329;0.312698;0.264930;0.296346;5660320;103720962;
18/12/2018;0.233623;0.271144;0.228102;0.270225;3884847;94578831;
17/12/2018;0.204694;0.237725;0.204425;0.233422;2037677;81697552;
16/12/2018;0.203568;0.219491;0.203279;0.206882;1719297;72408560;
15/12/2018;0.203787;0.207093;0.199322;0.203357;1292231;71174852;
14/12/2018;0.205921;0.210268;0.199043;0.202932;1356092;71026150;
13/12/2018;0.226988;0.228285;0.201940;0.205696;1188210;71993569;
12/12/2018;0.221575;0.241433;0.221330;0.226759;1357029;79365652;
11/12/2018;0.219478;0.225838;0.211127;0.223391;923276;78186886;
10/12/2018;0.239682;0.242904;0.215351;0.219072;815587;76675209;
9/12/2018;0.227884;0.246241;0.219745;0.239791;1430497;83926770;
8/12/2018;0.216476;0.244318;0.211930;0.228283;2173231;79898994;
7/12/2018;0.222210;0.223212;0.196705;0.216468;2270701;75763778;
6/12/2018;0.256743;0.270216;0.222732;0.222732;2461190;77956051;
5/12/2018;0.285659;0.292989;0.256613;0.256613;1554730;89814396;
4/12/2018;0.287593;0.310187;0.284313;0.287812;1994609;100734096;
3/12/2018;0.317583;0.318396;0.284050;0.288482;1617950;100968609;
2/12/2018;0.332233;0.344589;0.315039;0.315657;1143867;110480027;
1/12/2018;0.322805;0.344942;0.315273;0.332692;2359405;116442288;
30/11/2018;0.344778;0.388260;0.311531;0.322242;4213313;112784611;
29/11/2018;0.331753;0.384418;0.315004;0.344782;4077698;120673703;
28/11/2018;0.288310;0.350208;0.285821;0.331460;3667720;116011000;
27/11/2018;0.283613;0.307023;0.268116;0.287584;4308920;100654400;
26/11/2018;0.259927;0.284513;0.239467;0.283866;2712730;99353100;
25/11/2018;0.284489;0.284489;0.239775;0.259428;3812450;90799800;
24/11/2018;0.329575;0.339396;0.261923;0.284568;1634890;99598800;
23/11/2018;0.340543;0.351330;0.319733;0.329343;1661750;115270050;
22/11/2018;0.366398;0.384949;0.342961;0.342961;2252920;120036350;
21/11/2018;0.341726;0.377458;0.324775;0.367507;3028430;128627450;
20/11/2018;0.408542;0.419936;0.324131;0.341813;4418950;119634550;
19/11/2018;0.525748;0.525748;0.390645;0.411290;4749190;143951500;
18/11/2018;0.486116;0.532501;0.481317;0.524238;3048070;183483300;
17/11/2018;0.513972;0.515894;0.475894;0.485120;4137480;169792000;
16/11/2018;0.538504;0.538860;0.506062;0.512894;4171370;179512900;
15/11/2018;0.547454;0.559497;0.491501;0.541633;7177480;189571550;
14/11/2018;0.584511;0.614066;0.487130;0.547843;9008150;191745050;
13/11/2018;0.562648;0.621279;0.553390;0.581442;11449100;203504700;
12/11/2018;0.512046;0.565300;0.504897;0.562799;3420880;196979650;
11/11/2018;0.520441;0.525232;0.501918;0.509636;1026380;178372600;
10/11/2018;0.492969;0.527346;0.490520;0.521143;2227350;182400050;
9/11/2018;0.494890;0.499999;0.483278;0.492477;1271700;172366950;
8/11/2018;0.481795;0.522419;0.479117;0.497974;3155890;174290900;
7/11/2018;0.484404;0.489589;0.471198;0.482141;1232730;168749350;
6/11/2018;0.481669;0.491555;0.464432;0.484115;1949590;169028650;
5/11/2018;0.502914;0.513416;0.478931;0.481368;1623590;168478800;
4/11/2018;0.541181;0.543299;0.487832;0.503996;2981540;176398600;
3/11/2018;0.501970;0.554660;0.500238;0.543031;3484070;190060850;
2/11/2018;0.515766;0.524203;0.498070;0.500783;2995750;175274050;
1/11/2018;0.510677;0.583402;0.500286;0.514022;15507100;179907700;
31/10/2018;0.452831;0.527735;0.441729;0.506044;7214500;177115400;
30/10/2018;0.418134;0.459612;0.416247;0.450410;2879160;157643500;
29/10/2018;0.438024;0.439820;0.397705;0.418148;1424720;146351800;
28/10/2018;0.444391;0.447224;0.429002;0.440448;1171860;154156800;
27/10/2018;0.433165;0.457754;0.420503;0.444364;1712840;155527400;
26/10/2018;0.438584;0.445884;0.414242;0.432123;2274910;151243050;
25/10/2018;0.412713;0.442806;0.398309;0.437743;1596200;153210050;
24/10/2018;0.435015;0.437667;0.407978;0.412075;2378480;144226250;
23/10/2018;0.390400;0.482214;0.390400;0.437883;10378700;153259050;
22/10/2018;0.368917;0.392008;0.355149;0.390431;1903340;136650850;
21/10/2018;0.369953;0.378515;0.366153;0.371791;793981;130126850;
20/10/2018;0.361531;0.372737;0.358516;0.370766;761786;129768100;
19/10/2018;0.375809;0.380194;0.356982;0.361977;892791;126691950;
18/10/2018;0.376157;0.396928;0.366221;0.376913;1957950;131919550;
17/10/2018;0.359983;0.383120;0.350594;0.376968;3231860;131938800;
16/10/2018;0.340121;0.367643;0.336450;0.358845;2507920;125595750;
15/10/2018;0.326235;0.350657;0.322104;0.339638;1787330;118873300;
14/10/2018;0.319704;0.334104;0.316103;0.325284;959805;113849400;
13/10/2018;0.311916;0.323745;0.311512;0.318843;602792;111595050;
12/10/2018;0.303087;0.314708;0.301899;0.311278;1180340;108947300;
11/10/2018;0.347456;0.348440;0.301134;0.303201;1584750;106120350;
10/10/2018;0.339312;0.356760;0.332131;0.347861;2540720;121751350;
9/10/2018;0.343623;0.344227;0.330110;0.339712;1409520;118899200;
8/10/2018;0.337935;0.347392;0.334874;0.343585;1334080;120254750;
7/10/2018;0.337194;0.341053;0.333346;0.337637;1286090;118172950;
6/10/2018;0.359769;0.377053;0.334301;0.338098;4656480;118334300;
5/10/2018;0.320890;0.366680;0.317891;0.356504;4114640;124776400;
4/10/2018;0.310651;0.322559;0.310651;0.320940;996871;112329000;
3/10/2018;0.320521;0.321603;0.305997;0.310338;1149830;108618300;
2/10/2018;0.324566;0.327268;0.318859;0.321105;1133880;112386750;
1/10/2018;0.332822;0.333274;0.323218;0.325232;772346;113831200;
30/9/2018;0.328910;0.332935;0.320582;0.331898;896424;116164300;
29/9/2018;0.334734;0.334734;0.325455;0.329202;569884;115220700;
28/9/2018;0.346138;0.349646;0.327474;0.334983;1126520;117244050;
27/9/2018;0.344722;0.349976;0.332093;0.345590;2188310;120956500;
26/9/2018;0.326186;0.377129;0.316625;0.348924;4319900;122123400;
25/9/2018;0.333479;0.347311;0.317065;0.326493;2487050;114272550;
24/9/2018;0.342773;0.353736;0.330714;0.334657;1999280;117129950;
23/9/2018;0.340165;0.347555;0.332853;0.343609;2458210;120263150;
22/9/2018;0.353784;0.353784;0.323429;0.337860;2895180;118251000;
21/9/2018;0.354068;0.374125;0.338948;0.353303;7925320;123656050;
20/9/2018;0.331875;0.424509;0.326369;0.358403;26124800;125441050;
19/9/2018;0.291016;0.344874;0.285346;0.329173;6164950;115210550;
18/9/2018;0.268891;0.305719;0.266162;0.291212;1569640;101924200;
17/9/2018;0.274897;0.282215;0.261128;0.268721;644191;94052350;
16/9/2018;0.271143;0.280837;0.260933;0.273865;699587;95852750;
15/9/2018;0.269763;0.279133;0.265223;0.269288;430008;94250800;
14/9/2018;0.272404;0.272974;0.261806;0.268898;727881;94114300;
13/9/2018;0.254156;0.276296;0.253770;0.271776;780362;95121600;
12/9/2018;0.260944;0.271943;0.247550;0.253495;902340;88723250;
11/9/2018;0.246926;0.267273;0.239959;0.260429;919435;91150150;
10/9/2018;0.239819;0.254832;0.239586;0.247807;608181;86732450;
9/9/2018;0.241427;0.255482;0.234261;0.239741;438981;83909350;
8/9/2018;0.261721;0.276133;0.237862;0.241907;554111;84667450;
7/9/2018;0.272267;0.289301;0.258255;0.260662;1305730;91231700;
6/9/2018;0.267087;0.284026;0.245265;0.272390;1793980;95336500;
5/9/2018;0.299760;0.300533;0.265584;0.268699;1648130;94044650;
4/9/2018;0.306679;0.309282;0.292887;0.299720;1253120;104902000;
3/9/2018;0.310924;0.311338;0.294637;0.303940;697608;106379000;
2/9/2018;0.328204;0.341612;0.300814;0.310938;1355060;108828300;
1/9/2018;0.327980;0.334320;0.319254;0.328258;473642;114890300;
31/8/2018;0.305595;0.332516;0.298245;0.328099;1091390;114834650;
30/8/2018;0.308564;0.314136;0.291036;0.305390;1329920;106886500;
29/8/2018;0.335953;0.337197;0.308710;0.308710;875125;108048500;
28/8/2018;0.335245;0.339639;0.325863;0.335793;1265750;117527550;
27/8/2018;0.328734;0.336085;0.323461;0.336085;643844;117629750;
26/8/2018;0.318032;0.336788;0.306008;0.328878;1134650;115107300;
25/8/2018;0.335559;0.338505;0.319767;0.319767;920084;111918450;
24/8/2018;0.321761;0.341856;0.314113;0.336927;1491040;117924450;
23/8/2018;0.314437;0.322174;0.302736;0.321022;2108960;112357700;
22/8/2018;0.313597;0.348770;0.303965;0.314632;2623480;110121200;
21/8/2018;0.290898;0.334666;0.286131;0.311927;3836640;109174450;
20/8/2018;0.299123;0.305469;0.285545;0.287262;1424350;100541700;
19/8/2018;0.275555;0.311823;0.274852;0.302272;2567610;105795200;
18/8/2018;0.292455;0.297414;0.260974;0.273320;1755680;95662000;
17/8/2018;0.269883;0.294185;0.267399;0.291827;2160710;102139450;
16/8/2018;0.256857;0.279403;0.251698;0.268244;1733710;93885400;
15/8/2018;0.274795;0.279145;0.254971;0.257547;2353510;90141450;
14/8/2018;0.258216;0.272586;0.226687;0.271910;3309590;95168500;
13/8/2018;0.284198;0.298308;0.259292;0.259292;2741600;90752200;
12/8/2018;0.271578;0.288883;0.261435;0.283597;2512980;99258950;
11/8/2018;0.274466;0.281594;0.236959;0.270670;3237720;94734500;
10/8/2018;0.276216;0.312034;0.269657;0.274727;4713140;96154450;
9/8/2018;0.228182;0.300537;0.228182;0.276128;5960760;96644800;
8/8/2018;0.234336;0.236093;0.220033;0.228040;996081;79814000;
7/8/2018;0.234860;0.258017;0.232132;0.233997;1039530;81898950;
6/8/2018;0.254249;0.259318;0.233730;0.236471;723640;82764850;
5/8/2018;0.256847;0.257437;0.242065;0.253947;866923;88881450;
4/8/2018;0.285081;0.286994;0.249021;0.257989;1284510;90296150;
3/8/2018;0.310153;0.310153;0.274588;0.284746;1460180;99661100;
2/8/2018;0.288338;0.317333;0.288202;0.309580;1954190;108353000;
1/8/2018;0.297106;0.308805;0.269520;0.287280;1546730;100548000;
31/7/2018;0.313723;0.313723;0.264631;0.293934;2272300;102876900;
30/7/2018;0.329398;0.358734;0.288956;0.318274;3691130;111395900;
29/7/2018;0.281399;0.346813;0.276922;0.328679;5325900;115037650;
28/7/2018;0.266786;0.286774;0.253915;0.279981;1182800;97993350;
27/7/2018;0.252518;0.283349;0.246192;0.266840;2030030;93394000;
26/7/2018;0.245023;0.281131;0.243262;0.251831;2378590;88140850;
25/7/2018;0.200765;0.262498;0.197738;0.243708;4145790;85297800;
24/7/2018;0.195584;0.207308;0.183889;0.202624;1061290;70918400;
23/7/2018;0.202412;0.213927;0.196369;0.197050;751454;68967500;
22/7/2018;0.223471;0.223888;0.200987;0.201422;877479;70497700;
21/7/2018;0.217565;0.222991;0.199057;0.222991;987338;78046850;
20/7/2018;0.228497;0.235086;0.212104;0.216450;583083;75757500;
19/7/2018;0.242828;0.244187;0.225724;0.229673;684897;80385550;
18/7/2018;0.248726;0.255757;0.229915;0.239780;913101;83923000;
17/7/2018;0.222514;0.254341;0.218476;0.248674;849921;87035900;
16/7/2018;0.200191;0.223189;0.192503;0.222559;696931;77895650;
15/7/2018;0.195647;0.201663;0.189206;0.199310;398773;69758500;
14/7/2018;0.201004;0.203627;0.192787;0.194691;499009;68141850;
13/7/2018;0.204858;0.217063;0.199866;0.200695;776288;70243250;
12/7/2018;0.206945;0.211780;0.193267;0.204594;598761;71607900;
11/7/2018;0.210715;0.215486;0.202571;0.206735;531092;72357250;
10/7/2018;0.235123;0.236526;0.207929;0.211167;584208;73908450;
9/7/2018;0.247927;0.253253;0.234844;0.235216;575313;82325600;
8/7/2018;0.248090;0.252688;0.239516;0.246745;497111;86360750;
7/7/2018;0.231080;0.255759;0.230163;0.249942;1712400;87479700;
6/7/2018;0.218486;0.231747;0.215816;0.229949;458131;80482150;
5/7/2018;0.231130;0.241421;0.215229;0.218494;646977;76472900;
4/7/2018;0.235724;0.247761;0.230494;0.232286;617233;81300100;
3/7/2018;0.249639;0.260895;0.235103;0.236518;721174;82781300;
2/7/2018;0.222635;0.252846;0.212614;0.249000;832198;87150000;
1/7/2018;0.226203;0.230038;0.214822;0.221200;552528;77420000;
30/6/2018;0.180985;0.227225;0.180985;0.226619;1331670;79316650;
29/6/2018;0.166213;0.183460;0.162135;0.181072;435250;63375200;
28/6/2018;0.172153;0.175574;0.164628;0.166278;1015270;58197300;
27/6/2018;0.170717;0.175756;0.165746;0.171995;450340;60198250;
26/6/2018;0.179486;0.185113;0.170625;0.170771;466123;59769850;
25/6/2018;0.186768;0.189040;0.178558;0.179697;534090;62893950;
24/6/2018;0.193838;0.193838;0.169898;0.186944;486218;65430400;
23/6/2018;0.185813;0.197427;0.184344;0.193660;473507;67781000;
22/6/2018;0.212270;0.213048;0.176818;0.186089;976667;65131150;
21/6/2018;0.224460;0.234165;0.212161;0.212881;916385;74508350;
20/6/2018;0.222616;0.241406;0.211512;0.225581;1090550;78953350;
19/6/2018;0.209795;0.223699;0.209103;0.220765;636392;77267750;
18/6/2018;0.214128;0.219117;0.203779;0.210080;649237;73528000;
17/6/2018;0.222324;0.227596;0.210932;0.214002;659047;74900700;
16/6/2018;0.223513;0.231015;0.209285;0.222022;491185;77707700;
15/6/2018;0.239984;0.240677;0.222245;0.223557;420554;78244950;
14/6/2018;0.214586;0.246365;0.213462;0.239964;1224850;83987400;
13/6/2018;0.228528;0.231770;0.200626;0.214526;1545500;75084100;
12/6/2018;0.264913;0.269029;0.225996;0.228636;1093790;80022600;
11/6/2018;0.242126;0.264211;0.241323;0.262975;822274;92041250;
10/6/2018;0.296918;0.296918;0.238184;0.241828;1404290;84639800;
9/6/2018;0.295341;0.310230;0.290372;0.297624;980861;104168400;
8/6/2018;0.307156;0.320542;0.293531;0.293531;1653140;102735850;
7/6/2018;0.330176;0.334410;0.302987;0.306770;1534880;107369500;
6/6/2018;0.336001;0.344035;0.323187;0.329864;958238;115452400;
5/6/2018;0.339333;0.342375;0.321210;0.336191;1150320;117666850;
4/6/2018;0.360814;0.363464;0.330667;0.340509;1482450;119178150;
3/6/2018;0.368361;0.373085;0.360251;0.362294;1784810;126802900;
2/6/2018;0.351132;0.370455;0.346440;0.367310;1931240;128558500;
1/6/2018;0.344391;0.358604;0.340150;0.349503;1749230;122326050;
31/5/2018;0.336011;0.352050;0.331817;0.344773;1893860;120670550;
30/5/2018;0.351707;0.360788;0.332259;0.335834;1887930;117541900;
29/5/2018;0.316005;0.353393;0.307569;0.351257;2054720;122939950;
28/5/2018;0.345454;0.349226;0.312380;0.315850;1893850;110547500;
27/5/2018;0.364613;0.364613;0.339327;0.345249;1537460;120837150;
26/5/2018;0.342905;0.378707;0.341086;0.364620;2132460;127617000;
25/5/2018;0.361846;0.368043;0.337588;0.342848;884160;119996800;
24/5/2018;0.347501;0.364461;0.327020;0.360526;994366;126184100;
23/5/2018;0.376795;0.384650;0.325221;0.348690;1671040;122041500;
22/5/2018;0.424544;0.425094;0.375938;0.376997;1350350;131948950;
21/5/2018;0.453276;0.459815;0.422359;0.424356;1486740;148524600;
20/5/2018;0.454060;0.466800;0.447304;0.453171;1025440;158609850;
19/5/2018;0.456888;0.469481;0.446857;0.453086;1142290;158580100;
18/5/2018;0.443198;0.466155;0.431033;0.456841;1238790;159894350;
17/5/2018;0.480957;0.489524;0.439751;0.444447;1213040;155556450;
16/5/2018;0.504069;0.509343;0.473950;0.480891;2304810;168311850;
15/5/2018;0.517117;0.540287;0.502760;0.504004;4057270;176401400;
14/5/2018;0.503561;0.519388;0.467152;0.516912;7448630;180919200;
13/5/2018;0.463815;0.507848;0.461998;0.503457;7268850;176209950;
12/5/2018;0.465587;0.479527;0.435912;0.464764;5915750;162667400;
11/5/2018;0.528553;0.542279;0.463324;0.467844;7637640;163745400;
10/5/2018;0.540756;0.580562;0.526081;0.526373;8782470;184230550;
9/5/2018;0.553441;0.566589;0.518740;0.539512;8745840;188829200;
8/5/2018;0.575398;0.605246;0.550472;0.552857;11448600;193499950;
7/5/2018;0.539151;0.576308;0.517246;0.573018;11589100;200556300;
6/5/2018;0.569823;0.579571;0.515715;0.538399;10221100;188439650;
5/5/2018;0.582434;0.605718;0.568581;0.571535;8913690;200037250;
4/5/2018;0.568115;0.595175;0.545682;0.582583;9514950;203904050;
3/5/2018;0.566081;0.580635;0.553803;0.567669;12504300;198684150;
2/5/2018;0.548807;0.579055;0.542267;0.564701;12012700;197645350;
1/5/2018;0.546737;0.564090;0.513602;0.550401;11765500;192640350;
30/4/2018;0.518846;0.595504;0.501624;0.544691;16614200;190641850;
29/4/2018;0.484039;0.524225;0.484039;0.515714;13234600;180499900;
28/4/2018;0.452135;0.485825;0.448890;0.484476;11109500;169566600;
27/4/2018;0.490388;0.490388;0.452005;0.452005;9550110;158201750;
26/4/2018;0.437818;0.491522;0.427058;0.490148;9472480;171551800;
25/4/2018;0.533049;0.533049;0.420517;0.434367;11093000;152028450;
24/4/2018;0.492222;0.540175;0.492222;0.536824;14352600;187888400;
23/4/2018;0.499589;0.506020;0.491080;0.492385;13159300;172334750;
22/4/2018;0.491732;0.507285;0.484899;0.499311;12728200;174758850;
21/4/2018;0.482384;0.494580;0.437563;0.491349;13561900;171972150;
20/4/2018;0.483105;0.491307;0.463220;0.481416;12657700;168495600;
19/4/2018;0.446446;0.482795;0.445759;0.482795;12987800;168978250;
18/4/2018;0.418092;0.447514;0.418092;0.446290;11779200;156201500;
17/4/2018;0.409593;0.442639;0.407598;0.416794;11459000;145877900;
16/4/2018;0.424280;0.427754;0.395853;0.409538;9864350;143338300;
15/4/2018;0.394515;0.427119;0.394515;0.423946;10745200;148381100;
14/4/2018;0.380040;0.418225;0.374964;0.394007;9167990;137902450;
13/4/2018;0.387293;0.419498;0.374365;0.381543;11271600;133540050;
12/4/2018;0.358107;0.390432;0.339751;0.386811;11536600;135383850;
11/4/2018;0.356482;0.375550;0.352602;0.359287;10603500;125750450;
10/4/2018;0.318395;0.357976;0.313079;0.355836;9540080;124542600;
9/4/2018;0.328047;0.339652;0.300099;0.311528;9020550;109034800;
8/4/2018;0.306240;0.330459;0.300253;0.327094;10058800;114482900;
7/4/2018;0.275059;0.305454;0.275013;0.304124;8668510;106443400;
6/4/2018;0.285239;0.290033;0.270799;0.275062;7671220;96271700;
5/4/2018;0.289063;0.308896;0.272381;0.286925;9738160;100423750;
4/4/2018;0.295325;0.300448;0.269061;0.290161;8929810;101556350;
3/4/2018;0.273958;0.298269;0.269954;0.295473;8705370;103415550;
2/4/2018;0.262899;0.279084;0.259882;0.273684;7697230;95789400;
1/4/2018;0.280087;0.284584;0.244567;0.261580;7962260;91553000;
31/3/2018;0.286772;0.298324;0.278543;0.280171;7349410;98059850;
30/3/2018;0.280455;0.306109;0.268745;0.287494;7631570;100622900;
29/3/2018;0.352725;0.354318;0.275649;0.280161;8848710;98056350;
28/3/2018;0.343633;0.359677;0.336340;0.351367;8432800;122978450;
27/3/2018;0.371228;0.372369;0.337205;0.342625;6654480;119918750;
26/3/2018;0.405745;0.413622;0.346954;0.371496;9116330;130023600;
25/3/2018;0.410346;0.418074;0.393788;0.406105;8585700;142136750;
24/3/2018;0.414342;0.433272;0.401918;0.419085;8999810;146679750;
23/3/2018;0.419889;0.427333;0.379220;0.409140;9846940;143199000;
22/3/2018;0.444646;0.457575;0.390708;0.419292;10720800;146752200;
21/3/2018;0.392459;0.455803;0.390060;0.445421;12823600;155897350;
20/3/2018;0.387416;0.401789;0.361059;0.391713;8897510;137099550;
19/3/2018;0.371102;0.386310;0.353199;0.381644;8994920;133575400;
18/3/2018;0.372332;0.380326;0.284184;0.373338;9742300;130668300;
17/3/2018;0.423994;0.423994;0.366734;0.373861;9340520;130851350;
16/3/2018;0.417999;0.442162;0.416015;0.424420;10271100;148547000;
15/3/2018;0.442636;0.444595;0.396093;0.419737;8460960;146907950;
14/3/2018;0.566199;0.577406;0.431777;0.443609;5288160;155263150;
13/3/2018;0.507505;0.565642;0.504771;0.563841;4227540;197344350;
12/3/2018;0.510991;0.563421;0.496240;0.510198;5513180;178569300;
11/3/2018;0.465669;0.516688;0.446866;0.513524;2527380;179733400;
10/3/2018;0.478701;0.511314;0.466054;0.467710;2491710;163698500;
9/3/2018;0.485427;0.492362;0.431485;0.480877;3412130;168306950;
8/3/2018;0.517473;0.523540;0.461371;0.486422;3397200;170247700;
7/3/2018;0.533835;0.567519;0.455621;0.521148;5364650;182401800;
6/3/2018;0.583690;0.583690;0.529083;0.533870;3218950;186854500;
5/3/2018;0.594186;0.608093;0.576373;0.586738;4530590;205358300;
4/3/2018;0.629218;0.640109;0.574630;0.592818;4243320;207486300;
3/3/2018;0.652153;0.669431;0.615337;0.628706;3547810;220047100;
2/3/2018;0.661663;0.673799;0.646619;0.652742;3763040;228459700;
1/3/2018;0.662293;0.680856;0.649849;0.663065;3992240;232072750;
28/2/2018;0.724143;0.740327;0.661052;0.661447;4943770;231506450;
27/2/2018;0.691860;0.735180;0.676655;0.723957;5426840;253384950;
26/2/2018;0.672751;0.698348;0.641757;0.691446;4113690;242006100;
25/2/2018;0.646013;0.699827;0.636775;0.675715;5793540;236500250;
24/2/2018;0.676026;0.718403;0.618498;0.650958;5582380;227835300;
23/2/2018;0.601214;0.676693;0.572225;0.674791;6902820;236176850;
22/2/2018;0.654794;0.713841;0.584273;0.601923;5678200;210673050;
21/2/2018;0.695364;0.734271;0.623681;0.653669;7049450;228784150;
20/2/2018;0.771259;0.820339;0.698196;0.699926;11664800;244974100;
19/2/2018;0.760064;0.875907;0.710500;0.774362;29965000;271026700;
18/2/2018;0.676664;0.781357;0.587149;0.761761;15946800;266616350;
17/2/2018;0.644339;0.683901;0.636546;0.672487;8038940;235370450;
16/2/2018;0.561803;0.666601;0.557657;0.639628;9385160;223869800;
15/2/2018;0.568245;0.579358;0.529747;0.565251;7288970;197837850;
14/2/2018;0.564205;0.587916;0.532434;0.568253;11953100;198888550;
13/2/2018;0.488930;0.624750;0.482524;0.570759;30283200;199765650;
12/2/2018;0.417541;0.519708;0.414619;0.490282;7646360;171598700;
11/2/2018;0.419716;0.435649;0.378313;0.416157;2544010;145654950;
10/2/2018;0.435503;0.480114;0.400166;0.419874;3474900;146955900;
9/2/2018;0.412028;0.440020;0.391976;0.435194;3047610;152317900;
8/2/2018;0.375524;0.433127;0.375524;0.411080;5285960;143878000;
7/2/2018;0.425813;0.443644;0.373128;0.376771;5201810;131869850;
6/2/2018;0.343707;0.438514;0.272057;0.425248;6105750;148836800;
5/2/2018;0.430158;0.437098;0.307245;0.341506;4347320;119527100;
4/2/2018;0.518612;0.525754;0.403487;0.434371;5171480;152029850;
3/2/2018;0.500117;0.544792;0.453403;0.518558;5826330;181495300;
2/2/2018;0.518440;0.523837;0.351950;0.494574;7123780;173100900;
1/2/2018;0.619959;0.623401;0.480307;0.520347;6605630;182121450;
31/1/2018;0.598872;0.624020;0.565813;0.620146;6957010;217051100;
30/1/2018;0.700005;0.700005;0.562775;0.596778;5598540;208872300;
29/1/2018;0.756799;0.761525;0.685925;0.697712;5220320;244199200;
28/1/2018;0.789529;0.855933;0.751998;0.760601;9034380;266210350;
27/1/2018;0.710961;0.846373;0.689705;0.780675;14915400;273236250;
26/1/2018;0.756811;0.787677;0.678423;0.709853;5618280;248448550;
25/1/2018;0.800383;0.832663;0.720689;0.760437;6271900;266152950;
24/1/2018;0.798848;0.834116;0.766961;0.792863;6451640;277502050;
23/1/2018;0.802235;0.862839;0.718654;0.801917;7552930;280670950;
22/1/2018;0.905794;1.02;0.734843;0.802858;12408600;281000300;
21/1/2018;1.20;1.20;0.840487;0.887828;22703900;310739800;
20/1/2018;0.820674;1.22;0.805499;1.22;13848900;426755000;
19/1/2018;0.739170;0.908227;0.703131;0.812905;7383730;284516750;
18/1/2018;0.702454;0.819820;0.691333;0.744230;5953820;260480500;
17/1/2018;0.751847;0.768202;0.479321;0.698634;7658770;244521900;
16/1/2018;0.881772;0.881772;0.524756;0.756453;8988860;264758550;
15/1/2018;1.01;1.04;0.848422;0.877688;8351260;307190800;
14/1/2018;1.11;1.15;0.941085;1.01;5844480;353794000;
13/1/2018;1.05;1.28;1.05;1.10;12319900;385430500;
12/1/2018;1.03;1.14;0.989549;1.05;9231200;368046000;
11/1/2018;1.18;1.29;0.972191;1.01;10009300;353615500;
10/1/2018;1.24;1.26;1.09;1.19;11260700;416048500;
9/1/2018;1.38;1.42;1.18;1.23;14301200;429898000;
8/1/2018;1.27;1.44;1.05;1.38;25545400;482055000;
7/1/2018;1.09;1.32;1.01;1.27;23308800;444661000;
6/1/2018;0.964796;1.19;0.938462;1.06;16319300;372249500;
5/1/2018;0.958734;1.26;0.851669;0.907486;23599300;317620100;
4/1/2018;0.680094;1.02;0.680094;0.984368;24679000;344528800;
3/1/2018;0.669799;0.704250;0.629135;0.681167;8620400;238408450;
2/1/2018;0.729082;0.764335;0.585715;0.673712;12671100;235799200;
1/1/2018;0.600415;0.736103;0.574218;0.733563;11506300;256747050;
31/12/2017;0.558809;0.613538;0.524516;0.601552;9962080;210543200;
30/12/2017;0.488004;0.586128;0.433333;0.586128;9126190;205144800;
29/12/2017;0.508161;0.518447;0.461160;0.486348;5757530;170221800;
28/12/2017;0.502782;0.513637;0.436507;0.506697;5458410;177343950;
27/12/2017;0.515710;0.530669;0.460536;0.505501;6065390;176925350;
26/12/2017;0.506289;0.549637;0.435954;0.521421;10452900;182497350;
25/12/2017;0.549337;0.584542;0.488990;0.501933;7740550;175676550;
24/12/2017;0.584562;0.604374;0.443830;0.544162;15183200;190456700;
23/12/2017;0.439272;0.723386;0.439272;0.577680;24055000;202188000;
22/12/2017;0.427648;0.456331;0.283609;0.426878;14979800;149407300;
21/12/2017;0.378562;0.466434;0.368811;0.424287;12030600;148500450;
20/12/2017;0.438729;0.438729;0.352756;0.372796;10481200;130478600;
19/12/2017;0.431075;0.508603;0.415128;0.439356;13254800;153774600;
18/12/2017;0.418269;0.434907;0.362783;0.434907;18220400;152217450;
17/12/2017;0.341848;0.444421;0.339906;0.417596;20035600;146158600;
16/12/2017;0.318199;0.352860;0.293005;0.341393;13859700;119487550;
15/12/2017;0.312604;0.354452;0.258224;0.320793;13211800;112277550;
14/12/2017;0.261320;0.366843;0.253102;0.308503;16021700;107976050;
13/12/2017;0.231428;0.288013;0.224191;0.261878;10439800;91657300;
12/12/2017;0.254114;0.270264;0.209596;0.231424;10320200;80998400;
11/12/2017;0.255079;0.287951;0.245527;0.260592;7534170;91207200;
10/12/2017;0.241055;0.267001;0.215909;0.252898;3142570;88514300;
9/12/2017;0.244985;0.267705;0.226415;0.238859;3173600;83600650;
8/12/2017;0.260004;0.273486;0.211824;0.245226;4528570;85829100;
7/12/2017;0.283690;0.308353;0.235807;0.260064;6697780;91022400;
6/12/2017;0.312358;0.353649;0.267842;0.291570;12387900;102049500;
5/12/2017;0.229270;0.313877;0.221351;0.313877;12459200;109856950;
4/12/2017;0.232595;0.253270;0.206793;0.229581;6981590;80353350;
3/12/2017;0.207998;0.255528;0.193607;0.230629;8765840;80720150;
2/12/2017;0.177941;0.222175;0.167361;0.207898;7396790;72764300;
1/12/2017;0.169528;0.179564;0.161270;0.177823;4352980;62238050;
30/11/2017;0.147360;0.176797;0.142163;0.170461;4621870;59661350;
29/11/2017;0.176567;0.182296;0.137963;0.145255;5052720;50839250;
28/11/2017;0.186821;0.192135;0.175586;0.176424;5251760;61748400;
27/11/2017;0.182888;0.185542;0.171907;0.184168;4242550;64458800;
26/11/2017;0.183492;0.185923;0.170017;0.182888;1860700;64010800;
25/11/2017;0.192811;0.193242;0.174594;0.180959;2292830;63335650;
24/11/2017;0.165317;0.193379;0.155927;0.192921;3763260;67522350;
23/11/2017;0.169655;0.190338;0.157085;0.164384;3325760;57534400;
22/11/2017;0.156980;0.174569;0.150318;0.168515;2709660;58980250;
21/11/2017;0.163476;0.168005;0.153796;0.154972;1952710;54240200;
20/11/2017;0.162366;0.166283;0.156672;0.162183;1916880;56764050;
19/11/2017;0.170798;0.173812;0.157416;0.162354;1646620;56823900;
18/11/2017;0.155009;0.177912;0.150702;0.170872;1948470;59805200;
17/11/2017;0.169455;0.171535;0.152477;0.159649;2547360;55877150;
16/11/2017;0.187482;0.188444;0.164531;0.169761;1766160;59416350;
15/11/2017;0.187613;0.193513;0.176030;0.186138;1689780;65148300;
14/11/2017;0.184815;0.199968;0.170400;0.188114;2203410;65839900;
13/11/2017;0.169117;0.205014;0.168743;0.183071;2992650;64074850;
12/11/2017;0.179667;0.198376;0.145948;0.170898;5455200;59814300;
11/11/2017;0.186398;0.197687;0.166026;0.179770;2238980;62919500;
10/11/2017;0.224700;0.231280;0.180161;0.187602;2125460;65660700;
9/11/2017;0.216713;0.248233;0.195411;0.223969;3347920;78389150;
8/11/2017;0.177328;0.258522;0.171102;0.213909;5493180;74868150;
7/11/2017;0.167836;0.177565;0.162294;0.177539;1267510;62138650;
6/11/2017;0.173370;0.173470;0.156914;0.167456;1599470;58609600;
5/11/2017;0.176922;0.182497;0.169625;0.172059;1080670;60220650;
4/11/2017;0.170295;0.185698;0.162385;0.177603;1757130;62161050;
3/11/2017;0.161143;0.188294;0.158104;0.171798;2411460;60129300;
2/11/2017;0.156799;0.194406;0.138434;0.167427;3643740;58599450;
1/11/2017;0.190372;0.190372;0.155311;0.157611;3130450;55163850;
31/10/2017;0.211457;0.221311;0.184711;0.193912;2251570;67869200;
30/10/2017;0.199246;0.210863;0.195898;0.209849;1492410;73447150;
29/10/2017;0.205613;0.218749;0.182713;0.198876;2352990;69606600;
28/10/2017;0.224610;0.227004;0.199226;0.206531;1522820;72285850;
27/10/2017;0.227601;0.235078;0.219734;0.224644;1419580;78625400;
26/10/2017;0.254033;0.254033;0.224187;0.227041;1681240;79464350;
25/10/2017;0.255253;0.257736;0.235772;0.254435;2161880;89052250;
24/10/2017;0.244765;0.294806;0.236123;0.254453;3665750;89058550;
23/10/2017;0.263856;0.276816;0.228412;0.248675;2972470;87036250;
22/10/2017;0.258186;0.285979;0.249826;0.264695;4038780;92643250;
21/10/2017;0.223434;0.266299;0.203227;0.252681;5154740;88438350;
20/10/2017;0.298908;0.323952;0.216270;0.223874;7715660;78355900;
19/10/2017;0.367808;0.377265;0.293921;0.300000;5812480;105000000;
18/10/2017;0.402731;0.402731;0.325790;0.366229;5336930;128180150;
17/10/2017;0.422383;0.422383;0.359183;0.400848;6321060;140296800;
16/10/2017;0.415525;0.527722;0.389498;0.423807;12123000;148332450;
15/10/2017;0.391134;0.423696;0.370720;0.413516;5135330;144730600;
14/10/2017;0.434848;0.459368;0.389206;0.391860;4219350;137151000;
13/10/2017;0.441636;0.473790;0.414082;0.434603;7521630;152111050;
12/10/2017;0.452886;0.475765;0.423021;0.444011;8959280;155403850;
11/10/2017;0.416346;0.454111;0.408787;0.450463;5477860;157662050;
10/10/2017;0.380399;0.433060;0.360251;0.407469;7138890;142614150;
9/10/2017;0.404506;0.439560;0.357163;0.380589;6781680;133206150;
8/10/2017;0.462486;0.473417;0.358079;0.397137;7203350;138997950;
7/10/2017;0.472246;0.476171;0.423777;0.463657;7408570;162279950;
6/10/2017;0.406319;0.485050;0.404342;0.475765;12167500;166517750;
5/10/2017;0.397030;0.417906;0.378043;0.406538;6291110;142288300;
4/10/2017;0.343186;0.398695;0.336883;0.397361;7604930;139076350;
3/10/2017;0.367254;0.367254;0.295817;0.345535;8211990;120937250;
2/10/2017;0.437667;0.440264;0.356767;0.356767;7101340;124868450;
1/10/2017;0.451547;0.451884;0.382034;0.436647;10005100;152826450;
30/9/2017;0.312497;0.472558;0.300089;0.451364;23440700;157977400;
29/9/2017;0.245437;0.334931;0.214421;0.308440;8896430;107954000;
28/9/2017;0.193377;0.283820;0.191310;0.243795;8113680;85328250;
27/9/2017;0.194737;0.206099;0.194253;0.194586;1097010;68105100;
26/9/2017;0.182039;0.223162;0.182039;0.194958;1319050;68235300;
25/9/2017;0.170636;0.182637;0.158580;0.182198;1021370;63769300;
24/9/2017;0.131110;0.190250;0.130275;0.170278;1025740;59597300;
23/9/2017;0.149562;0.157440;0.126297;0.131129;1186670;45895150;
22/9/2017;0.169826;0.181675;0.139869;0.150503;1423220;52676050;
21/9/2017;0.189132;0.207892;0.155292;0.169680;2126270;59388000;
20/9/2017;0.156494;0.189448;0.152489;0.189165;2718640;66207750;
